[0.084s] Invoking command in '/home/ziad/ziad_ws/ROS2/work_space/build/yahboom_rosmaster_gazebo': CMAKE_PREFIX_PATH=${CMAKE_PREFIX_PATH}:/home/ziad/ziad_ws/ROS2/turtlebot3_ws/install/turtlebot3_teleop:/home/ziad/ziad_ws/ROS2/turtlebot3_ws/install/turtlebot3_example:/opt/ros/jazzy DEBUGINFOD_URLS=https://debuginfod.ubuntu.com /usr/bin/cmake --build /home/ziad/ziad_ws/ROS2/work_space/build/yahboom_rosmaster_gazebo -- -j4 -l4
[0.254s] Invoked command in '/home/ziad/ziad_ws/ROS2/work_space/build/yahboom_rosmaster_gazebo' returned '0': CMAKE_PREFIX_PATH=${CMAKE_PREFIX_PATH}:/home/ziad/ziad_ws/ROS2/turtlebot3_ws/install/turtlebot3_teleop:/home/ziad/ziad_ws/ROS2/turtlebot3_ws/install/turtlebot3_example:/opt/ros/jazzy DEBUGINFOD_URLS=https://debuginfod.ubuntu.com /usr/bin/cmake --build /home/ziad/ziad_ws/ROS2/work_space/build/yahboom_rosmaster_gazebo -- -j4 -l4
[0.260s] Invoking command in '/home/ziad/ziad_ws/ROS2/work_space/build/yahboom_rosmaster_gazebo': CMAKE_PREFIX_PATH=${CMAKE_PREFIX_PATH}:/home/ziad/ziad_ws/ROS2/turtlebot3_ws/install/turtlebot3_teleop:/home/ziad/ziad_ws/ROS2/turtlebot3_ws/install/turtlebot3_example:/opt/ros/jazzy DEBUGINFOD_URLS=https://debuginfod.ubuntu.com /usr/bin/cmake --install /home/ziad/ziad_ws/ROS2/work_space/build/yahboom_rosmaster_gazebo
[0.285s] -- Install configuration: ""
[0.286s] -- Execute custom install script
[0.286s] -- Up-to-date symlink: /home/ziad/ziad_ws/ROS2/work_space/install/yahboom_rosmaster_gazebo/share/yahboom_rosmaster_gazebo/config/ros_gz_bridge.yaml
[0.287s] -- Up-to-date symlink: /home/ziad/ziad_ws/ROS2/work_space/install/yahboom_rosmaster_gazebo/share/yahboom_rosmaster_gazebo/launch/yahboom_rosmaster.gazebo.launch.py
[0.434s] -- Up-to-date symlink: /home/ziad/ziad_ws/ROS2/work_space/install/yahboom_rosmaster_gazebo/share/yahboom_rosmaster_gazebo/models/Apriltag36_11_00000/materials/textures/tag36_11_00000.png
[0.434s] -- Up-to-date symlink: /home/ziad/ziad_ws/ROS2/work_space/install/yahboom_rosmaster_gazebo/share/yahboom_rosmaster_gazebo/models/Apriltag36_11_00000/meshes/tag36_11_00000.dae
[0.435s] -- Up-to-date symlink: /home/ziad/ziad_ws/ROS2/work_space/install/yahboom_rosmaster_gazebo/share/yahboom_rosmaster_gazebo/models/Apriltag36_11_00000/model.config
[0.435s] -- Up-to-date symlink: /home/ziad/ziad_ws/ROS2/work_space/install/yahboom_rosmaster_gazebo/share/yahboom_rosmaster_gazebo/models/Apriltag36_11_00000/model.sdf
[0.437s] -- Up-to-date symlink: /home/ziad/ziad_ws/ROS2/work_space/install/yahboom_rosmaster_gazebo/share/yahboom_rosmaster_gazebo/models/aws_robomaker_residential_AirconditionerA_01/materials/textures/aws_AirconditionerA_01.png
[0.441s] -- Up-to-date symlink: /home/ziad/ziad_ws/ROS2/work_space/install/yahboom_rosmaster_gazebo/share/yahboom_rosmaster_gazebo/models/aws_robomaker_residential_AirconditionerA_01/meshes/aws_AirconditionerA_01_collision.DAE
[0.442s] -- Up-to-date symlink: /home/ziad/ziad_ws/ROS2/work_space/install/yahboom_rosmaster_gazebo/share/yahboom_rosmaster_gazebo/models/aws_robomaker_residential_AirconditionerA_01/meshes/aws_AirconditionerA_01_visual.DAE
[0.442s] -- Up-to-date symlink: /home/ziad/ziad_ws/ROS2/work_space/install/yahboom_rosmaster_gazebo/share/yahboom_rosmaster_gazebo/models/aws_robomaker_residential_AirconditionerA_01/model.config
[0.443s] -- Up-to-date symlink: /home/ziad/ziad_ws/ROS2/work_space/install/yahboom_rosmaster_gazebo/share/yahboom_rosmaster_gazebo/models/aws_robomaker_residential_AirconditionerA_01/model.sdf
[0.444s] -- Up-to-date symlink: /home/ziad/ziad_ws/ROS2/work_space/install/yahboom_rosmaster_gazebo/share/yahboom_rosmaster_gazebo/models/aws_robomaker_residential_AirconditionerB_01/materials/textures/aws_AirconditionerB_01.png
[0.446s] -- Up-to-date symlink: /home/ziad/ziad_ws/ROS2/work_space/install/yahboom_rosmaster_gazebo/share/yahboom_rosmaster_gazebo/models/aws_robomaker_residential_AirconditionerB_01/meshes/aws_AirconditionerB_01_collision.DAE
[0.446s] -- Up-to-date symlink: /home/ziad/ziad_ws/ROS2/work_space/install/yahboom_rosmaster_gazebo/share/yahboom_rosmaster_gazebo/models/aws_robomaker_residential_AirconditionerB_01/meshes/aws_AirconditionerB_01_visual.DAE
[0.447s] -- Up-to-date symlink: /home/ziad/ziad_ws/ROS2/work_space/install/yahboom_rosmaster_gazebo/share/yahboom_rosmaster_gazebo/models/aws_robomaker_residential_AirconditionerB_01/model.config
[0.447s] -- Up-to-date symlink: /home/ziad/ziad_ws/ROS2/work_space/install/yahboom_rosmaster_gazebo/share/yahboom_rosmaster_gazebo/models/aws_robomaker_residential_AirconditionerB_01/model.sdf
[0.448s] -- Up-to-date symlink: /home/ziad/ziad_ws/ROS2/work_space/install/yahboom_rosmaster_gazebo/share/yahboom_rosmaster_gazebo/models/aws_robomaker_residential_BalconyTable_01/materials/textures/aws_BalconyTable_01.png
[0.449s] -- Up-to-date symlink: /home/ziad/ziad_ws/ROS2/work_space/install/yahboom_rosmaster_gazebo/share/yahboom_rosmaster_gazebo/models/aws_robomaker_residential_BalconyTable_01/meshes/aws_BalconyTable_01_collision.DAE
[0.451s] -- Up-to-date symlink: /home/ziad/ziad_ws/ROS2/work_space/install/yahboom_rosmaster_gazebo/share/yahboom_rosmaster_gazebo/models/aws_robomaker_residential_BalconyTable_01/meshes/aws_BalconyTable_01_visual.DAE
[0.453s] -- Up-to-date symlink: /home/ziad/ziad_ws/ROS2/work_space/install/yahboom_rosmaster_gazebo/share/yahboom_rosmaster_gazebo/models/aws_robomaker_residential_BalconyTable_01/model.config
[0.456s] -- Up-to-date symlink: /home/ziad/ziad_ws/ROS2/work_space/install/yahboom_rosmaster_gazebo/share/yahboom_rosmaster_gazebo/models/aws_robomaker_residential_BalconyTable_01/model.sdf
[0.456s] -- Up-to-date symlink: /home/ziad/ziad_ws/ROS2/work_space/install/yahboom_rosmaster_gazebo/share/yahboom_rosmaster_gazebo/models/aws_robomaker_residential_Ball_01/materials/textures/aws_Ball_01.png
[0.456s] -- Up-to-date symlink: /home/ziad/ziad_ws/ROS2/work_space/install/yahboom_rosmaster_gazebo/share/yahboom_rosmaster_gazebo/models/aws_robomaker_residential_Ball_01/meshes/aws_Ball_01_collision.DAE
[0.458s] -- Up-to-date symlink: /home/ziad/ziad_ws/ROS2/work_space/install/yahboom_rosmaster_gazebo/share/yahboom_rosmaster_gazebo/models/aws_robomaker_residential_Ball_01/meshes/aws_Ball_01_visual.DAE
[0.459s] -- Up-to-date symlink: /home/ziad/ziad_ws/ROS2/work_space/install/yahboom_rosmaster_gazebo/share/yahboom_rosmaster_gazebo/models/aws_robomaker_residential_Ball_01/model.config
[0.459s] -- Up-to-date symlink: /home/ziad/ziad_ws/ROS2/work_space/install/yahboom_rosmaster_gazebo/share/yahboom_rosmaster_gazebo/models/aws_robomaker_residential_Ball_01/model.sdf
[0.460s] -- Up-to-date symlink: /home/ziad/ziad_ws/ROS2/work_space/install/yahboom_rosmaster_gazebo/share/yahboom_rosmaster_gazebo/models/aws_robomaker_residential_Bed_01/materials/textures/aws_BedA_01.png
[0.465s] -- Up-to-date symlink: /home/ziad/ziad_ws/ROS2/work_space/install/yahboom_rosmaster_gazebo/share/yahboom_rosmaster_gazebo/models/aws_robomaker_residential_Bed_01/materials/textures/aws_BedB_01.png
[0.465s] -- Up-to-date symlink: /home/ziad/ziad_ws/ROS2/work_space/install/yahboom_rosmaster_gazebo/share/yahboom_rosmaster_gazebo/models/aws_robomaker_residential_Bed_01/materials/textures/aws_BedC_01.png
[0.466s] -- Up-to-date symlink: /home/ziad/ziad_ws/ROS2/work_space/install/yahboom_rosmaster_gazebo/share/yahboom_rosmaster_gazebo/models/aws_robomaker_residential_Bed_01/materials/textures/aws_Bed_01.png
[0.466s] -- Up-to-date symlink: /home/ziad/ziad_ws/ROS2/work_space/install/yahboom_rosmaster_gazebo/share/yahboom_rosmaster_gazebo/models/aws_robomaker_residential_Bed_01/meshes/aws_Bed_01_collision.DAE
[0.467s] -- Up-to-date symlink: /home/ziad/ziad_ws/ROS2/work_space/install/yahboom_rosmaster_gazebo/share/yahboom_rosmaster_gazebo/models/aws_robomaker_residential_Bed_01/meshes/aws_Bed_01_visual.DAE
[0.467s] -- Up-to-date symlink: /home/ziad/ziad_ws/ROS2/work_space/install/yahboom_rosmaster_gazebo/share/yahboom_rosmaster_gazebo/models/aws_robomaker_residential_Bed_01/model.config
[0.467s] -- Up-to-date symlink: /home/ziad/ziad_ws/ROS2/work_space/install/yahboom_rosmaster_gazebo/share/yahboom_rosmaster_gazebo/models/aws_robomaker_residential_Bed_01/model.sdf
[0.469s] -- Up-to-date symlink: /home/ziad/ziad_ws/ROS2/work_space/install/yahboom_rosmaster_gazebo/share/yahboom_rosmaster_gazebo/models/aws_robomaker_residential_Board_01/materials/textures/aws_Board_01.png
[0.471s] -- Up-to-date symlink: /home/ziad/ziad_ws/ROS2/work_space/install/yahboom_rosmaster_gazebo/share/yahboom_rosmaster_gazebo/models/aws_robomaker_residential_Board_01/meshes/aws_Board_01_collision.DAE
[0.473s] -- Up-to-date symlink: /home/ziad/ziad_ws/ROS2/work_space/install/yahboom_rosmaster_gazebo/share/yahboom_rosmaster_gazebo/models/aws_robomaker_residential_Board_01/meshes/aws_Board_01_visual.DAE
[0.474s] -- Up-to-date symlink: /home/ziad/ziad_ws/ROS2/work_space/install/yahboom_rosmaster_gazebo/share/yahboom_rosmaster_gazebo/models/aws_robomaker_residential_Board_01/model.config
[0.476s] -- Up-to-date symlink: /home/ziad/ziad_ws/ROS2/work_space/install/yahboom_rosmaster_gazebo/share/yahboom_rosmaster_gazebo/models/aws_robomaker_residential_Board_01/model.sdf
[0.479s] -- Up-to-date symlink: /home/ziad/ziad_ws/ROS2/work_space/install/yahboom_rosmaster_gazebo/share/yahboom_rosmaster_gazebo/models/aws_robomaker_residential_Carpet_01/materials/textures/aws_Carpet_01.png
[0.481s] -- Up-to-date symlink: /home/ziad/ziad_ws/ROS2/work_space/install/yahboom_rosmaster_gazebo/share/yahboom_rosmaster_gazebo/models/aws_robomaker_residential_Carpet_01/meshes/aws_Carpet_01_collision.DAE
[0.481s] -- Up-to-date symlink: /home/ziad/ziad_ws/ROS2/work_space/install/yahboom_rosmaster_gazebo/share/yahboom_rosmaster_gazebo/models/aws_robomaker_residential_Carpet_01/meshes/aws_Carpet_01_visual.DAE
[0.482s] -- Up-to-date symlink: /home/ziad/ziad_ws/ROS2/work_space/install/yahboom_rosmaster_gazebo/share/yahboom_rosmaster_gazebo/models/aws_robomaker_residential_Carpet_01/model.config
[0.482s] -- Up-to-date symlink: /home/ziad/ziad_ws/ROS2/work_space/install/yahboom_rosmaster_gazebo/share/yahboom_rosmaster_gazebo/models/aws_robomaker_residential_Carpet_01/model.sdf
[0.486s] -- Up-to-date symlink: /home/ziad/ziad_ws/ROS2/work_space/install/yahboom_rosmaster_gazebo/share/yahboom_rosmaster_gazebo/models/aws_robomaker_residential_ChairA_01/materials/textures/aws_ChairA_01.png
[0.494s] -- Up-to-date symlink: /home/ziad/ziad_ws/ROS2/work_space/install/yahboom_rosmaster_gazebo/share/yahboom_rosmaster_gazebo/models/aws_robomaker_residential_ChairA_01/meshes/aws_ChairA_01_collision.DAE
[0.494s] -- Up-to-date symlink: /home/ziad/ziad_ws/ROS2/work_space/install/yahboom_rosmaster_gazebo/share/yahboom_rosmaster_gazebo/models/aws_robomaker_residential_ChairA_01/meshes/aws_ChairA_01_visual.DAE
[0.494s] -- Up-to-date symlink: /home/ziad/ziad_ws/ROS2/work_space/install/yahboom_rosmaster_gazebo/share/yahboom_rosmaster_gazebo/models/aws_robomaker_residential_ChairA_01/model.config
[0.496s] -- Up-to-date symlink: /home/ziad/ziad_ws/ROS2/work_space/install/yahboom_rosmaster_gazebo/share/yahboom_rosmaster_gazebo/models/aws_robomaker_residential_ChairA_01/model.sdf
[0.498s] -- Up-to-date symlink: /home/ziad/ziad_ws/ROS2/work_space/install/yahboom_rosmaster_gazebo/share/yahboom_rosmaster_gazebo/models/aws_robomaker_residential_ChairD_01/materials/textures/aws_ChairD_01.png
[0.500s] -- Up-to-date symlink: /home/ziad/ziad_ws/ROS2/work_space/install/yahboom_rosmaster_gazebo/share/yahboom_rosmaster_gazebo/models/aws_robomaker_residential_ChairD_01/meshes/aws_ChairD_01_collision.DAE
[0.500s] -- Up-to-date symlink: /home/ziad/ziad_ws/ROS2/work_space/install/yahboom_rosmaster_gazebo/share/yahboom_rosmaster_gazebo/models/aws_robomaker_residential_ChairD_01/meshes/aws_ChairD_01_visual.DAE
[0.501s] -- Up-to-date symlink: /home/ziad/ziad_ws/ROS2/work_space/install/yahboom_rosmaster_gazebo/share/yahboom_rosmaster_gazebo/models/aws_robomaker_residential_ChairD_01/model.config
[0.502s] -- Up-to-date symlink: /home/ziad/ziad_ws/ROS2/work_space/install/yahboom_rosmaster_gazebo/share/yahboom_rosmaster_gazebo/models/aws_robomaker_residential_ChairD_01/model.sdf
[0.505s] -- Up-to-date symlink: /home/ziad/ziad_ws/ROS2/work_space/install/yahboom_rosmaster_gazebo/share/yahboom_rosmaster_gazebo/models/aws_robomaker_residential_Chandelier_01/materials/textures/aws_Chandelier_01.png
[0.509s] -- Up-to-date symlink: /home/ziad/ziad_ws/ROS2/work_space/install/yahboom_rosmaster_gazebo/share/yahboom_rosmaster_gazebo/models/aws_robomaker_residential_Chandelier_01/meshes/aws_Chandelier_01.DAE
[0.509s] -- Up-to-date symlink: /home/ziad/ziad_ws/ROS2/work_space/install/yahboom_rosmaster_gazebo/share/yahboom_rosmaster_gazebo/models/aws_robomaker_residential_Chandelier_01/meshes/aws_Chandelier_01_collision.DAE
[0.509s] -- Up-to-date symlink: /home/ziad/ziad_ws/ROS2/work_space/install/yahboom_rosmaster_gazebo/share/yahboom_rosmaster_gazebo/models/aws_robomaker_residential_Chandelier_01/meshes/aws_Chandelier_01_visual.DAE
[0.511s] -- Up-to-date symlink: /home/ziad/ziad_ws/ROS2/work_space/install/yahboom_rosmaster_gazebo/share/yahboom_rosmaster_gazebo/models/aws_robomaker_residential_Chandelier_01/model.config
[0.513s] -- Up-to-date symlink: /home/ziad/ziad_ws/ROS2/work_space/install/yahboom_rosmaster_gazebo/share/yahboom_rosmaster_gazebo/models/aws_robomaker_residential_Chandelier_01/model.sdf
[0.514s] -- Up-to-date symlink: /home/ziad/ziad_ws/ROS2/work_space/install/yahboom_rosmaster_gazebo/share/yahboom_rosmaster_gazebo/models/aws_robomaker_residential_CoffeeTable_01/materials/textures/aws_CoffeeTable_01.png
[0.515s] -- Up-to-date symlink: /home/ziad/ziad_ws/ROS2/work_space/install/yahboom_rosmaster_gazebo/share/yahboom_rosmaster_gazebo/models/aws_robomaker_residential_CoffeeTable_01/meshes/aws_CoffeeTable_01_collision.DAE
[0.517s] -- Up-to-date symlink: /home/ziad/ziad_ws/ROS2/work_space/install/yahboom_rosmaster_gazebo/share/yahboom_rosmaster_gazebo/models/aws_robomaker_residential_CoffeeTable_01/meshes/aws_CoffeeTable_01_visual.DAE
[0.518s] -- Up-to-date symlink: /home/ziad/ziad_ws/ROS2/work_space/install/yahboom_rosmaster_gazebo/share/yahboom_rosmaster_gazebo/models/aws_robomaker_residential_CoffeeTable_01/model.config
[0.518s] -- Up-to-date symlink: /home/ziad/ziad_ws/ROS2/work_space/install/yahboom_rosmaster_gazebo/share/yahboom_rosmaster_gazebo/models/aws_robomaker_residential_CoffeeTable_01/model.sdf
[0.519s] -- Up-to-date symlink: /home/ziad/ziad_ws/ROS2/work_space/install/yahboom_rosmaster_gazebo/share/yahboom_rosmaster_gazebo/models/aws_robomaker_residential_CookingBench_01/materials/textures/aws_CookingBench_01.png
[0.520s] -- Up-to-date symlink: /home/ziad/ziad_ws/ROS2/work_space/install/yahboom_rosmaster_gazebo/share/yahboom_rosmaster_gazebo/models/aws_robomaker_residential_CookingBench_01/meshes/aws_CookingBench_01.DAE
[0.521s] -- Up-to-date symlink: /home/ziad/ziad_ws/ROS2/work_space/install/yahboom_rosmaster_gazebo/share/yahboom_rosmaster_gazebo/models/aws_robomaker_residential_CookingBench_01/meshes/aws_CookingBench_01_collision.DAE
[0.523s] -- Up-to-date symlink: /home/ziad/ziad_ws/ROS2/work_space/install/yahboom_rosmaster_gazebo/share/yahboom_rosmaster_gazebo/models/aws_robomaker_residential_CookingBench_01/meshes/aws_CookingBench_01_visual.DAE
[0.525s] -- Up-to-date symlink: /home/ziad/ziad_ws/ROS2/work_space/install/yahboom_rosmaster_gazebo/share/yahboom_rosmaster_gazebo/models/aws_robomaker_residential_CookingBench_01/model.config
[0.529s] -- Up-to-date symlink: /home/ziad/ziad_ws/ROS2/work_space/install/yahboom_rosmaster_gazebo/share/yahboom_rosmaster_gazebo/models/aws_robomaker_residential_CookingBench_01/model.sdf
[0.529s] -- Up-to-date symlink: /home/ziad/ziad_ws/ROS2/work_space/install/yahboom_rosmaster_gazebo/share/yahboom_rosmaster_gazebo/models/aws_robomaker_residential_Curtain_01/materials/textures/aws_Curtain_01.png
[0.531s] -- Up-to-date symlink: /home/ziad/ziad_ws/ROS2/work_space/install/yahboom_rosmaster_gazebo/share/yahboom_rosmaster_gazebo/models/aws_robomaker_residential_Curtain_01/meshes/aws_Curtain_01_collision.DAE
[0.532s] -- Up-to-date symlink: /home/ziad/ziad_ws/ROS2/work_space/install/yahboom_rosmaster_gazebo/share/yahboom_rosmaster_gazebo/models/aws_robomaker_residential_Curtain_01/meshes/aws_Curtain_01_visual.DAE
[0.535s] -- Up-to-date symlink: /home/ziad/ziad_ws/ROS2/work_space/install/yahboom_rosmaster_gazebo/share/yahboom_rosmaster_gazebo/models/aws_robomaker_residential_Curtain_01/model.config
[0.537s] -- Up-to-date symlink: /home/ziad/ziad_ws/ROS2/work_space/install/yahboom_rosmaster_gazebo/share/yahboom_rosmaster_gazebo/models/aws_robomaker_residential_Curtain_01/model.sdf
[0.538s] -- Up-to-date symlink: /home/ziad/ziad_ws/ROS2/work_space/install/yahboom_rosmaster_gazebo/share/yahboom_rosmaster_gazebo/models/aws_robomaker_residential_DeskPortraitA_01/materials/textures/DeskPortraitA_01.jpg
[0.540s] -- Up-to-date symlink: /home/ziad/ziad_ws/ROS2/work_space/install/yahboom_rosmaster_gazebo/share/yahboom_rosmaster_gazebo/models/aws_robomaker_residential_DeskPortraitA_01/materials/textures/aws_DeskPortraitA_01.png
[0.543s] -- Up-to-date symlink: /home/ziad/ziad_ws/ROS2/work_space/install/yahboom_rosmaster_gazebo/share/yahboom_rosmaster_gazebo/models/aws_robomaker_residential_DeskPortraitA_01/materials/textures/aws_DeskPortraitA_02.png
[0.543s] -- Up-to-date symlink: /home/ziad/ziad_ws/ROS2/work_space/install/yahboom_rosmaster_gazebo/share/yahboom_rosmaster_gazebo/models/aws_robomaker_residential_DeskPortraitA_01/meshes/aws_DeskPortraitA_01_collision.DAE
[0.544s] -- Up-to-date symlink: /home/ziad/ziad_ws/ROS2/work_space/install/yahboom_rosmaster_gazebo/share/yahboom_rosmaster_gazebo/models/aws_robomaker_residential_DeskPortraitA_01/meshes/aws_DeskPortraitA_01_visual.DAE
[0.545s] -- Up-to-date symlink: /home/ziad/ziad_ws/ROS2/work_space/install/yahboom_rosmaster_gazebo/share/yahboom_rosmaster_gazebo/models/aws_robomaker_residential_DeskPortraitA_01/model.config
[0.546s] -- Up-to-date symlink: /home/ziad/ziad_ws/ROS2/work_space/install/yahboom_rosmaster_gazebo/share/yahboom_rosmaster_gazebo/models/aws_robomaker_residential_DeskPortraitA_01/model.sdf
[0.546s] -- Up-to-date symlink: /home/ziad/ziad_ws/ROS2/work_space/install/yahboom_rosmaster_gazebo/share/yahboom_rosmaster_gazebo/models/aws_robomaker_residential_DeskPortraitA_02/materials/textures/DeskPortraitA_02.jpg
[0.548s] -- Up-to-date symlink: /home/ziad/ziad_ws/ROS2/work_space/install/yahboom_rosmaster_gazebo/share/yahboom_rosmaster_gazebo/models/aws_robomaker_residential_DeskPortraitA_02/materials/textures/aws_DeskPortraitA_01.png
[0.548s] -- Up-to-date symlink: /home/ziad/ziad_ws/ROS2/work_space/install/yahboom_rosmaster_gazebo/share/yahboom_rosmaster_gazebo/models/aws_robomaker_residential_DeskPortraitA_02/materials/textures/aws_DeskPortraitA_02.png
[0.549s] -- Up-to-date symlink: /home/ziad/ziad_ws/ROS2/work_space/install/yahboom_rosmaster_gazebo/share/yahboom_rosmaster_gazebo/models/aws_robomaker_residential_DeskPortraitA_02/meshes/aws_DeskPortraitA_01_collision.DAE
[0.551s] -- Up-to-date symlink: /home/ziad/ziad_ws/ROS2/work_space/install/yahboom_rosmaster_gazebo/share/yahboom_rosmaster_gazebo/models/aws_robomaker_residential_DeskPortraitA_02/meshes/aws_DeskPortraitA_01_visual.DAE
[0.551s] -- Up-to-date symlink: /home/ziad/ziad_ws/ROS2/work_space/install/yahboom_rosmaster_gazebo/share/yahboom_rosmaster_gazebo/models/aws_robomaker_residential_DeskPortraitA_02/model.config
[0.552s] -- Up-to-date symlink: /home/ziad/ziad_ws/ROS2/work_space/install/yahboom_rosmaster_gazebo/share/yahboom_rosmaster_gazebo/models/aws_robomaker_residential_DeskPortraitA_02/model.sdf
[0.553s] -- Up-to-date symlink: /home/ziad/ziad_ws/ROS2/work_space/install/yahboom_rosmaster_gazebo/share/yahboom_rosmaster_gazebo/models/aws_robomaker_residential_DeskPortraitB_01/materials/textures/DeskPortraitB_01.jpg
[0.554s] -- Up-to-date symlink: /home/ziad/ziad_ws/ROS2/work_space/install/yahboom_rosmaster_gazebo/share/yahboom_rosmaster_gazebo/models/aws_robomaker_residential_DeskPortraitB_01/materials/textures/aws_DeskPortraitB_01.png
[0.556s] -- Up-to-date symlink: /home/ziad/ziad_ws/ROS2/work_space/install/yahboom_rosmaster_gazebo/share/yahboom_rosmaster_gazebo/models/aws_robomaker_residential_DeskPortraitB_01/materials/textures/aws_DeskPortraitB_02.png
[0.558s] -- Up-to-date symlink: /home/ziad/ziad_ws/ROS2/work_space/install/yahboom_rosmaster_gazebo/share/yahboom_rosmaster_gazebo/models/aws_robomaker_residential_DeskPortraitB_01/meshes/aws_DeskPortraitB_01_collision.DAE
[0.559s] -- Up-to-date symlink: /home/ziad/ziad_ws/ROS2/work_space/install/yahboom_rosmaster_gazebo/share/yahboom_rosmaster_gazebo/models/aws_robomaker_residential_DeskPortraitB_01/meshes/aws_DeskPortraitB_01_visual.DAE
[0.560s] -- Up-to-date symlink: /home/ziad/ziad_ws/ROS2/work_space/install/yahboom_rosmaster_gazebo/share/yahboom_rosmaster_gazebo/models/aws_robomaker_residential_DeskPortraitB_01/model.config
[0.561s] -- Up-to-date symlink: /home/ziad/ziad_ws/ROS2/work_space/install/yahboom_rosmaster_gazebo/share/yahboom_rosmaster_gazebo/models/aws_robomaker_residential_DeskPortraitB_01/model.sdf
[0.561s] -- Up-to-date symlink: /home/ziad/ziad_ws/ROS2/work_space/install/yahboom_rosmaster_gazebo/share/yahboom_rosmaster_gazebo/models/aws_robomaker_residential_DeskPortraitB_02/materials/textures/DeskPortraitB_02.jpg
[0.562s] -- Up-to-date symlink: /home/ziad/ziad_ws/ROS2/work_space/install/yahboom_rosmaster_gazebo/share/yahboom_rosmaster_gazebo/models/aws_robomaker_residential_DeskPortraitB_02/materials/textures/aws_DeskPortraitB_01.png
[0.563s] -- Up-to-date symlink: /home/ziad/ziad_ws/ROS2/work_space/install/yahboom_rosmaster_gazebo/share/yahboom_rosmaster_gazebo/models/aws_robomaker_residential_DeskPortraitB_02/materials/textures/aws_DeskPortraitB_02.png
[0.563s] -- Up-to-date symlink: /home/ziad/ziad_ws/ROS2/work_space/install/yahboom_rosmaster_gazebo/share/yahboom_rosmaster_gazebo/models/aws_robomaker_residential_DeskPortraitB_02/meshes/aws_DeskPortraitB_01_collision.DAE
[0.565s] -- Up-to-date symlink: /home/ziad/ziad_ws/ROS2/work_space/install/yahboom_rosmaster_gazebo/share/yahboom_rosmaster_gazebo/models/aws_robomaker_residential_DeskPortraitB_02/meshes/aws_DeskPortraitB_01_visual.DAE
[0.565s] -- Up-to-date symlink: /home/ziad/ziad_ws/ROS2/work_space/install/yahboom_rosmaster_gazebo/share/yahboom_rosmaster_gazebo/models/aws_robomaker_residential_DeskPortraitB_02/model.config
[0.566s] -- Up-to-date symlink: /home/ziad/ziad_ws/ROS2/work_space/install/yahboom_rosmaster_gazebo/share/yahboom_rosmaster_gazebo/models/aws_robomaker_residential_DeskPortraitB_02/model.sdf
[0.567s] -- Up-to-date symlink: /home/ziad/ziad_ws/ROS2/work_space/install/yahboom_rosmaster_gazebo/share/yahboom_rosmaster_gazebo/models/aws_robomaker_residential_DeskPortraitC_01/materials/textures/DeskPortraitC_01.jpg
[0.567s] -- Up-to-date symlink: /home/ziad/ziad_ws/ROS2/work_space/install/yahboom_rosmaster_gazebo/share/yahboom_rosmaster_gazebo/models/aws_robomaker_residential_DeskPortraitC_01/materials/textures/aws_DeskPortraitC_01.png
[0.568s] -- Up-to-date symlink: /home/ziad/ziad_ws/ROS2/work_space/install/yahboom_rosmaster_gazebo/share/yahboom_rosmaster_gazebo/models/aws_robomaker_residential_DeskPortraitC_01/materials/textures/aws_DeskPortraitC_02.png
[0.569s] -- Up-to-date symlink: /home/ziad/ziad_ws/ROS2/work_space/install/yahboom_rosmaster_gazebo/share/yahboom_rosmaster_gazebo/models/aws_robomaker_residential_DeskPortraitC_01/meshes/aws_DeskPortraitC_01_collision.DAE
[0.569s] -- Up-to-date symlink: /home/ziad/ziad_ws/ROS2/work_space/install/yahboom_rosmaster_gazebo/share/yahboom_rosmaster_gazebo/models/aws_robomaker_residential_DeskPortraitC_01/meshes/aws_DeskPortraitC_01_visual.DAE
[0.572s] -- Up-to-date symlink: /home/ziad/ziad_ws/ROS2/work_space/install/yahboom_rosmaster_gazebo/share/yahboom_rosmaster_gazebo/models/aws_robomaker_residential_DeskPortraitC_01/model.config
[0.573s] -- Up-to-date symlink: /home/ziad/ziad_ws/ROS2/work_space/install/yahboom_rosmaster_gazebo/share/yahboom_rosmaster_gazebo/models/aws_robomaker_residential_DeskPortraitC_01/model.sdf
[0.575s] -- Up-to-date symlink: /home/ziad/ziad_ws/ROS2/work_space/install/yahboom_rosmaster_gazebo/share/yahboom_rosmaster_gazebo/models/aws_robomaker_residential_DeskPortraitC_02/materials/textures/DeskPortraitC_02.jpg
[0.576s] -- Up-to-date symlink: /home/ziad/ziad_ws/ROS2/work_space/install/yahboom_rosmaster_gazebo/share/yahboom_rosmaster_gazebo/models/aws_robomaker_residential_DeskPortraitC_02/materials/textures/aws_DeskPortraitC_01.png
[0.578s] -- Up-to-date symlink: /home/ziad/ziad_ws/ROS2/work_space/install/yahboom_rosmaster_gazebo/share/yahboom_rosmaster_gazebo/models/aws_robomaker_residential_DeskPortraitC_02/materials/textures/aws_DeskPortraitC_02.png
[0.580s] -- Up-to-date symlink: /home/ziad/ziad_ws/ROS2/work_space/install/yahboom_rosmaster_gazebo/share/yahboom_rosmaster_gazebo/models/aws_robomaker_residential_DeskPortraitC_02/meshes/aws_DeskPortraitC_01_collision.DAE
[0.581s] -- Up-to-date symlink: /home/ziad/ziad_ws/ROS2/work_space/install/yahboom_rosmaster_gazebo/share/yahboom_rosmaster_gazebo/models/aws_robomaker_residential_DeskPortraitC_02/meshes/aws_DeskPortraitC_01_visual.DAE
[0.581s] -- Up-to-date symlink: /home/ziad/ziad_ws/ROS2/work_space/install/yahboom_rosmaster_gazebo/share/yahboom_rosmaster_gazebo/models/aws_robomaker_residential_DeskPortraitC_02/model.config
[0.582s] -- Up-to-date symlink: /home/ziad/ziad_ws/ROS2/work_space/install/yahboom_rosmaster_gazebo/share/yahboom_rosmaster_gazebo/models/aws_robomaker_residential_DeskPortraitC_02/model.sdf
[0.584s] -- Up-to-date symlink: /home/ziad/ziad_ws/ROS2/work_space/install/yahboom_rosmaster_gazebo/share/yahboom_rosmaster_gazebo/models/aws_robomaker_residential_DeskPortraitD_01/materials/textures/DeskPortraitD_01.jpg
[0.585s] -- Up-to-date symlink: /home/ziad/ziad_ws/ROS2/work_space/install/yahboom_rosmaster_gazebo/share/yahboom_rosmaster_gazebo/models/aws_robomaker_residential_DeskPortraitD_01/materials/textures/aws_DeskPortraitD_01.png
[0.585s] -- Up-to-date symlink: /home/ziad/ziad_ws/ROS2/work_space/install/yahboom_rosmaster_gazebo/share/yahboom_rosmaster_gazebo/models/aws_robomaker_residential_DeskPortraitD_01/materials/textures/aws_DeskPortraitD_02.png
[0.586s] -- Up-to-date symlink: /home/ziad/ziad_ws/ROS2/work_space/install/yahboom_rosmaster_gazebo/share/yahboom_rosmaster_gazebo/models/aws_robomaker_residential_DeskPortraitD_01/meshes/aws_DeskPortraitD_01_collision.DAE
[0.587s] -- Up-to-date symlink: /home/ziad/ziad_ws/ROS2/work_space/install/yahboom_rosmaster_gazebo/share/yahboom_rosmaster_gazebo/models/aws_robomaker_residential_DeskPortraitD_01/meshes/aws_DeskPortraitD_01_visual.DAE
[0.587s] -- Up-to-date symlink: /home/ziad/ziad_ws/ROS2/work_space/install/yahboom_rosmaster_gazebo/share/yahboom_rosmaster_gazebo/models/aws_robomaker_residential_DeskPortraitD_01/model.config
[0.589s] -- Up-to-date symlink: /home/ziad/ziad_ws/ROS2/work_space/install/yahboom_rosmaster_gazebo/share/yahboom_rosmaster_gazebo/models/aws_robomaker_residential_DeskPortraitD_01/model.sdf
[0.594s] -- Up-to-date symlink: /home/ziad/ziad_ws/ROS2/work_space/install/yahboom_rosmaster_gazebo/share/yahboom_rosmaster_gazebo/models/aws_robomaker_residential_DeskPortraitD_02/materials/textures/DeskPortraitD_02.jpg
[0.594s] -- Up-to-date symlink: /home/ziad/ziad_ws/ROS2/work_space/install/yahboom_rosmaster_gazebo/share/yahboom_rosmaster_gazebo/models/aws_robomaker_residential_DeskPortraitD_02/materials/textures/aws_DeskPortraitD_01.png
[0.596s] -- Up-to-date symlink: /home/ziad/ziad_ws/ROS2/work_space/install/yahboom_rosmaster_gazebo/share/yahboom_rosmaster_gazebo/models/aws_robomaker_residential_DeskPortraitD_02/materials/textures/aws_DeskPortraitD_02.png
[0.597s] -- Up-to-date symlink: /home/ziad/ziad_ws/ROS2/work_space/install/yahboom_rosmaster_gazebo/share/yahboom_rosmaster_gazebo/models/aws_robomaker_residential_DeskPortraitD_02/meshes/aws_DeskPortraitD_01_collision.DAE
[0.598s] -- Up-to-date symlink: /home/ziad/ziad_ws/ROS2/work_space/install/yahboom_rosmaster_gazebo/share/yahboom_rosmaster_gazebo/models/aws_robomaker_residential_DeskPortraitD_02/meshes/aws_DeskPortraitD_01_visual.DAE
[0.599s] -- Up-to-date symlink: /home/ziad/ziad_ws/ROS2/work_space/install/yahboom_rosmaster_gazebo/share/yahboom_rosmaster_gazebo/models/aws_robomaker_residential_DeskPortraitD_02/model.config
[0.600s] -- Up-to-date symlink: /home/ziad/ziad_ws/ROS2/work_space/install/yahboom_rosmaster_gazebo/share/yahboom_rosmaster_gazebo/models/aws_robomaker_residential_DeskPortraitD_02/model.sdf
[0.600s] -- Up-to-date symlink: /home/ziad/ziad_ws/ROS2/work_space/install/yahboom_rosmaster_gazebo/share/yahboom_rosmaster_gazebo/models/aws_robomaker_residential_DeskPortraitD_03/materials/textures/DeskPortraitD_03.jpg
[0.601s] -- Up-to-date symlink: /home/ziad/ziad_ws/ROS2/work_space/install/yahboom_rosmaster_gazebo/share/yahboom_rosmaster_gazebo/models/aws_robomaker_residential_DeskPortraitD_03/materials/textures/aws_DeskPortraitD_01.png
[0.601s] -- Up-to-date symlink: /home/ziad/ziad_ws/ROS2/work_space/install/yahboom_rosmaster_gazebo/share/yahboom_rosmaster_gazebo/models/aws_robomaker_residential_DeskPortraitD_03/materials/textures/aws_DeskPortraitD_02.png
[0.603s] -- Up-to-date symlink: /home/ziad/ziad_ws/ROS2/work_space/install/yahboom_rosmaster_gazebo/share/yahboom_rosmaster_gazebo/models/aws_robomaker_residential_DeskPortraitD_03/meshes/aws_DeskPortraitD_01_collision.DAE
[0.604s] -- Up-to-date symlink: /home/ziad/ziad_ws/ROS2/work_space/install/yahboom_rosmaster_gazebo/share/yahboom_rosmaster_gazebo/models/aws_robomaker_residential_DeskPortraitD_03/meshes/aws_DeskPortraitD_01_visual.DAE
[0.607s] -- Up-to-date symlink: /home/ziad/ziad_ws/ROS2/work_space/install/yahboom_rosmaster_gazebo/share/yahboom_rosmaster_gazebo/models/aws_robomaker_residential_DeskPortraitD_03/model.config
[0.609s] -- Up-to-date symlink: /home/ziad/ziad_ws/ROS2/work_space/install/yahboom_rosmaster_gazebo/share/yahboom_rosmaster_gazebo/models/aws_robomaker_residential_DeskPortraitD_03/model.sdf
[0.610s] -- Up-to-date symlink: /home/ziad/ziad_ws/ROS2/work_space/install/yahboom_rosmaster_gazebo/share/yahboom_rosmaster_gazebo/models/aws_robomaker_residential_DeskPortraitD_04/materials/textures/DeskPortraitD_04.jpg
[0.613s] -- Up-to-date symlink: /home/ziad/ziad_ws/ROS2/work_space/install/yahboom_rosmaster_gazebo/share/yahboom_rosmaster_gazebo/models/aws_robomaker_residential_DeskPortraitD_04/materials/textures/aws_DeskPortraitD_01.png
[0.614s] -- Up-to-date symlink: /home/ziad/ziad_ws/ROS2/work_space/install/yahboom_rosmaster_gazebo/share/yahboom_rosmaster_gazebo/models/aws_robomaker_residential_DeskPortraitD_04/materials/textures/aws_DeskPortraitD_02.png
[0.615s] -- Up-to-date symlink: /home/ziad/ziad_ws/ROS2/work_space/install/yahboom_rosmaster_gazebo/share/yahboom_rosmaster_gazebo/models/aws_robomaker_residential_DeskPortraitD_04/meshes/aws_DeskPortraitD_01_collision.DAE
[0.617s] -- Up-to-date symlink: /home/ziad/ziad_ws/ROS2/work_space/install/yahboom_rosmaster_gazebo/share/yahboom_rosmaster_gazebo/models/aws_robomaker_residential_DeskPortraitD_04/meshes/aws_DeskPortraitD_01_visual.DAE
[0.617s] -- Up-to-date symlink: /home/ziad/ziad_ws/ROS2/work_space/install/yahboom_rosmaster_gazebo/share/yahboom_rosmaster_gazebo/models/aws_robomaker_residential_DeskPortraitD_04/model.config
[0.618s] -- Up-to-date symlink: /home/ziad/ziad_ws/ROS2/work_space/install/yahboom_rosmaster_gazebo/share/yahboom_rosmaster_gazebo/models/aws_robomaker_residential_DeskPortraitD_04/model.sdf
[0.619s] -- Up-to-date symlink: /home/ziad/ziad_ws/ROS2/work_space/install/yahboom_rosmaster_gazebo/share/yahboom_rosmaster_gazebo/models/aws_robomaker_residential_Door_01/materials/textures/aws_Door_01.png
[0.620s] -- Up-to-date symlink: /home/ziad/ziad_ws/ROS2/work_space/install/yahboom_rosmaster_gazebo/share/yahboom_rosmaster_gazebo/models/aws_robomaker_residential_Door_01/meshes/aws_Door_01_collision.DAE
[0.621s] -- Up-to-date symlink: /home/ziad/ziad_ws/ROS2/work_space/install/yahboom_rosmaster_gazebo/share/yahboom_rosmaster_gazebo/models/aws_robomaker_residential_Door_01/meshes/aws_Door_01_visual.DAE
[0.623s] -- Up-to-date symlink: /home/ziad/ziad_ws/ROS2/work_space/install/yahboom_rosmaster_gazebo/share/yahboom_rosmaster_gazebo/models/aws_robomaker_residential_Door_01/model.config
[0.627s] -- Up-to-date symlink: /home/ziad/ziad_ws/ROS2/work_space/install/yahboom_rosmaster_gazebo/share/yahboom_rosmaster_gazebo/models/aws_robomaker_residential_Door_01/model.sdf
[0.629s] -- Up-to-date symlink: /home/ziad/ziad_ws/ROS2/work_space/install/yahboom_rosmaster_gazebo/share/yahboom_rosmaster_gazebo/models/aws_robomaker_residential_Dumbbell_01/materials/textures/aws_Dumbbell_01.png
[0.630s] -- Up-to-date symlink: /home/ziad/ziad_ws/ROS2/work_space/install/yahboom_rosmaster_gazebo/share/yahboom_rosmaster_gazebo/models/aws_robomaker_residential_Dumbbell_01/meshes/aws_Dumbbell_01_collision.DAE
[0.630s] -- Up-to-date symlink: /home/ziad/ziad_ws/ROS2/work_space/install/yahboom_rosmaster_gazebo/share/yahboom_rosmaster_gazebo/models/aws_robomaker_residential_Dumbbell_01/meshes/aws_Dumbbell_01_visual.DAE
[0.631s] -- Up-to-date symlink: /home/ziad/ziad_ws/ROS2/work_space/install/yahboom_rosmaster_gazebo/share/yahboom_rosmaster_gazebo/models/aws_robomaker_residential_Dumbbell_01/model.config
[0.631s] -- Up-to-date symlink: /home/ziad/ziad_ws/ROS2/work_space/install/yahboom_rosmaster_gazebo/share/yahboom_rosmaster_gazebo/models/aws_robomaker_residential_Dumbbell_01/model.sdf
[0.632s] -- Up-to-date symlink: /home/ziad/ziad_ws/ROS2/work_space/install/yahboom_rosmaster_gazebo/share/yahboom_rosmaster_gazebo/models/aws_robomaker_residential_FitnessEquipment_01/materials/textures/aws_FitnessEquipment_01.png
[0.632s] -- Up-to-date symlink: /home/ziad/ziad_ws/ROS2/work_space/install/yahboom_rosmaster_gazebo/share/yahboom_rosmaster_gazebo/models/aws_robomaker_residential_FitnessEquipment_01/meshes/aws_FitnessEquipment_01_collision.DAE
[0.634s] -- Up-to-date symlink: /home/ziad/ziad_ws/ROS2/work_space/install/yahboom_rosmaster_gazebo/share/yahboom_rosmaster_gazebo/models/aws_robomaker_residential_FitnessEquipment_01/meshes/aws_FitnessEquipment_01_visual.DAE
[0.635s] -- Up-to-date symlink: /home/ziad/ziad_ws/ROS2/work_space/install/yahboom_rosmaster_gazebo/share/yahboom_rosmaster_gazebo/models/aws_robomaker_residential_FitnessEquipment_01/model.config
[0.636s] -- Up-to-date symlink: /home/ziad/ziad_ws/ROS2/work_space/install/yahboom_rosmaster_gazebo/share/yahboom_rosmaster_gazebo/models/aws_robomaker_residential_FitnessEquipment_01/model.sdf
[0.637s] -- Up-to-date symlink: /home/ziad/ziad_ws/ROS2/work_space/install/yahboom_rosmaster_gazebo/share/yahboom_rosmaster_gazebo/models/aws_robomaker_residential_FloorB_01/materials/textures/aws_FloorB_01.png
[0.638s] -- Up-to-date symlink: /home/ziad/ziad_ws/ROS2/work_space/install/yahboom_rosmaster_gazebo/share/yahboom_rosmaster_gazebo/models/aws_robomaker_residential_FloorB_01/meshes/aws_FloorB_01_collision.DAE
[0.640s] -- Up-to-date symlink: /home/ziad/ziad_ws/ROS2/work_space/install/yahboom_rosmaster_gazebo/share/yahboom_rosmaster_gazebo/models/aws_robomaker_residential_FloorB_01/meshes/aws_FloorB_01_visual.DAE
[0.641s] -- Up-to-date symlink: /home/ziad/ziad_ws/ROS2/work_space/install/yahboom_rosmaster_gazebo/share/yahboom_rosmaster_gazebo/models/aws_robomaker_residential_FloorB_01/model.config
[0.641s] -- Up-to-date symlink: /home/ziad/ziad_ws/ROS2/work_space/install/yahboom_rosmaster_gazebo/share/yahboom_rosmaster_gazebo/models/aws_robomaker_residential_FloorB_01/model.sdf
[0.643s] -- Up-to-date symlink: /home/ziad/ziad_ws/ROS2/work_space/install/yahboom_rosmaster_gazebo/share/yahboom_rosmaster_gazebo/models/aws_robomaker_residential_FoldingDoor_01/materials/textures/aws_FoldingDoor_01.png
[0.643s] -- Up-to-date symlink: /home/ziad/ziad_ws/ROS2/work_space/install/yahboom_rosmaster_gazebo/share/yahboom_rosmaster_gazebo/models/aws_robomaker_residential_FoldingDoor_01/meshes/aws_FoldingDoor_01_collision.DAE
[0.644s] -- Up-to-date symlink: /home/ziad/ziad_ws/ROS2/work_space/install/yahboom_rosmaster_gazebo/share/yahboom_rosmaster_gazebo/models/aws_robomaker_residential_FoldingDoor_01/meshes/aws_FoldingDoor_01_visual.DAE
[0.646s] -- Up-to-date symlink: /home/ziad/ziad_ws/ROS2/work_space/install/yahboom_rosmaster_gazebo/share/yahboom_rosmaster_gazebo/models/aws_robomaker_residential_FoldingDoor_01/model.config
[0.646s] -- Up-to-date symlink: /home/ziad/ziad_ws/ROS2/work_space/install/yahboom_rosmaster_gazebo/share/yahboom_rosmaster_gazebo/models/aws_robomaker_residential_FoldingDoor_01/model.sdf
[0.647s] -- Up-to-date symlink: /home/ziad/ziad_ws/ROS2/work_space/install/yahboom_rosmaster_gazebo/share/yahboom_rosmaster_gazebo/models/aws_robomaker_residential_FoldingDoor_02/materials/textures/aws_FoldingDoor_02.png
[0.649s] -- Up-to-date symlink: /home/ziad/ziad_ws/ROS2/work_space/install/yahboom_rosmaster_gazebo/share/yahboom_rosmaster_gazebo/models/aws_robomaker_residential_FoldingDoor_02/meshes/aws_FoldingDoor_02_collision.DAE
[0.652s] -- Up-to-date symlink: /home/ziad/ziad_ws/ROS2/work_space/install/yahboom_rosmaster_gazebo/share/yahboom_rosmaster_gazebo/models/aws_robomaker_residential_FoldingDoor_02/meshes/aws_FoldingDoor_02_visual.DAE
[0.652s] -- Up-to-date symlink: /home/ziad/ziad_ws/ROS2/work_space/install/yahboom_rosmaster_gazebo/share/yahboom_rosmaster_gazebo/models/aws_robomaker_residential_FoldingDoor_02/model.config
[0.653s] -- Up-to-date symlink: /home/ziad/ziad_ws/ROS2/work_space/install/yahboom_rosmaster_gazebo/share/yahboom_rosmaster_gazebo/models/aws_robomaker_residential_FoldingDoor_02/model.sdf
[0.653s] -- Up-to-date symlink: /home/ziad/ziad_ws/ROS2/work_space/install/yahboom_rosmaster_gazebo/share/yahboom_rosmaster_gazebo/models/aws_robomaker_residential_Handle_01/materials/textures/aws_Handle_01.png
[0.654s] -- Up-to-date symlink: /home/ziad/ziad_ws/ROS2/work_space/install/yahboom_rosmaster_gazebo/share/yahboom_rosmaster_gazebo/models/aws_robomaker_residential_Handle_01/meshes/aws_Handle_01_collision.DAE
[0.656s] -- Up-to-date symlink: /home/ziad/ziad_ws/ROS2/work_space/install/yahboom_rosmaster_gazebo/share/yahboom_rosmaster_gazebo/models/aws_robomaker_residential_Handle_01/meshes/aws_Handle_01_visual.DAE
[0.657s] -- Up-to-date symlink: /home/ziad/ziad_ws/ROS2/work_space/install/yahboom_rosmaster_gazebo/share/yahboom_rosmaster_gazebo/models/aws_robomaker_residential_Handle_01/model.config
[0.659s] -- Up-to-date symlink: /home/ziad/ziad_ws/ROS2/work_space/install/yahboom_rosmaster_gazebo/share/yahboom_rosmaster_gazebo/models/aws_robomaker_residential_Handle_01/model.sdf
[0.662s] -- Up-to-date symlink: /home/ziad/ziad_ws/ROS2/work_space/install/yahboom_rosmaster_gazebo/share/yahboom_rosmaster_gazebo/models/aws_robomaker_residential_HouseWallB_01/materials/textures/aws_HouseWallB_01.png
[0.663s] -- Up-to-date symlink: /home/ziad/ziad_ws/ROS2/work_space/install/yahboom_rosmaster_gazebo/share/yahboom_rosmaster_gazebo/models/aws_robomaker_residential_HouseWallB_01/meshes/aws_HouseWallB_01_collision.DAE
[0.663s] -- Up-to-date symlink: /home/ziad/ziad_ws/ROS2/work_space/install/yahboom_rosmaster_gazebo/share/yahboom_rosmaster_gazebo/models/aws_robomaker_residential_HouseWallB_01/meshes/aws_HouseWallB_01_visual.DAE
[0.665s] -- Up-to-date symlink: /home/ziad/ziad_ws/ROS2/work_space/install/yahboom_rosmaster_gazebo/share/yahboom_rosmaster_gazebo/models/aws_robomaker_residential_HouseWallB_01/model.config
[0.667s] -- Up-to-date symlink: /home/ziad/ziad_ws/ROS2/work_space/install/yahboom_rosmaster_gazebo/share/yahboom_rosmaster_gazebo/models/aws_robomaker_residential_HouseWallB_01/model.sdf
[0.667s] -- Up-to-date symlink: /home/ziad/ziad_ws/ROS2/work_space/install/yahboom_rosmaster_gazebo/share/yahboom_rosmaster_gazebo/models/aws_robomaker_residential_KitchenCabinet_01/materials/textures/aws_KitchenCabinet_01.png
[0.668s] -- Up-to-date symlink: /home/ziad/ziad_ws/ROS2/work_space/install/yahboom_rosmaster_gazebo/share/yahboom_rosmaster_gazebo/models/aws_robomaker_residential_KitchenCabinet_01/meshes/aws_KitchenCabinet_01_collision.DAE
[0.668s] -- Up-to-date symlink: /home/ziad/ziad_ws/ROS2/work_space/install/yahboom_rosmaster_gazebo/share/yahboom_rosmaster_gazebo/models/aws_robomaker_residential_KitchenCabinet_01/meshes/aws_KitchenCabinet_01_visual.DAE
[0.670s] -- Up-to-date symlink: /home/ziad/ziad_ws/ROS2/work_space/install/yahboom_rosmaster_gazebo/share/yahboom_rosmaster_gazebo/models/aws_robomaker_residential_KitchenCabinet_01/model.config
[0.671s] -- Up-to-date symlink: /home/ziad/ziad_ws/ROS2/work_space/install/yahboom_rosmaster_gazebo/share/yahboom_rosmaster_gazebo/models/aws_robomaker_residential_KitchenCabinet_01/model.sdf
[0.673s] -- Up-to-date symlink: /home/ziad/ziad_ws/ROS2/work_space/install/yahboom_rosmaster_gazebo/share/yahboom_rosmaster_gazebo/models/aws_robomaker_residential_KitchenTable_01/materials/textures/aws_KitchenTable_01.png
[0.674s] -- Up-to-date symlink: /home/ziad/ziad_ws/ROS2/work_space/install/yahboom_rosmaster_gazebo/share/yahboom_rosmaster_gazebo/models/aws_robomaker_residential_KitchenTable_01/meshes/aws_KitchenTable_01_collision.DAE
[0.675s] -- Up-to-date symlink: /home/ziad/ziad_ws/ROS2/work_space/install/yahboom_rosmaster_gazebo/share/yahboom_rosmaster_gazebo/models/aws_robomaker_residential_KitchenTable_01/meshes/aws_KitchenTable_01_visual.DAE
[0.680s] -- Up-to-date symlink: /home/ziad/ziad_ws/ROS2/work_space/install/yahboom_rosmaster_gazebo/share/yahboom_rosmaster_gazebo/models/aws_robomaker_residential_KitchenTable_01/model.config
[0.680s] -- Up-to-date symlink: /home/ziad/ziad_ws/ROS2/work_space/install/yahboom_rosmaster_gazebo/share/yahboom_rosmaster_gazebo/models/aws_robomaker_residential_KitchenTable_01/model.sdf
[0.681s] -- Up-to-date symlink: /home/ziad/ziad_ws/ROS2/work_space/install/yahboom_rosmaster_gazebo/share/yahboom_rosmaster_gazebo/models/aws_robomaker_residential_KitchenUtensils_01/materials/textures/aws_KitchenUtensils_01.png
[0.683s] -- Up-to-date symlink: /home/ziad/ziad_ws/ROS2/work_space/install/yahboom_rosmaster_gazebo/share/yahboom_rosmaster_gazebo/models/aws_robomaker_residential_KitchenUtensils_01/meshes/aws_KitchenUtensils_01_collision.DAE
[0.684s] -- Up-to-date symlink: /home/ziad/ziad_ws/ROS2/work_space/install/yahboom_rosmaster_gazebo/share/yahboom_rosmaster_gazebo/models/aws_robomaker_residential_KitchenUtensils_01/meshes/aws_KitchenUtensils_01_visual.DAE
[0.686s] -- Up-to-date symlink: /home/ziad/ziad_ws/ROS2/work_space/install/yahboom_rosmaster_gazebo/share/yahboom_rosmaster_gazebo/models/aws_robomaker_residential_KitchenUtensils_01/model.config
[0.686s] -- Up-to-date symlink: /home/ziad/ziad_ws/ROS2/work_space/install/yahboom_rosmaster_gazebo/share/yahboom_rosmaster_gazebo/models/aws_robomaker_residential_KitchenUtensils_01/model.sdf
[0.690s] -- Up-to-date symlink: /home/ziad/ziad_ws/ROS2/work_space/install/yahboom_rosmaster_gazebo/share/yahboom_rosmaster_gazebo/models/aws_robomaker_residential_LightC_01/materials/textures/aws_LightC_01.png
[0.692s] -- Up-to-date symlink: /home/ziad/ziad_ws/ROS2/work_space/install/yahboom_rosmaster_gazebo/share/yahboom_rosmaster_gazebo/models/aws_robomaker_residential_LightC_01/meshes/aws_LightC_01_collision.DAE
[0.693s] -- Up-to-date symlink: /home/ziad/ziad_ws/ROS2/work_space/install/yahboom_rosmaster_gazebo/share/yahboom_rosmaster_gazebo/models/aws_robomaker_residential_LightC_01/meshes/aws_LightC_01_visual.DAE
[0.694s] -- Up-to-date symlink: /home/ziad/ziad_ws/ROS2/work_space/install/yahboom_rosmaster_gazebo/share/yahboom_rosmaster_gazebo/models/aws_robomaker_residential_LightC_01/model.config
[0.694s] -- Up-to-date symlink: /home/ziad/ziad_ws/ROS2/work_space/install/yahboom_rosmaster_gazebo/share/yahboom_rosmaster_gazebo/models/aws_robomaker_residential_LightC_01/model.sdf
[0.695s] -- Up-to-date symlink: /home/ziad/ziad_ws/ROS2/work_space/install/yahboom_rosmaster_gazebo/share/yahboom_rosmaster_gazebo/models/aws_robomaker_residential_NightStand_01/materials/textures/aws_NightStand_01.png
[0.696s] -- Up-to-date symlink: /home/ziad/ziad_ws/ROS2/work_space/install/yahboom_rosmaster_gazebo/share/yahboom_rosmaster_gazebo/models/aws_robomaker_residential_NightStand_01/meshes/aws_NightStand_01_collision.DAE
[0.696s] -- Up-to-date symlink: /home/ziad/ziad_ws/ROS2/work_space/install/yahboom_rosmaster_gazebo/share/yahboom_rosmaster_gazebo/models/aws_robomaker_residential_NightStand_01/meshes/aws_NightStand_01_visual.DAE
[0.697s] -- Up-to-date symlink: /home/ziad/ziad_ws/ROS2/work_space/install/yahboom_rosmaster_gazebo/share/yahboom_rosmaster_gazebo/models/aws_robomaker_residential_NightStand_01/model.config
[0.697s] -- Up-to-date symlink: /home/ziad/ziad_ws/ROS2/work_space/install/yahboom_rosmaster_gazebo/share/yahboom_rosmaster_gazebo/models/aws_robomaker_residential_NightStand_01/model.sdf
[0.698s] -- Up-to-date symlink: /home/ziad/ziad_ws/ROS2/work_space/install/yahboom_rosmaster_gazebo/share/yahboom_rosmaster_gazebo/models/aws_robomaker_residential_Pillow_01/materials/textures/aws_Pillow_01.png
[0.700s] -- Up-to-date symlink: /home/ziad/ziad_ws/ROS2/work_space/install/yahboom_rosmaster_gazebo/share/yahboom_rosmaster_gazebo/models/aws_robomaker_residential_Pillow_01/meshes/aws_Pillow_01_collision.DAE
[0.700s] -- Up-to-date symlink: /home/ziad/ziad_ws/ROS2/work_space/install/yahboom_rosmaster_gazebo/share/yahboom_rosmaster_gazebo/models/aws_robomaker_residential_Pillow_01/meshes/aws_Pillow_01_visual.DAE
[0.701s] -- Up-to-date symlink: /home/ziad/ziad_ws/ROS2/work_space/install/yahboom_rosmaster_gazebo/share/yahboom_rosmaster_gazebo/models/aws_robomaker_residential_Pillow_01/model.config
[0.701s] -- Up-to-date symlink: /home/ziad/ziad_ws/ROS2/work_space/install/yahboom_rosmaster_gazebo/share/yahboom_rosmaster_gazebo/models/aws_robomaker_residential_Pillow_01/model.sdf
[0.702s] -- Up-to-date symlink: /home/ziad/ziad_ws/ROS2/work_space/install/yahboom_rosmaster_gazebo/share/yahboom_rosmaster_gazebo/models/aws_robomaker_residential_PortraitA_01/materials/textures/PortraitA_01.jpg
[0.702s] -- Up-to-date symlink: /home/ziad/ziad_ws/ROS2/work_space/install/yahboom_rosmaster_gazebo/share/yahboom_rosmaster_gazebo/models/aws_robomaker_residential_PortraitA_01/materials/textures/aws_PortraitA_01.png
[0.703s] -- Up-to-date symlink: /home/ziad/ziad_ws/ROS2/work_space/install/yahboom_rosmaster_gazebo/share/yahboom_rosmaster_gazebo/models/aws_robomaker_residential_PortraitA_01/materials/textures/aws_PortraitA_02.png
[0.703s] -- Up-to-date symlink: /home/ziad/ziad_ws/ROS2/work_space/install/yahboom_rosmaster_gazebo/share/yahboom_rosmaster_gazebo/models/aws_robomaker_residential_PortraitA_01/meshes/aws_PortraitA_01_collision.DAE
[0.706s] -- Up-to-date symlink: /home/ziad/ziad_ws/ROS2/work_space/install/yahboom_rosmaster_gazebo/share/yahboom_rosmaster_gazebo/models/aws_robomaker_residential_PortraitA_01/meshes/aws_PortraitA_01_visual.DAE
[0.706s] -- Up-to-date symlink: /home/ziad/ziad_ws/ROS2/work_space/install/yahboom_rosmaster_gazebo/share/yahboom_rosmaster_gazebo/models/aws_robomaker_residential_PortraitA_01/model.config
[0.708s] -- Up-to-date symlink: /home/ziad/ziad_ws/ROS2/work_space/install/yahboom_rosmaster_gazebo/share/yahboom_rosmaster_gazebo/models/aws_robomaker_residential_PortraitA_01/model.sdf
[0.710s] -- Up-to-date symlink: /home/ziad/ziad_ws/ROS2/work_space/install/yahboom_rosmaster_gazebo/share/yahboom_rosmaster_gazebo/models/aws_robomaker_residential_PortraitA_02/materials/textures/PortraitA_02.jpg
[0.719s] -- Up-to-date symlink: /home/ziad/ziad_ws/ROS2/work_space/install/yahboom_rosmaster_gazebo/share/yahboom_rosmaster_gazebo/models/aws_robomaker_residential_PortraitA_02/materials/textures/aws_PortraitA_01.png
[0.721s] -- Up-to-date symlink: /home/ziad/ziad_ws/ROS2/work_space/install/yahboom_rosmaster_gazebo/share/yahboom_rosmaster_gazebo/models/aws_robomaker_residential_PortraitA_02/materials/textures/aws_PortraitA_02.png
[0.723s] -- Up-to-date symlink: /home/ziad/ziad_ws/ROS2/work_space/install/yahboom_rosmaster_gazebo/share/yahboom_rosmaster_gazebo/models/aws_robomaker_residential_PortraitA_02/meshes/aws_PortraitA_01_collision.DAE
[0.728s] -- Up-to-date symlink: /home/ziad/ziad_ws/ROS2/work_space/install/yahboom_rosmaster_gazebo/share/yahboom_rosmaster_gazebo/models/aws_robomaker_residential_PortraitA_02/meshes/aws_PortraitA_01_visual.DAE
[0.729s] -- Up-to-date symlink: /home/ziad/ziad_ws/ROS2/work_space/install/yahboom_rosmaster_gazebo/share/yahboom_rosmaster_gazebo/models/aws_robomaker_residential_PortraitA_02/model.config
[0.732s] -- Up-to-date symlink: /home/ziad/ziad_ws/ROS2/work_space/install/yahboom_rosmaster_gazebo/share/yahboom_rosmaster_gazebo/models/aws_robomaker_residential_PortraitA_02/model.sdf
[0.732s] -- Up-to-date symlink: /home/ziad/ziad_ws/ROS2/work_space/install/yahboom_rosmaster_gazebo/share/yahboom_rosmaster_gazebo/models/aws_robomaker_residential_PortraitB_01/materials/textures/PortraitB_01.jpg
[0.732s] -- Up-to-date symlink: /home/ziad/ziad_ws/ROS2/work_space/install/yahboom_rosmaster_gazebo/share/yahboom_rosmaster_gazebo/models/aws_robomaker_residential_PortraitB_01/materials/textures/aws_PortraitB_01.png
[0.732s] -- Up-to-date symlink: /home/ziad/ziad_ws/ROS2/work_space/install/yahboom_rosmaster_gazebo/share/yahboom_rosmaster_gazebo/models/aws_robomaker_residential_PortraitB_01/materials/textures/aws_PortraitB_02.png
[0.733s] -- Up-to-date symlink: /home/ziad/ziad_ws/ROS2/work_space/install/yahboom_rosmaster_gazebo/share/yahboom_rosmaster_gazebo/models/aws_robomaker_residential_PortraitB_01/meshes/aws_PortraitB_01_collision.DAE
[0.734s] -- Up-to-date symlink: /home/ziad/ziad_ws/ROS2/work_space/install/yahboom_rosmaster_gazebo/share/yahboom_rosmaster_gazebo/models/aws_robomaker_residential_PortraitB_01/meshes/aws_PortraitB_01_visual.DAE
[0.735s] -- Up-to-date symlink: /home/ziad/ziad_ws/ROS2/work_space/install/yahboom_rosmaster_gazebo/share/yahboom_rosmaster_gazebo/models/aws_robomaker_residential_PortraitB_01/model.config
[0.735s] -- Up-to-date symlink: /home/ziad/ziad_ws/ROS2/work_space/install/yahboom_rosmaster_gazebo/share/yahboom_rosmaster_gazebo/models/aws_robomaker_residential_PortraitB_01/model.sdf
[0.737s] -- Up-to-date symlink: /home/ziad/ziad_ws/ROS2/work_space/install/yahboom_rosmaster_gazebo/share/yahboom_rosmaster_gazebo/models/aws_robomaker_residential_PortraitB_02/materials/textures/PortraitB_02.jpg
[0.738s] -- Up-to-date symlink: /home/ziad/ziad_ws/ROS2/work_space/install/yahboom_rosmaster_gazebo/share/yahboom_rosmaster_gazebo/models/aws_robomaker_residential_PortraitB_02/materials/textures/aws_PortraitB_01.png
[0.739s] -- Up-to-date symlink: /home/ziad/ziad_ws/ROS2/work_space/install/yahboom_rosmaster_gazebo/share/yahboom_rosmaster_gazebo/models/aws_robomaker_residential_PortraitB_02/materials/textures/aws_PortraitB_02.png
[0.743s] -- Up-to-date symlink: /home/ziad/ziad_ws/ROS2/work_space/install/yahboom_rosmaster_gazebo/share/yahboom_rosmaster_gazebo/models/aws_robomaker_residential_PortraitB_02/meshes/aws_PortraitB_01_collision.DAE
[0.745s] -- Up-to-date symlink: /home/ziad/ziad_ws/ROS2/work_space/install/yahboom_rosmaster_gazebo/share/yahboom_rosmaster_gazebo/models/aws_robomaker_residential_PortraitB_02/meshes/aws_PortraitB_01_visual.DAE
[0.746s] -- Up-to-date symlink: /home/ziad/ziad_ws/ROS2/work_space/install/yahboom_rosmaster_gazebo/share/yahboom_rosmaster_gazebo/models/aws_robomaker_residential_PortraitB_02/model.config
[0.748s] -- Up-to-date symlink: /home/ziad/ziad_ws/ROS2/work_space/install/yahboom_rosmaster_gazebo/share/yahboom_rosmaster_gazebo/models/aws_robomaker_residential_PortraitB_02/model.sdf
[0.750s] -- Up-to-date symlink: /home/ziad/ziad_ws/ROS2/work_space/install/yahboom_rosmaster_gazebo/share/yahboom_rosmaster_gazebo/models/aws_robomaker_residential_PortraitB_03/materials/textures/PortraitB_03.jpg
[0.753s] -- Up-to-date symlink: /home/ziad/ziad_ws/ROS2/work_space/install/yahboom_rosmaster_gazebo/share/yahboom_rosmaster_gazebo/models/aws_robomaker_residential_PortraitB_03/materials/textures/aws_PortraitB_01.png
[0.754s] -- Up-to-date symlink: /home/ziad/ziad_ws/ROS2/work_space/install/yahboom_rosmaster_gazebo/share/yahboom_rosmaster_gazebo/models/aws_robomaker_residential_PortraitB_03/materials/textures/aws_PortraitB_02.png
[0.755s] -- Up-to-date symlink: /home/ziad/ziad_ws/ROS2/work_space/install/yahboom_rosmaster_gazebo/share/yahboom_rosmaster_gazebo/models/aws_robomaker_residential_PortraitB_03/meshes/aws_PortraitB_01_collision.DAE
[0.755s] -- Up-to-date symlink: /home/ziad/ziad_ws/ROS2/work_space/install/yahboom_rosmaster_gazebo/share/yahboom_rosmaster_gazebo/models/aws_robomaker_residential_PortraitB_03/meshes/aws_PortraitB_01_visual.DAE
[0.759s] -- Up-to-date symlink: /home/ziad/ziad_ws/ROS2/work_space/install/yahboom_rosmaster_gazebo/share/yahboom_rosmaster_gazebo/models/aws_robomaker_residential_PortraitB_03/model.config
[0.759s] -- Up-to-date symlink: /home/ziad/ziad_ws/ROS2/work_space/install/yahboom_rosmaster_gazebo/share/yahboom_rosmaster_gazebo/models/aws_robomaker_residential_PortraitB_03/model.sdf
[0.762s] -- Up-to-date symlink: /home/ziad/ziad_ws/ROS2/work_space/install/yahboom_rosmaster_gazebo/share/yahboom_rosmaster_gazebo/models/aws_robomaker_residential_PortraitC_01/materials/textures/PortraitC_01.jpg
[0.764s] -- Up-to-date symlink: /home/ziad/ziad_ws/ROS2/work_space/install/yahboom_rosmaster_gazebo/share/yahboom_rosmaster_gazebo/models/aws_robomaker_residential_PortraitC_01/materials/textures/aws_PortraitC_01.png
[0.769s] -- Up-to-date symlink: /home/ziad/ziad_ws/ROS2/work_space/install/yahboom_rosmaster_gazebo/share/yahboom_rosmaster_gazebo/models/aws_robomaker_residential_PortraitC_01/materials/textures/aws_PortraitC_02.png
[0.770s] -- Up-to-date symlink: /home/ziad/ziad_ws/ROS2/work_space/install/yahboom_rosmaster_gazebo/share/yahboom_rosmaster_gazebo/models/aws_robomaker_residential_PortraitC_01/meshes/aws_PortraitC_01_collision.DAE
[0.770s] -- Up-to-date symlink: /home/ziad/ziad_ws/ROS2/work_space/install/yahboom_rosmaster_gazebo/share/yahboom_rosmaster_gazebo/models/aws_robomaker_residential_PortraitC_01/meshes/aws_PortraitC_01_visual.DAE
[0.770s] -- Up-to-date symlink: /home/ziad/ziad_ws/ROS2/work_space/install/yahboom_rosmaster_gazebo/share/yahboom_rosmaster_gazebo/models/aws_robomaker_residential_PortraitC_01/model.config
[0.771s] -- Up-to-date symlink: /home/ziad/ziad_ws/ROS2/work_space/install/yahboom_rosmaster_gazebo/share/yahboom_rosmaster_gazebo/models/aws_robomaker_residential_PortraitC_01/model.sdf
[0.772s] -- Up-to-date symlink: /home/ziad/ziad_ws/ROS2/work_space/install/yahboom_rosmaster_gazebo/share/yahboom_rosmaster_gazebo/models/aws_robomaker_residential_PortraitD_01/materials/textures/PortraitD_01.jpg
[0.772s] -- Up-to-date symlink: /home/ziad/ziad_ws/ROS2/work_space/install/yahboom_rosmaster_gazebo/share/yahboom_rosmaster_gazebo/models/aws_robomaker_residential_PortraitD_01/materials/textures/aws_PortraitD_01.png
[0.772s] -- Up-to-date symlink: /home/ziad/ziad_ws/ROS2/work_space/install/yahboom_rosmaster_gazebo/share/yahboom_rosmaster_gazebo/models/aws_robomaker_residential_PortraitD_01/materials/textures/aws_PortraitD_02.png
[0.772s] -- Up-to-date symlink: /home/ziad/ziad_ws/ROS2/work_space/install/yahboom_rosmaster_gazebo/share/yahboom_rosmaster_gazebo/models/aws_robomaker_residential_PortraitD_01/meshes/aws_PortraitD_01_collision.DAE
[0.772s] -- Up-to-date symlink: /home/ziad/ziad_ws/ROS2/work_space/install/yahboom_rosmaster_gazebo/share/yahboom_rosmaster_gazebo/models/aws_robomaker_residential_PortraitD_01/meshes/aws_PortraitD_01_visual.DAE
[0.772s] -- Up-to-date symlink: /home/ziad/ziad_ws/ROS2/work_space/install/yahboom_rosmaster_gazebo/share/yahboom_rosmaster_gazebo/models/aws_robomaker_residential_PortraitD_01/model.config
[0.773s] -- Up-to-date symlink: /home/ziad/ziad_ws/ROS2/work_space/install/yahboom_rosmaster_gazebo/share/yahboom_rosmaster_gazebo/models/aws_robomaker_residential_PortraitD_01/model.sdf
[0.781s] -- Up-to-date symlink: /home/ziad/ziad_ws/ROS2/work_space/install/yahboom_rosmaster_gazebo/share/yahboom_rosmaster_gazebo/models/aws_robomaker_residential_PortraitD_02/materials/textures/PortraitD_02.jpg
[0.781s] -- Up-to-date symlink: /home/ziad/ziad_ws/ROS2/work_space/install/yahboom_rosmaster_gazebo/share/yahboom_rosmaster_gazebo/models/aws_robomaker_residential_PortraitD_02/materials/textures/aws_PortraitD_01.png
[0.782s] -- Up-to-date symlink: /home/ziad/ziad_ws/ROS2/work_space/install/yahboom_rosmaster_gazebo/share/yahboom_rosmaster_gazebo/models/aws_robomaker_residential_PortraitD_02/materials/textures/aws_PortraitD_02.png
[0.782s] -- Up-to-date symlink: /home/ziad/ziad_ws/ROS2/work_space/install/yahboom_rosmaster_gazebo/share/yahboom_rosmaster_gazebo/models/aws_robomaker_residential_PortraitD_02/meshes/aws_PortraitD_01_collision.DAE
[0.782s] -- Up-to-date symlink: /home/ziad/ziad_ws/ROS2/work_space/install/yahboom_rosmaster_gazebo/share/yahboom_rosmaster_gazebo/models/aws_robomaker_residential_PortraitD_02/meshes/aws_PortraitD_01_visual.DAE
[0.782s] -- Up-to-date symlink: /home/ziad/ziad_ws/ROS2/work_space/install/yahboom_rosmaster_gazebo/share/yahboom_rosmaster_gazebo/models/aws_robomaker_residential_PortraitD_02/model.config
[0.782s] -- Up-to-date symlink: /home/ziad/ziad_ws/ROS2/work_space/install/yahboom_rosmaster_gazebo/share/yahboom_rosmaster_gazebo/models/aws_robomaker_residential_PortraitD_02/model.sdf
[0.782s] -- Up-to-date symlink: /home/ziad/ziad_ws/ROS2/work_space/install/yahboom_rosmaster_gazebo/share/yahboom_rosmaster_gazebo/models/aws_robomaker_residential_PortraitE_01/materials/textures/PortraitE_01.jpg
[0.783s] -- Up-to-date symlink: /home/ziad/ziad_ws/ROS2/work_space/install/yahboom_rosmaster_gazebo/share/yahboom_rosmaster_gazebo/models/aws_robomaker_residential_PortraitE_01/materials/textures/aws_PortraitE_01.png
[0.783s] -- Up-to-date symlink: /home/ziad/ziad_ws/ROS2/work_space/install/yahboom_rosmaster_gazebo/share/yahboom_rosmaster_gazebo/models/aws_robomaker_residential_PortraitE_01/materials/textures/aws_PortraitE_02.png
[0.783s] -- Up-to-date symlink: /home/ziad/ziad_ws/ROS2/work_space/install/yahboom_rosmaster_gazebo/share/yahboom_rosmaster_gazebo/models/aws_robomaker_residential_PortraitE_01/meshes/aws_PortraitE_01_collision.DAE
[0.785s] -- Up-to-date symlink: /home/ziad/ziad_ws/ROS2/work_space/install/yahboom_rosmaster_gazebo/share/yahboom_rosmaster_gazebo/models/aws_robomaker_residential_PortraitE_01/meshes/aws_PortraitE_01_visual.DAE
[0.785s] -- Up-to-date symlink: /home/ziad/ziad_ws/ROS2/work_space/install/yahboom_rosmaster_gazebo/share/yahboom_rosmaster_gazebo/models/aws_robomaker_residential_PortraitE_01/model.config
[0.786s] -- Up-to-date symlink: /home/ziad/ziad_ws/ROS2/work_space/install/yahboom_rosmaster_gazebo/share/yahboom_rosmaster_gazebo/models/aws_robomaker_residential_PortraitE_01/model.sdf
[0.788s] -- Up-to-date symlink: /home/ziad/ziad_ws/ROS2/work_space/install/yahboom_rosmaster_gazebo/share/yahboom_rosmaster_gazebo/models/aws_robomaker_residential_PortraitE_02/materials/textures/PortraitE_02.jpg
[0.792s] -- Up-to-date symlink: /home/ziad/ziad_ws/ROS2/work_space/install/yahboom_rosmaster_gazebo/share/yahboom_rosmaster_gazebo/models/aws_robomaker_residential_PortraitE_02/materials/textures/aws_PortraitE_01.png
[0.793s] -- Up-to-date symlink: /home/ziad/ziad_ws/ROS2/work_space/install/yahboom_rosmaster_gazebo/share/yahboom_rosmaster_gazebo/models/aws_robomaker_residential_PortraitE_02/materials/textures/aws_PortraitE_02.png
[0.794s] -- Up-to-date symlink: /home/ziad/ziad_ws/ROS2/work_space/install/yahboom_rosmaster_gazebo/share/yahboom_rosmaster_gazebo/models/aws_robomaker_residential_PortraitE_02/meshes/aws_PortraitE_01_collision.DAE
[0.795s] -- Up-to-date symlink: /home/ziad/ziad_ws/ROS2/work_space/install/yahboom_rosmaster_gazebo/share/yahboom_rosmaster_gazebo/models/aws_robomaker_residential_PortraitE_02/meshes/aws_PortraitE_01_visual.DAE
[0.796s] -- Up-to-date symlink: /home/ziad/ziad_ws/ROS2/work_space/install/yahboom_rosmaster_gazebo/share/yahboom_rosmaster_gazebo/models/aws_robomaker_residential_PortraitE_02/model.config
[0.798s] -- Up-to-date symlink: /home/ziad/ziad_ws/ROS2/work_space/install/yahboom_rosmaster_gazebo/share/yahboom_rosmaster_gazebo/models/aws_robomaker_residential_PortraitE_02/model.sdf
[0.799s] -- Up-to-date symlink: /home/ziad/ziad_ws/ROS2/work_space/install/yahboom_rosmaster_gazebo/share/yahboom_rosmaster_gazebo/models/aws_robomaker_residential_Quilt_01/materials/textures/aws_Quilt_01.png
[0.799s] -- Up-to-date symlink: /home/ziad/ziad_ws/ROS2/work_space/install/yahboom_rosmaster_gazebo/share/yahboom_rosmaster_gazebo/models/aws_robomaker_residential_Quilt_01/meshes/aws_Quilt_01_collision.DAE
[0.799s] -- Up-to-date symlink: /home/ziad/ziad_ws/ROS2/work_space/install/yahboom_rosmaster_gazebo/share/yahboom_rosmaster_gazebo/models/aws_robomaker_residential_Quilt_01/meshes/aws_Quilt_01_visual.DAE
[0.800s] -- Up-to-date symlink: /home/ziad/ziad_ws/ROS2/work_space/install/yahboom_rosmaster_gazebo/share/yahboom_rosmaster_gazebo/models/aws_robomaker_residential_Quilt_01/model.config
[0.801s] -- Up-to-date symlink: /home/ziad/ziad_ws/ROS2/work_space/install/yahboom_rosmaster_gazebo/share/yahboom_rosmaster_gazebo/models/aws_robomaker_residential_Quilt_01/model.sdf
[0.801s] -- Up-to-date symlink: /home/ziad/ziad_ws/ROS2/work_space/install/yahboom_rosmaster_gazebo/share/yahboom_rosmaster_gazebo/models/aws_robomaker_residential_Rangehood_01/materials/textures/aws_Rangehood_01.png
[0.803s] -- Up-to-date symlink: /home/ziad/ziad_ws/ROS2/work_space/install/yahboom_rosmaster_gazebo/share/yahboom_rosmaster_gazebo/models/aws_robomaker_residential_Rangehood_01/meshes/aws_Rangehood_01_collision.DAE
[0.805s] -- Up-to-date symlink: /home/ziad/ziad_ws/ROS2/work_space/install/yahboom_rosmaster_gazebo/share/yahboom_rosmaster_gazebo/models/aws_robomaker_residential_Rangehood_01/meshes/aws_Rangehood_01_visual.DAE
[0.805s] -- Up-to-date symlink: /home/ziad/ziad_ws/ROS2/work_space/install/yahboom_rosmaster_gazebo/share/yahboom_rosmaster_gazebo/models/aws_robomaker_residential_Rangehood_01/model.config
[0.805s] -- Up-to-date symlink: /home/ziad/ziad_ws/ROS2/work_space/install/yahboom_rosmaster_gazebo/share/yahboom_rosmaster_gazebo/models/aws_robomaker_residential_Rangehood_01/model.sdf
[0.805s] -- Up-to-date symlink: /home/ziad/ziad_ws/ROS2/work_space/install/yahboom_rosmaster_gazebo/share/yahboom_rosmaster_gazebo/models/aws_robomaker_residential_ReadingDesk_01/materials/textures/aws_ReadingDesk_01.png
[0.805s] -- Up-to-date symlink: /home/ziad/ziad_ws/ROS2/work_space/install/yahboom_rosmaster_gazebo/share/yahboom_rosmaster_gazebo/models/aws_robomaker_residential_ReadingDesk_01/meshes/aws_ReadingDesk_01_collision.DAE
[0.808s] -- Up-to-date symlink: /home/ziad/ziad_ws/ROS2/work_space/install/yahboom_rosmaster_gazebo/share/yahboom_rosmaster_gazebo/models/aws_robomaker_residential_ReadingDesk_01/meshes/aws_ReadingDesk_01_visual.DAE
[0.810s] -- Up-to-date symlink: /home/ziad/ziad_ws/ROS2/work_space/install/yahboom_rosmaster_gazebo/share/yahboom_rosmaster_gazebo/models/aws_robomaker_residential_ReadingDesk_01/model.config
[0.810s] -- Up-to-date symlink: /home/ziad/ziad_ws/ROS2/work_space/install/yahboom_rosmaster_gazebo/share/yahboom_rosmaster_gazebo/models/aws_robomaker_residential_ReadingDesk_01/model.sdf
[0.812s] -- Up-to-date symlink: /home/ziad/ziad_ws/ROS2/work_space/install/yahboom_rosmaster_gazebo/share/yahboom_rosmaster_gazebo/models/aws_robomaker_residential_Refrigerator_01/materials/textures/aws_Refrigerator_01.png
[0.814s] -- Up-to-date symlink: /home/ziad/ziad_ws/ROS2/work_space/install/yahboom_rosmaster_gazebo/share/yahboom_rosmaster_gazebo/models/aws_robomaker_residential_Refrigerator_01/materials/textures/aws_Refrigerator_02.png
[0.816s] -- Up-to-date symlink: /home/ziad/ziad_ws/ROS2/work_space/install/yahboom_rosmaster_gazebo/share/yahboom_rosmaster_gazebo/models/aws_robomaker_residential_Refrigerator_01/meshes/aws_Refrigerator_01.DAE
[0.818s] -- Up-to-date symlink: /home/ziad/ziad_ws/ROS2/work_space/install/yahboom_rosmaster_gazebo/share/yahboom_rosmaster_gazebo/models/aws_robomaker_residential_Refrigerator_01/meshes/aws_Refrigerator_01_collision.DAE
[0.819s] -- Up-to-date symlink: /home/ziad/ziad_ws/ROS2/work_space/install/yahboom_rosmaster_gazebo/share/yahboom_rosmaster_gazebo/models/aws_robomaker_residential_Refrigerator_01/meshes/aws_Refrigerator_01_visual.DAE
[0.820s] -- Up-to-date symlink: /home/ziad/ziad_ws/ROS2/work_space/install/yahboom_rosmaster_gazebo/share/yahboom_rosmaster_gazebo/models/aws_robomaker_residential_Refrigerator_01/model.config
[0.823s] -- Up-to-date symlink: /home/ziad/ziad_ws/ROS2/work_space/install/yahboom_rosmaster_gazebo/share/yahboom_rosmaster_gazebo/models/aws_robomaker_residential_Refrigerator_01/model.sdf
[0.829s] -- Up-to-date symlink: /home/ziad/ziad_ws/ROS2/work_space/install/yahboom_rosmaster_gazebo/share/yahboom_rosmaster_gazebo/models/aws_robomaker_residential_RoomCeiling_01/materials/textures/aws_RoomCeiling_01.png
[0.831s] -- Up-to-date symlink: /home/ziad/ziad_ws/ROS2/work_space/install/yahboom_rosmaster_gazebo/share/yahboom_rosmaster_gazebo/models/aws_robomaker_residential_RoomCeiling_01/meshes/aws_RoomCeiling_01_collision.DAE
[0.835s] -- Up-to-date symlink: /home/ziad/ziad_ws/ROS2/work_space/install/yahboom_rosmaster_gazebo/share/yahboom_rosmaster_gazebo/models/aws_robomaker_residential_RoomCeiling_01/meshes/aws_RoomCeiling_01_visual.DAE
[0.835s] -- Up-to-date symlink: /home/ziad/ziad_ws/ROS2/work_space/install/yahboom_rosmaster_gazebo/share/yahboom_rosmaster_gazebo/models/aws_robomaker_residential_RoomCeiling_01/model.config
[0.835s] -- Up-to-date symlink: /home/ziad/ziad_ws/ROS2/work_space/install/yahboom_rosmaster_gazebo/share/yahboom_rosmaster_gazebo/models/aws_robomaker_residential_RoomCeiling_01/model.sdf
[0.839s] -- Up-to-date symlink: /home/ziad/ziad_ws/ROS2/work_space/install/yahboom_rosmaster_gazebo/share/yahboom_rosmaster_gazebo/models/aws_robomaker_residential_RoomWall_01/materials/textures/aws_RoomWall_01.png
[0.839s] -- Up-to-date symlink: /home/ziad/ziad_ws/ROS2/work_space/install/yahboom_rosmaster_gazebo/share/yahboom_rosmaster_gazebo/models/aws_robomaker_residential_RoomWall_01/meshes/aws_RoomWall_01_collision.DAE
[0.842s] -- Up-to-date symlink: /home/ziad/ziad_ws/ROS2/work_space/install/yahboom_rosmaster_gazebo/share/yahboom_rosmaster_gazebo/models/aws_robomaker_residential_RoomWall_01/meshes/aws_RoomWall_01_visual.DAE
[0.845s] -- Up-to-date symlink: /home/ziad/ziad_ws/ROS2/work_space/install/yahboom_rosmaster_gazebo/share/yahboom_rosmaster_gazebo/models/aws_robomaker_residential_RoomWall_01/model.config
[0.849s] -- Up-to-date symlink: /home/ziad/ziad_ws/ROS2/work_space/install/yahboom_rosmaster_gazebo/share/yahboom_rosmaster_gazebo/models/aws_robomaker_residential_RoomWall_01/model.sdf
[0.851s] -- Up-to-date symlink: /home/ziad/ziad_ws/ROS2/work_space/install/yahboom_rosmaster_gazebo/share/yahboom_rosmaster_gazebo/models/aws_robomaker_residential_RoomWindow_01/materials/textures/aws_RoomWindow_01.png
[0.851s] -- Up-to-date symlink: /home/ziad/ziad_ws/ROS2/work_space/install/yahboom_rosmaster_gazebo/share/yahboom_rosmaster_gazebo/models/aws_robomaker_residential_RoomWindow_01/meshes/aws_RoomWindow_01_collision.DAE
[0.852s] -- Up-to-date symlink: /home/ziad/ziad_ws/ROS2/work_space/install/yahboom_rosmaster_gazebo/share/yahboom_rosmaster_gazebo/models/aws_robomaker_residential_RoomWindow_01/meshes/aws_RoomWindow_01_visual.DAE
[0.854s] -- Up-to-date symlink: /home/ziad/ziad_ws/ROS2/work_space/install/yahboom_rosmaster_gazebo/share/yahboom_rosmaster_gazebo/models/aws_robomaker_residential_RoomWindow_01/model.config
[0.854s] -- Up-to-date symlink: /home/ziad/ziad_ws/ROS2/work_space/install/yahboom_rosmaster_gazebo/share/yahboom_rosmaster_gazebo/models/aws_robomaker_residential_RoomWindow_01/model.sdf
[0.855s] -- Up-to-date symlink: /home/ziad/ziad_ws/ROS2/work_space/install/yahboom_rosmaster_gazebo/share/yahboom_rosmaster_gazebo/models/aws_robomaker_residential_SeasoningBox_01/materials/textures/aws_SeasoningBox_01.png
[0.855s] -- Up-to-date symlink: /home/ziad/ziad_ws/ROS2/work_space/install/yahboom_rosmaster_gazebo/share/yahboom_rosmaster_gazebo/models/aws_robomaker_residential_SeasoningBox_01/meshes/aws_SeasoningBox_01_collision.DAE
[0.856s] -- Up-to-date symlink: /home/ziad/ziad_ws/ROS2/work_space/install/yahboom_rosmaster_gazebo/share/yahboom_rosmaster_gazebo/models/aws_robomaker_residential_SeasoningBox_01/meshes/aws_SeasoningBox_01_visual.DAE
[0.862s] -- Up-to-date symlink: /home/ziad/ziad_ws/ROS2/work_space/install/yahboom_rosmaster_gazebo/share/yahboom_rosmaster_gazebo/models/aws_robomaker_residential_SeasoningBox_01/model.config
[0.862s] -- Up-to-date symlink: /home/ziad/ziad_ws/ROS2/work_space/install/yahboom_rosmaster_gazebo/share/yahboom_rosmaster_gazebo/models/aws_robomaker_residential_SeasoningBox_01/model.sdf
[0.865s] -- Up-to-date symlink: /home/ziad/ziad_ws/ROS2/work_space/install/yahboom_rosmaster_gazebo/share/yahboom_rosmaster_gazebo/models/aws_robomaker_residential_SecurityCamera_01/materials/textures/aws_SecurityCamera_01.png
[0.866s] -- Up-to-date symlink: /home/ziad/ziad_ws/ROS2/work_space/install/yahboom_rosmaster_gazebo/share/yahboom_rosmaster_gazebo/models/aws_robomaker_residential_SecurityCamera_01/meshes/aws_SecurityCamera_01_collision.DAE
[0.866s] -- Up-to-date symlink: /home/ziad/ziad_ws/ROS2/work_space/install/yahboom_rosmaster_gazebo/share/yahboom_rosmaster_gazebo/models/aws_robomaker_residential_SecurityCamera_01/meshes/aws_SecurityCamera_01_visual.DAE
[0.867s] -- Up-to-date symlink: /home/ziad/ziad_ws/ROS2/work_space/install/yahboom_rosmaster_gazebo/share/yahboom_rosmaster_gazebo/models/aws_robomaker_residential_SecurityCamera_01/model.config
[0.868s] -- Up-to-date symlink: /home/ziad/ziad_ws/ROS2/work_space/install/yahboom_rosmaster_gazebo/share/yahboom_rosmaster_gazebo/models/aws_robomaker_residential_SecurityCamera_01/model.sdf
[0.870s] -- Up-to-date symlink: /home/ziad/ziad_ws/ROS2/work_space/install/yahboom_rosmaster_gazebo/share/yahboom_rosmaster_gazebo/models/aws_robomaker_residential_ShoeRack_01/materials/textures/aws_ShoeRack_01.png
[0.871s] -- Up-to-date symlink: /home/ziad/ziad_ws/ROS2/work_space/install/yahboom_rosmaster_gazebo/share/yahboom_rosmaster_gazebo/models/aws_robomaker_residential_ShoeRack_01/meshes/aws_ShoeRack_01_collision.DAE
[0.874s] -- Up-to-date symlink: /home/ziad/ziad_ws/ROS2/work_space/install/yahboom_rosmaster_gazebo/share/yahboom_rosmaster_gazebo/models/aws_robomaker_residential_ShoeRack_01/meshes/aws_ShoeRack_01_visual.DAE
[0.876s] -- Up-to-date symlink: /home/ziad/ziad_ws/ROS2/work_space/install/yahboom_rosmaster_gazebo/share/yahboom_rosmaster_gazebo/models/aws_robomaker_residential_ShoeRack_01/model.config
[0.880s] -- Up-to-date symlink: /home/ziad/ziad_ws/ROS2/work_space/install/yahboom_rosmaster_gazebo/share/yahboom_rosmaster_gazebo/models/aws_robomaker_residential_ShoeRack_01/model.sdf
[0.880s] -- Up-to-date symlink: /home/ziad/ziad_ws/ROS2/work_space/install/yahboom_rosmaster_gazebo/share/yahboom_rosmaster_gazebo/models/aws_robomaker_residential_SofaB_01/materials/textures/aws_SofaB_01.png
[0.881s] -- Up-to-date symlink: /home/ziad/ziad_ws/ROS2/work_space/install/yahboom_rosmaster_gazebo/share/yahboom_rosmaster_gazebo/models/aws_robomaker_residential_SofaB_01/meshes/aws_SofaB_01_collision.DAE
[0.883s] -- Up-to-date symlink: /home/ziad/ziad_ws/ROS2/work_space/install/yahboom_rosmaster_gazebo/share/yahboom_rosmaster_gazebo/models/aws_robomaker_residential_SofaB_01/meshes/aws_SofaB_01_visual.DAE
[0.884s] -- Up-to-date symlink: /home/ziad/ziad_ws/ROS2/work_space/install/yahboom_rosmaster_gazebo/share/yahboom_rosmaster_gazebo/models/aws_robomaker_residential_SofaB_01/model.config
[0.885s] -- Up-to-date symlink: /home/ziad/ziad_ws/ROS2/work_space/install/yahboom_rosmaster_gazebo/share/yahboom_rosmaster_gazebo/models/aws_robomaker_residential_SofaB_01/model.sdf
[0.888s] -- Up-to-date symlink: /home/ziad/ziad_ws/ROS2/work_space/install/yahboom_rosmaster_gazebo/share/yahboom_rosmaster_gazebo/models/aws_robomaker_residential_SofaC_01/materials/textures/aws_SofaC_01.png
[0.889s] -- Up-to-date symlink: /home/ziad/ziad_ws/ROS2/work_space/install/yahboom_rosmaster_gazebo/share/yahboom_rosmaster_gazebo/models/aws_robomaker_residential_SofaC_01/meshes/aws_SofaC_01_collision.DAE
[0.893s] -- Up-to-date symlink: /home/ziad/ziad_ws/ROS2/work_space/install/yahboom_rosmaster_gazebo/share/yahboom_rosmaster_gazebo/models/aws_robomaker_residential_SofaC_01/meshes/aws_SofaC_01_visual.DAE
[0.895s] -- Up-to-date symlink: /home/ziad/ziad_ws/ROS2/work_space/install/yahboom_rosmaster_gazebo/share/yahboom_rosmaster_gazebo/models/aws_robomaker_residential_SofaC_01/model.config
[0.897s] -- Up-to-date symlink: /home/ziad/ziad_ws/ROS2/work_space/install/yahboom_rosmaster_gazebo/share/yahboom_rosmaster_gazebo/models/aws_robomaker_residential_SofaC_01/model.sdf
[0.898s] -- Up-to-date symlink: /home/ziad/ziad_ws/ROS2/work_space/install/yahboom_rosmaster_gazebo/share/yahboom_rosmaster_gazebo/models/aws_robomaker_residential_Sofa_01/materials/textures/aws_Sofa_01.png
[0.902s] -- Up-to-date symlink: /home/ziad/ziad_ws/ROS2/work_space/install/yahboom_rosmaster_gazebo/share/yahboom_rosmaster_gazebo/models/aws_robomaker_residential_Sofa_01/meshes/aws_Sofa_01.DAE
[0.902s] -- Up-to-date symlink: /home/ziad/ziad_ws/ROS2/work_space/install/yahboom_rosmaster_gazebo/share/yahboom_rosmaster_gazebo/models/aws_robomaker_residential_Sofa_01/meshes/aws_Sofa_01_collision.DAE
[0.902s] -- Up-to-date symlink: /home/ziad/ziad_ws/ROS2/work_space/install/yahboom_rosmaster_gazebo/share/yahboom_rosmaster_gazebo/models/aws_robomaker_residential_Sofa_01/meshes/aws_Sofa_01_visual.DAE
[0.902s] -- Up-to-date symlink: /home/ziad/ziad_ws/ROS2/work_space/install/yahboom_rosmaster_gazebo/share/yahboom_rosmaster_gazebo/models/aws_robomaker_residential_Sofa_01/model.config
[0.903s] -- Up-to-date symlink: /home/ziad/ziad_ws/ROS2/work_space/install/yahboom_rosmaster_gazebo/share/yahboom_rosmaster_gazebo/models/aws_robomaker_residential_Sofa_01/model.sdf
[0.906s] -- Up-to-date symlink: /home/ziad/ziad_ws/ROS2/work_space/install/yahboom_rosmaster_gazebo/share/yahboom_rosmaster_gazebo/models/aws_robomaker_residential_TVCabinet_01/materials/textures/aws_TVCabinet_01.png
[0.907s] -- Up-to-date symlink: /home/ziad/ziad_ws/ROS2/work_space/install/yahboom_rosmaster_gazebo/share/yahboom_rosmaster_gazebo/models/aws_robomaker_residential_TVCabinet_01/meshes/aws_TVCabinet_01_collision.DAE
[0.908s] -- Up-to-date symlink: /home/ziad/ziad_ws/ROS2/work_space/install/yahboom_rosmaster_gazebo/share/yahboom_rosmaster_gazebo/models/aws_robomaker_residential_TVCabinet_01/meshes/aws_TVCabinet_01_visual.DAE
[0.910s] -- Up-to-date symlink: /home/ziad/ziad_ws/ROS2/work_space/install/yahboom_rosmaster_gazebo/share/yahboom_rosmaster_gazebo/models/aws_robomaker_residential_TVCabinet_01/model.config
[0.912s] -- Up-to-date symlink: /home/ziad/ziad_ws/ROS2/work_space/install/yahboom_rosmaster_gazebo/share/yahboom_rosmaster_gazebo/models/aws_robomaker_residential_TVCabinet_01/model.sdf
[0.912s] -- Up-to-date symlink: /home/ziad/ziad_ws/ROS2/work_space/install/yahboom_rosmaster_gazebo/share/yahboom_rosmaster_gazebo/models/aws_robomaker_residential_TV_01/materials/textures/aws_TV_01.png
[0.914s] -- Up-to-date symlink: /home/ziad/ziad_ws/ROS2/work_space/install/yahboom_rosmaster_gazebo/share/yahboom_rosmaster_gazebo/models/aws_robomaker_residential_TV_01/meshes/aws_TV_01_collision.DAE
[0.915s] -- Up-to-date symlink: /home/ziad/ziad_ws/ROS2/work_space/install/yahboom_rosmaster_gazebo/share/yahboom_rosmaster_gazebo/models/aws_robomaker_residential_TV_01/meshes/aws_TV_01_visual.DAE
[0.917s] -- Up-to-date symlink: /home/ziad/ziad_ws/ROS2/work_space/install/yahboom_rosmaster_gazebo/share/yahboom_rosmaster_gazebo/models/aws_robomaker_residential_TV_01/model.config
[0.918s] -- Up-to-date symlink: /home/ziad/ziad_ws/ROS2/work_space/install/yahboom_rosmaster_gazebo/share/yahboom_rosmaster_gazebo/models/aws_robomaker_residential_TV_01/model.sdf
[0.921s] -- Up-to-date symlink: /home/ziad/ziad_ws/ROS2/work_space/install/yahboom_rosmaster_gazebo/share/yahboom_rosmaster_gazebo/models/aws_robomaker_residential_TV_02/materials/textures/aws_TV_01.png
[0.921s] -- Up-to-date symlink: /home/ziad/ziad_ws/ROS2/work_space/install/yahboom_rosmaster_gazebo/share/yahboom_rosmaster_gazebo/models/aws_robomaker_residential_TV_02/meshes/aws_TV_01_collision.DAE
[0.923s] -- Up-to-date symlink: /home/ziad/ziad_ws/ROS2/work_space/install/yahboom_rosmaster_gazebo/share/yahboom_rosmaster_gazebo/models/aws_robomaker_residential_TV_02/meshes/aws_TV_01_visual.DAE
[0.925s] -- Up-to-date symlink: /home/ziad/ziad_ws/ROS2/work_space/install/yahboom_rosmaster_gazebo/share/yahboom_rosmaster_gazebo/models/aws_robomaker_residential_TV_02/model.config
[0.927s] -- Up-to-date symlink: /home/ziad/ziad_ws/ROS2/work_space/install/yahboom_rosmaster_gazebo/share/yahboom_rosmaster_gazebo/models/aws_robomaker_residential_TV_02/model.sdf
[0.928s] -- Up-to-date symlink: /home/ziad/ziad_ws/ROS2/work_space/install/yahboom_rosmaster_gazebo/share/yahboom_rosmaster_gazebo/models/aws_robomaker_residential_Tablet_01/.DS_Store
[0.930s] -- Up-to-date symlink: /home/ziad/ziad_ws/ROS2/work_space/install/yahboom_rosmaster_gazebo/share/yahboom_rosmaster_gazebo/models/aws_robomaker_residential_Tablet_01/materials/.DS_Store
[0.935s] -- Up-to-date symlink: /home/ziad/ziad_ws/ROS2/work_space/install/yahboom_rosmaster_gazebo/share/yahboom_rosmaster_gazebo/models/aws_robomaker_residential_Tablet_01/materials/textures/aws_Tablet_01_nologo.png
[0.935s] -- Up-to-date symlink: /home/ziad/ziad_ws/ROS2/work_space/install/yahboom_rosmaster_gazebo/share/yahboom_rosmaster_gazebo/models/aws_robomaker_residential_Tablet_01/meshes/aws_Tablet_01_collision.DAE
[0.937s] -- Up-to-date symlink: /home/ziad/ziad_ws/ROS2/work_space/install/yahboom_rosmaster_gazebo/share/yahboom_rosmaster_gazebo/models/aws_robomaker_residential_Tablet_01/meshes/aws_Tablet_01_visual.DAE
[0.937s] -- Up-to-date symlink: /home/ziad/ziad_ws/ROS2/work_space/install/yahboom_rosmaster_gazebo/share/yahboom_rosmaster_gazebo/models/aws_robomaker_residential_Tablet_01/model.config
[0.937s] -- Up-to-date symlink: /home/ziad/ziad_ws/ROS2/work_space/install/yahboom_rosmaster_gazebo/share/yahboom_rosmaster_gazebo/models/aws_robomaker_residential_Tablet_01/model.sdf
[0.937s] -- Up-to-date symlink: /home/ziad/ziad_ws/ROS2/work_space/install/yahboom_rosmaster_gazebo/share/yahboom_rosmaster_gazebo/models/aws_robomaker_residential_Tableware_01/materials/textures/aws_Tableware_01.png
[0.938s] -- Up-to-date symlink: /home/ziad/ziad_ws/ROS2/work_space/install/yahboom_rosmaster_gazebo/share/yahboom_rosmaster_gazebo/models/aws_robomaker_residential_Tableware_01/meshes/aws_Tableware_01_collision.DAE
[0.939s] -- Up-to-date symlink: /home/ziad/ziad_ws/ROS2/work_space/install/yahboom_rosmaster_gazebo/share/yahboom_rosmaster_gazebo/models/aws_robomaker_residential_Tableware_01/meshes/aws_Tableware_01_visual.DAE
[0.940s] -- Up-to-date symlink: /home/ziad/ziad_ws/ROS2/work_space/install/yahboom_rosmaster_gazebo/share/yahboom_rosmaster_gazebo/models/aws_robomaker_residential_Tableware_01/model.config
[0.941s] -- Up-to-date symlink: /home/ziad/ziad_ws/ROS2/work_space/install/yahboom_rosmaster_gazebo/share/yahboom_rosmaster_gazebo/models/aws_robomaker_residential_Tableware_01/model.sdf
[0.942s] -- Up-to-date symlink: /home/ziad/ziad_ws/ROS2/work_space/install/yahboom_rosmaster_gazebo/share/yahboom_rosmaster_gazebo/models/aws_robomaker_residential_Trash_01/materials/textures/aws_Trash_01.png
[0.943s] -- Up-to-date symlink: /home/ziad/ziad_ws/ROS2/work_space/install/yahboom_rosmaster_gazebo/share/yahboom_rosmaster_gazebo/models/aws_robomaker_residential_Trash_01/meshes/aws_Trash_01_collision.DAE
[0.946s] -- Up-to-date symlink: /home/ziad/ziad_ws/ROS2/work_space/install/yahboom_rosmaster_gazebo/share/yahboom_rosmaster_gazebo/models/aws_robomaker_residential_Trash_01/meshes/aws_Trash_01_visual.DAE
[0.946s] -- Up-to-date symlink: /home/ziad/ziad_ws/ROS2/work_space/install/yahboom_rosmaster_gazebo/share/yahboom_rosmaster_gazebo/models/aws_robomaker_residential_Trash_01/model.config
[0.947s] -- Up-to-date symlink: /home/ziad/ziad_ws/ROS2/work_space/install/yahboom_rosmaster_gazebo/share/yahboom_rosmaster_gazebo/models/aws_robomaker_residential_Trash_01/model.sdf
[0.949s] -- Up-to-date symlink: /home/ziad/ziad_ws/ROS2/work_space/install/yahboom_rosmaster_gazebo/share/yahboom_rosmaster_gazebo/models/aws_robomaker_residential_Vase_01/materials/textures/aws_Vase_01.png
[0.950s] -- Up-to-date symlink: /home/ziad/ziad_ws/ROS2/work_space/install/yahboom_rosmaster_gazebo/share/yahboom_rosmaster_gazebo/models/aws_robomaker_residential_Vase_01/meshes/aws_Vase_01_collision.DAE
[0.950s] -- Up-to-date symlink: /home/ziad/ziad_ws/ROS2/work_space/install/yahboom_rosmaster_gazebo/share/yahboom_rosmaster_gazebo/models/aws_robomaker_residential_Vase_01/meshes/aws_Vase_01_visual.DAE
[0.951s] -- Up-to-date symlink: /home/ziad/ziad_ws/ROS2/work_space/install/yahboom_rosmaster_gazebo/share/yahboom_rosmaster_gazebo/models/aws_robomaker_residential_Vase_01/model.config
[0.952s] -- Up-to-date symlink: /home/ziad/ziad_ws/ROS2/work_space/install/yahboom_rosmaster_gazebo/share/yahboom_rosmaster_gazebo/models/aws_robomaker_residential_Vase_01/model.sdf
[0.953s] -- Up-to-date symlink: /home/ziad/ziad_ws/ROS2/work_space/install/yahboom_rosmaster_gazebo/share/yahboom_rosmaster_gazebo/models/aws_robomaker_residential_Wardrobe_01/materials/textures/aws_Wardrobe_01.png
[0.954s] -- Up-to-date symlink: /home/ziad/ziad_ws/ROS2/work_space/install/yahboom_rosmaster_gazebo/share/yahboom_rosmaster_gazebo/models/aws_robomaker_residential_Wardrobe_01/meshes/aws_Wardrobe_01_collision.DAE
[0.955s] -- Up-to-date symlink: /home/ziad/ziad_ws/ROS2/work_space/install/yahboom_rosmaster_gazebo/share/yahboom_rosmaster_gazebo/models/aws_robomaker_residential_Wardrobe_01/meshes/aws_Wardrobe_01_visual.DAE
[0.957s] -- Up-to-date symlink: /home/ziad/ziad_ws/ROS2/work_space/install/yahboom_rosmaster_gazebo/share/yahboom_rosmaster_gazebo/models/aws_robomaker_residential_Wardrobe_01/model.config
[0.958s] -- Up-to-date symlink: /home/ziad/ziad_ws/ROS2/work_space/install/yahboom_rosmaster_gazebo/share/yahboom_rosmaster_gazebo/models/aws_robomaker_residential_Wardrobe_01/model.sdf
[0.960s] -- Up-to-date symlink: /home/ziad/ziad_ws/ROS2/work_space/install/yahboom_rosmaster_gazebo/share/yahboom_rosmaster_gazebo/models/aws_robomaker_warehouse_Bucket_01/.DS_Store
[0.961s] -- Up-to-date symlink: /home/ziad/ziad_ws/ROS2/work_space/install/yahboom_rosmaster_gazebo/share/yahboom_rosmaster_gazebo/models/aws_robomaker_warehouse_Bucket_01/materials/.DS_Store
[0.962s] -- Up-to-date symlink: /home/ziad/ziad_ws/ROS2/work_space/install/yahboom_rosmaster_gazebo/share/yahboom_rosmaster_gazebo/models/aws_robomaker_warehouse_Bucket_01/materials/textures/aws_robomaker_warehouse_Bucket_01.png
[0.963s] -- Up-to-date symlink: /home/ziad/ziad_ws/ROS2/work_space/install/yahboom_rosmaster_gazebo/share/yahboom_rosmaster_gazebo/models/aws_robomaker_warehouse_Bucket_01/meshes/aws_robomaker_warehouse_Bucket_01_collision.DAE
[0.964s] -- Up-to-date symlink: /home/ziad/ziad_ws/ROS2/work_space/install/yahboom_rosmaster_gazebo/share/yahboom_rosmaster_gazebo/models/aws_robomaker_warehouse_Bucket_01/meshes/aws_robomaker_warehouse_Bucket_01_visual.DAE
[0.964s] -- Up-to-date symlink: /home/ziad/ziad_ws/ROS2/work_space/install/yahboom_rosmaster_gazebo/share/yahboom_rosmaster_gazebo/models/aws_robomaker_warehouse_Bucket_01/model.config
[0.966s] -- Up-to-date symlink: /home/ziad/ziad_ws/ROS2/work_space/install/yahboom_rosmaster_gazebo/share/yahboom_rosmaster_gazebo/models/aws_robomaker_warehouse_Bucket_01/model.sdf
[0.967s] -- Up-to-date symlink: /home/ziad/ziad_ws/ROS2/work_space/install/yahboom_rosmaster_gazebo/share/yahboom_rosmaster_gazebo/models/aws_robomaker_warehouse_ClutteringA_01/.DS_Store
[0.968s] -- Up-to-date symlink: /home/ziad/ziad_ws/ROS2/work_space/install/yahboom_rosmaster_gazebo/share/yahboom_rosmaster_gazebo/models/aws_robomaker_warehouse_ClutteringA_01/materials/.DS_Store
[0.969s] -- Up-to-date symlink: /home/ziad/ziad_ws/ROS2/work_space/install/yahboom_rosmaster_gazebo/share/yahboom_rosmaster_gazebo/models/aws_robomaker_warehouse_ClutteringA_01/materials/textures/.DS_Store
[0.971s] -- Up-to-date symlink: /home/ziad/ziad_ws/ROS2/work_space/install/yahboom_rosmaster_gazebo/share/yahboom_rosmaster_gazebo/models/aws_robomaker_warehouse_ClutteringA_01/materials/textures/aws_robomaker_warehouse_ClutteringA_01.png
[0.972s] -- Up-to-date symlink: /home/ziad/ziad_ws/ROS2/work_space/install/yahboom_rosmaster_gazebo/share/yahboom_rosmaster_gazebo/models/aws_robomaker_warehouse_ClutteringA_01/materials/textures/aws_robomaker_warehouse_ClutteringA_02.png
[0.974s] -- Up-to-date symlink: /home/ziad/ziad_ws/ROS2/work_space/install/yahboom_rosmaster_gazebo/share/yahboom_rosmaster_gazebo/models/aws_robomaker_warehouse_ClutteringA_01/materials/textures/aws_robomaker_warehouse_ClutteringA_03.png
[0.976s] -- Up-to-date symlink: /home/ziad/ziad_ws/ROS2/work_space/install/yahboom_rosmaster_gazebo/share/yahboom_rosmaster_gazebo/models/aws_robomaker_warehouse_ClutteringA_01/meshes/aws_robomaker_warehouse_ClutteringA_01_collision.DAE
[0.977s] -- Up-to-date symlink: /home/ziad/ziad_ws/ROS2/work_space/install/yahboom_rosmaster_gazebo/share/yahboom_rosmaster_gazebo/models/aws_robomaker_warehouse_ClutteringA_01/meshes/aws_robomaker_warehouse_ClutteringA_01_visual.DAE
[0.978s] -- Up-to-date symlink: /home/ziad/ziad_ws/ROS2/work_space/install/yahboom_rosmaster_gazebo/share/yahboom_rosmaster_gazebo/models/aws_robomaker_warehouse_ClutteringA_01/model.config
[0.979s] -- Up-to-date symlink: /home/ziad/ziad_ws/ROS2/work_space/install/yahboom_rosmaster_gazebo/share/yahboom_rosmaster_gazebo/models/aws_robomaker_warehouse_ClutteringA_01/model.sdf
[0.982s] -- Up-to-date symlink: /home/ziad/ziad_ws/ROS2/work_space/install/yahboom_rosmaster_gazebo/share/yahboom_rosmaster_gazebo/models/aws_robomaker_warehouse_ClutteringC_01/materials/textures/aws_robomaker_warehouse_ClutteringC_01.png
[0.983s] -- Up-to-date symlink: /home/ziad/ziad_ws/ROS2/work_space/install/yahboom_rosmaster_gazebo/share/yahboom_rosmaster_gazebo/models/aws_robomaker_warehouse_ClutteringC_01/materials/textures/aws_robomaker_warehouse_ClutteringC_02.png
[0.984s] -- Up-to-date symlink: /home/ziad/ziad_ws/ROS2/work_space/install/yahboom_rosmaster_gazebo/share/yahboom_rosmaster_gazebo/models/aws_robomaker_warehouse_ClutteringC_01/meshes/aws_robomaker_warehouse_ClutteringC_01_collision.DAE
[0.986s] -- Up-to-date symlink: /home/ziad/ziad_ws/ROS2/work_space/install/yahboom_rosmaster_gazebo/share/yahboom_rosmaster_gazebo/models/aws_robomaker_warehouse_ClutteringC_01/meshes/aws_robomaker_warehouse_ClutteringC_01_visual.DAE
[0.987s] -- Up-to-date symlink: /home/ziad/ziad_ws/ROS2/work_space/install/yahboom_rosmaster_gazebo/share/yahboom_rosmaster_gazebo/models/aws_robomaker_warehouse_ClutteringC_01/model.config
[0.988s] -- Up-to-date symlink: /home/ziad/ziad_ws/ROS2/work_space/install/yahboom_rosmaster_gazebo/share/yahboom_rosmaster_gazebo/models/aws_robomaker_warehouse_ClutteringC_01/model.sdf
[0.989s] -- Up-to-date symlink: /home/ziad/ziad_ws/ROS2/work_space/install/yahboom_rosmaster_gazebo/share/yahboom_rosmaster_gazebo/models/aws_robomaker_warehouse_ClutteringD_01/materials/textures/aws_robomaker_warehouse_ClutteringD_01.png
[0.992s] -- Up-to-date symlink: /home/ziad/ziad_ws/ROS2/work_space/install/yahboom_rosmaster_gazebo/share/yahboom_rosmaster_gazebo/models/aws_robomaker_warehouse_ClutteringD_01/materials/textures/aws_robomaker_warehouse_ClutteringD_02.png
[0.993s] -- Up-to-date symlink: /home/ziad/ziad_ws/ROS2/work_space/install/yahboom_rosmaster_gazebo/share/yahboom_rosmaster_gazebo/models/aws_robomaker_warehouse_ClutteringD_01/meshes/aws_robomaker_warehouse_ClutteringD_01_collision.DAE
[0.994s] -- Up-to-date symlink: /home/ziad/ziad_ws/ROS2/work_space/install/yahboom_rosmaster_gazebo/share/yahboom_rosmaster_gazebo/models/aws_robomaker_warehouse_ClutteringD_01/meshes/aws_robomaker_warehouse_ClutteringD_01_visual.DAE
[0.995s] -- Up-to-date symlink: /home/ziad/ziad_ws/ROS2/work_space/install/yahboom_rosmaster_gazebo/share/yahboom_rosmaster_gazebo/models/aws_robomaker_warehouse_ClutteringD_01/model.config
[0.996s] -- Up-to-date symlink: /home/ziad/ziad_ws/ROS2/work_space/install/yahboom_rosmaster_gazebo/share/yahboom_rosmaster_gazebo/models/aws_robomaker_warehouse_ClutteringD_01/model.sdf
[0.998s] -- Up-to-date symlink: /home/ziad/ziad_ws/ROS2/work_space/install/yahboom_rosmaster_gazebo/share/yahboom_rosmaster_gazebo/models/aws_robomaker_warehouse_DeskC_01/materials/.DS_Store
[0.999s] -- Up-to-date symlink: /home/ziad/ziad_ws/ROS2/work_space/install/yahboom_rosmaster_gazebo/share/yahboom_rosmaster_gazebo/models/aws_robomaker_warehouse_DeskC_01/materials/textures/aws_robomaker_warehouse_DeskC_01.png
[0.999s] -- Up-to-date symlink: /home/ziad/ziad_ws/ROS2/work_space/install/yahboom_rosmaster_gazebo/share/yahboom_rosmaster_gazebo/models/aws_robomaker_warehouse_DeskC_01/materials/textures/aws_robomaker_warehouse_DeskC_02.png
[1.001s] -- Up-to-date symlink: /home/ziad/ziad_ws/ROS2/work_space/install/yahboom_rosmaster_gazebo/share/yahboom_rosmaster_gazebo/models/aws_robomaker_warehouse_DeskC_01/materials/textures/aws_robomaker_warehouse_DeskC_03.png
[1.001s] -- Up-to-date symlink: /home/ziad/ziad_ws/ROS2/work_space/install/yahboom_rosmaster_gazebo/share/yahboom_rosmaster_gazebo/models/aws_robomaker_warehouse_DeskC_01/materials/textures/aws_robomaker_warehouse_DeskC_03.psd
[1.001s] -- Up-to-date symlink: /home/ziad/ziad_ws/ROS2/work_space/install/yahboom_rosmaster_gazebo/share/yahboom_rosmaster_gazebo/models/aws_robomaker_warehouse_DeskC_01/materials/textures/aws_robomaker_warehouse_DeskC_04.png
[1.004s] -- Up-to-date symlink: /home/ziad/ziad_ws/ROS2/work_space/install/yahboom_rosmaster_gazebo/share/yahboom_rosmaster_gazebo/models/aws_robomaker_warehouse_DeskC_01/meshes/aws_robomaker_warehouse_DeskC_01_collision.DAE
[1.004s] -- Up-to-date symlink: /home/ziad/ziad_ws/ROS2/work_space/install/yahboom_rosmaster_gazebo/share/yahboom_rosmaster_gazebo/models/aws_robomaker_warehouse_DeskC_01/meshes/aws_robomaker_warehouse_DeskC_01_visual.DAE
[1.005s] -- Up-to-date symlink: /home/ziad/ziad_ws/ROS2/work_space/install/yahboom_rosmaster_gazebo/share/yahboom_rosmaster_gazebo/models/aws_robomaker_warehouse_DeskC_01/model.config
[1.007s] -- Up-to-date symlink: /home/ziad/ziad_ws/ROS2/work_space/install/yahboom_rosmaster_gazebo/share/yahboom_rosmaster_gazebo/models/aws_robomaker_warehouse_DeskC_01/model.sdf
[1.011s] -- Up-to-date symlink: /home/ziad/ziad_ws/ROS2/work_space/install/yahboom_rosmaster_gazebo/share/yahboom_rosmaster_gazebo/models/aws_robomaker_warehouse_GroundB_01/materials/textures/aws_robomaker_warehouse_GroundB_01.png
[1.012s] -- Up-to-date symlink: /home/ziad/ziad_ws/ROS2/work_space/install/yahboom_rosmaster_gazebo/share/yahboom_rosmaster_gazebo/models/aws_robomaker_warehouse_GroundB_01/materials/textures/aws_robomaker_warehouse_GroundB_02.png
[1.012s] -- Up-to-date symlink: /home/ziad/ziad_ws/ROS2/work_space/install/yahboom_rosmaster_gazebo/share/yahboom_rosmaster_gazebo/models/aws_robomaker_warehouse_GroundB_01/meshes/aws_robomaker_warehouse_GroundB_01_collision.DAE
[1.014s] -- Up-to-date symlink: /home/ziad/ziad_ws/ROS2/work_space/install/yahboom_rosmaster_gazebo/share/yahboom_rosmaster_gazebo/models/aws_robomaker_warehouse_GroundB_01/meshes/aws_robomaker_warehouse_GroundB_01_visual.DAE
[1.014s] -- Up-to-date symlink: /home/ziad/ziad_ws/ROS2/work_space/install/yahboom_rosmaster_gazebo/share/yahboom_rosmaster_gazebo/models/aws_robomaker_warehouse_GroundB_01/model.config
[1.015s] -- Up-to-date symlink: /home/ziad/ziad_ws/ROS2/work_space/install/yahboom_rosmaster_gazebo/share/yahboom_rosmaster_gazebo/models/aws_robomaker_warehouse_GroundB_01/model.sdf
[1.017s] -- Up-to-date symlink: /home/ziad/ziad_ws/ROS2/work_space/install/yahboom_rosmaster_gazebo/share/yahboom_rosmaster_gazebo/models/aws_robomaker_warehouse_Lamp_01/materials/textures/aws_robomaker_warehouse_Lamp_01.png
[1.017s] -- Up-to-date symlink: /home/ziad/ziad_ws/ROS2/work_space/install/yahboom_rosmaster_gazebo/share/yahboom_rosmaster_gazebo/models/aws_robomaker_warehouse_Lamp_01/meshes/aws_robomaker_warehouse_Lamp_01_collision.DAE
[1.019s] -- Up-to-date symlink: /home/ziad/ziad_ws/ROS2/work_space/install/yahboom_rosmaster_gazebo/share/yahboom_rosmaster_gazebo/models/aws_robomaker_warehouse_Lamp_01/meshes/aws_robomaker_warehouse_Lamp_01_visual.DAE
[1.019s] -- Up-to-date symlink: /home/ziad/ziad_ws/ROS2/work_space/install/yahboom_rosmaster_gazebo/share/yahboom_rosmaster_gazebo/models/aws_robomaker_warehouse_Lamp_01/model.config
[1.020s] -- Up-to-date symlink: /home/ziad/ziad_ws/ROS2/work_space/install/yahboom_rosmaster_gazebo/share/yahboom_rosmaster_gazebo/models/aws_robomaker_warehouse_Lamp_01/model.sdf
[1.022s] -- Up-to-date symlink: /home/ziad/ziad_ws/ROS2/work_space/install/yahboom_rosmaster_gazebo/share/yahboom_rosmaster_gazebo/models/aws_robomaker_warehouse_PalletJackB_01/.DS_Store
[1.023s] -- Up-to-date symlink: /home/ziad/ziad_ws/ROS2/work_space/install/yahboom_rosmaster_gazebo/share/yahboom_rosmaster_gazebo/models/aws_robomaker_warehouse_PalletJackB_01/materials/.DS_Store
[1.024s] -- Up-to-date symlink: /home/ziad/ziad_ws/ROS2/work_space/install/yahboom_rosmaster_gazebo/share/yahboom_rosmaster_gazebo/models/aws_robomaker_warehouse_PalletJackB_01/materials/textures/aws_robomaker_warehouse_PalletJackB_01.png
[1.025s] -- Up-to-date symlink: /home/ziad/ziad_ws/ROS2/work_space/install/yahboom_rosmaster_gazebo/share/yahboom_rosmaster_gazebo/models/aws_robomaker_warehouse_PalletJackB_01/materials/textures/aws_robomaker_warehouse_PalletJackB_02.png
[1.027s] -- Up-to-date symlink: /home/ziad/ziad_ws/ROS2/work_space/install/yahboom_rosmaster_gazebo/share/yahboom_rosmaster_gazebo/models/aws_robomaker_warehouse_PalletJackB_01/meshes/aws_robomaker_warehouse_PalletJackB_01_collision.DAE
[1.030s] -- Up-to-date symlink: /home/ziad/ziad_ws/ROS2/work_space/install/yahboom_rosmaster_gazebo/share/yahboom_rosmaster_gazebo/models/aws_robomaker_warehouse_PalletJackB_01/meshes/aws_robomaker_warehouse_PalletJackB_01_visual.DAE
[1.030s] -- Up-to-date symlink: /home/ziad/ziad_ws/ROS2/work_space/install/yahboom_rosmaster_gazebo/share/yahboom_rosmaster_gazebo/models/aws_robomaker_warehouse_PalletJackB_01/model.config
[1.030s] -- Up-to-date symlink: /home/ziad/ziad_ws/ROS2/work_space/install/yahboom_rosmaster_gazebo/share/yahboom_rosmaster_gazebo/models/aws_robomaker_warehouse_PalletJackB_01/model.sdf
[1.031s] -- Up-to-date symlink: /home/ziad/ziad_ws/ROS2/work_space/install/yahboom_rosmaster_gazebo/share/yahboom_rosmaster_gazebo/models/aws_robomaker_warehouse_RoofB_01/materials/textures/aws_robomaker_warehouse_RoofB_01.png
[1.031s] -- Up-to-date symlink: /home/ziad/ziad_ws/ROS2/work_space/install/yahboom_rosmaster_gazebo/share/yahboom_rosmaster_gazebo/models/aws_robomaker_warehouse_RoofB_01/meshes/aws_robomaker_warehouse_RoofB_01_collision.DAE
[1.031s] -- Up-to-date symlink: /home/ziad/ziad_ws/ROS2/work_space/install/yahboom_rosmaster_gazebo/share/yahboom_rosmaster_gazebo/models/aws_robomaker_warehouse_RoofB_01/meshes/aws_robomaker_warehouse_RoofB_01_visual.DAE
[1.034s] -- Up-to-date symlink: /home/ziad/ziad_ws/ROS2/work_space/install/yahboom_rosmaster_gazebo/share/yahboom_rosmaster_gazebo/models/aws_robomaker_warehouse_RoofB_01/model.config
[1.034s] -- Up-to-date symlink: /home/ziad/ziad_ws/ROS2/work_space/install/yahboom_rosmaster_gazebo/share/yahboom_rosmaster_gazebo/models/aws_robomaker_warehouse_RoofB_01/model.sdf
[1.034s] -- Up-to-date symlink: /home/ziad/ziad_ws/ROS2/work_space/install/yahboom_rosmaster_gazebo/share/yahboom_rosmaster_gazebo/models/aws_robomaker_warehouse_ShelfD_01/materials/textures/aws_robomaker_warehouse_ShelfD_01.png
[1.036s] -- Up-to-date symlink: /home/ziad/ziad_ws/ROS2/work_space/install/yahboom_rosmaster_gazebo/share/yahboom_rosmaster_gazebo/models/aws_robomaker_warehouse_ShelfD_01/materials/textures/aws_robomaker_warehouse_ShelfD_02.png
[1.036s] -- Up-to-date symlink: /home/ziad/ziad_ws/ROS2/work_space/install/yahboom_rosmaster_gazebo/share/yahboom_rosmaster_gazebo/models/aws_robomaker_warehouse_ShelfD_01/materials/textures/aws_robomaker_warehouse_ShelfD_03.png
[1.036s] -- Up-to-date symlink: /home/ziad/ziad_ws/ROS2/work_space/install/yahboom_rosmaster_gazebo/share/yahboom_rosmaster_gazebo/models/aws_robomaker_warehouse_ShelfD_01/materials/textures/aws_robomaker_warehouse_ShelfD_04.png
[1.036s] -- Up-to-date symlink: /home/ziad/ziad_ws/ROS2/work_space/install/yahboom_rosmaster_gazebo/share/yahboom_rosmaster_gazebo/models/aws_robomaker_warehouse_ShelfD_01/meshes/aws_robomaker_warehouse_ShelfD_01_collision.DAE
[1.037s] -- Up-to-date symlink: /home/ziad/ziad_ws/ROS2/work_space/install/yahboom_rosmaster_gazebo/share/yahboom_rosmaster_gazebo/models/aws_robomaker_warehouse_ShelfD_01/meshes/aws_robomaker_warehouse_ShelfD_01_visual.DAE
[1.039s] -- Up-to-date symlink: /home/ziad/ziad_ws/ROS2/work_space/install/yahboom_rosmaster_gazebo/share/yahboom_rosmaster_gazebo/models/aws_robomaker_warehouse_ShelfD_01/model.config
[1.041s] -- Up-to-date symlink: /home/ziad/ziad_ws/ROS2/work_space/install/yahboom_rosmaster_gazebo/share/yahboom_rosmaster_gazebo/models/aws_robomaker_warehouse_ShelfD_01/model.sdf
[1.041s] -- Up-to-date symlink: /home/ziad/ziad_ws/ROS2/work_space/install/yahboom_rosmaster_gazebo/share/yahboom_rosmaster_gazebo/models/aws_robomaker_warehouse_ShelfE_01/.DS_Store
[1.041s] -- Up-to-date symlink: /home/ziad/ziad_ws/ROS2/work_space/install/yahboom_rosmaster_gazebo/share/yahboom_rosmaster_gazebo/models/aws_robomaker_warehouse_ShelfE_01/materials/.DS_Store
[1.044s] -- Up-to-date symlink: /home/ziad/ziad_ws/ROS2/work_space/install/yahboom_rosmaster_gazebo/share/yahboom_rosmaster_gazebo/models/aws_robomaker_warehouse_ShelfE_01/materials/textures/aws_robomaker_warehouse_ShelfE_01.png
[1.044s] -- Up-to-date symlink: /home/ziad/ziad_ws/ROS2/work_space/install/yahboom_rosmaster_gazebo/share/yahboom_rosmaster_gazebo/models/aws_robomaker_warehouse_ShelfE_01/materials/textures/aws_robomaker_warehouse_ShelfE_02.png
[1.045s] -- Up-to-date symlink: /home/ziad/ziad_ws/ROS2/work_space/install/yahboom_rosmaster_gazebo/share/yahboom_rosmaster_gazebo/models/aws_robomaker_warehouse_ShelfE_01/materials/textures/aws_robomaker_warehouse_ShelfE_03.png
[1.048s] -- Up-to-date symlink: /home/ziad/ziad_ws/ROS2/work_space/install/yahboom_rosmaster_gazebo/share/yahboom_rosmaster_gazebo/models/aws_robomaker_warehouse_ShelfE_01/materials/textures/aws_robomaker_warehouse_ShelfE_04.png
[1.048s] -- Up-to-date symlink: /home/ziad/ziad_ws/ROS2/work_space/install/yahboom_rosmaster_gazebo/share/yahboom_rosmaster_gazebo/models/aws_robomaker_warehouse_ShelfE_01/meshes/aws_robomaker_warehouse_ShelfE_01_collision.DAE
[1.049s] -- Up-to-date symlink: /home/ziad/ziad_ws/ROS2/work_space/install/yahboom_rosmaster_gazebo/share/yahboom_rosmaster_gazebo/models/aws_robomaker_warehouse_ShelfE_01/meshes/aws_robomaker_warehouse_ShelfE_01_visual.DAE
[1.050s] -- Up-to-date symlink: /home/ziad/ziad_ws/ROS2/work_space/install/yahboom_rosmaster_gazebo/share/yahboom_rosmaster_gazebo/models/aws_robomaker_warehouse_ShelfE_01/model.config
[1.052s] -- Up-to-date symlink: /home/ziad/ziad_ws/ROS2/work_space/install/yahboom_rosmaster_gazebo/share/yahboom_rosmaster_gazebo/models/aws_robomaker_warehouse_ShelfE_01/model.sdf
[1.056s] -- Up-to-date symlink: /home/ziad/ziad_ws/ROS2/work_space/install/yahboom_rosmaster_gazebo/share/yahboom_rosmaster_gazebo/models/aws_robomaker_warehouse_ShelfF_01/materials/textures/aws_robomaker_warehouse_ShelfF_01.png
[1.057s] -- Up-to-date symlink: /home/ziad/ziad_ws/ROS2/work_space/install/yahboom_rosmaster_gazebo/share/yahboom_rosmaster_gazebo/models/aws_robomaker_warehouse_ShelfF_01/materials/textures/aws_robomaker_warehouse_ShelfF_02.png
[1.057s] -- Up-to-date symlink: /home/ziad/ziad_ws/ROS2/work_space/install/yahboom_rosmaster_gazebo/share/yahboom_rosmaster_gazebo/models/aws_robomaker_warehouse_ShelfF_01/materials/textures/aws_robomaker_warehouse_ShelfF_03.png
[1.058s] -- Up-to-date symlink: /home/ziad/ziad_ws/ROS2/work_space/install/yahboom_rosmaster_gazebo/share/yahboom_rosmaster_gazebo/models/aws_robomaker_warehouse_ShelfF_01/meshes/aws_robomaker_warehouse_ShelfF_01_collision.DAE
[1.059s] -- Up-to-date symlink: /home/ziad/ziad_ws/ROS2/work_space/install/yahboom_rosmaster_gazebo/share/yahboom_rosmaster_gazebo/models/aws_robomaker_warehouse_ShelfF_01/meshes/aws_robomaker_warehouse_ShelfF_01_visual.DAE
[1.059s] -- Up-to-date symlink: /home/ziad/ziad_ws/ROS2/work_space/install/yahboom_rosmaster_gazebo/share/yahboom_rosmaster_gazebo/models/aws_robomaker_warehouse_ShelfF_01/model.config
[1.059s] -- Up-to-date symlink: /home/ziad/ziad_ws/ROS2/work_space/install/yahboom_rosmaster_gazebo/share/yahboom_rosmaster_gazebo/models/aws_robomaker_warehouse_ShelfF_01/model.sdf
[1.060s] -- Up-to-date symlink: /home/ziad/ziad_ws/ROS2/work_space/install/yahboom_rosmaster_gazebo/share/yahboom_rosmaster_gazebo/models/aws_robomaker_warehouse_TrashCanC_01/materials/textures/aws_robomaker_warehouse_TrashCanC_01.png
[1.063s] -- Up-to-date symlink: /home/ziad/ziad_ws/ROS2/work_space/install/yahboom_rosmaster_gazebo/share/yahboom_rosmaster_gazebo/models/aws_robomaker_warehouse_TrashCanC_01/meshes/aws_robomaker_warehouse_TrashCanC_01_collision.DAE
[1.063s] -- Up-to-date symlink: /home/ziad/ziad_ws/ROS2/work_space/install/yahboom_rosmaster_gazebo/share/yahboom_rosmaster_gazebo/models/aws_robomaker_warehouse_TrashCanC_01/meshes/aws_robomaker_warehouse_TrashCanC_01_visual.DAE
[1.065s] -- Up-to-date symlink: /home/ziad/ziad_ws/ROS2/work_space/install/yahboom_rosmaster_gazebo/share/yahboom_rosmaster_gazebo/models/aws_robomaker_warehouse_TrashCanC_01/model.config
[1.065s] -- Up-to-date symlink: /home/ziad/ziad_ws/ROS2/work_space/install/yahboom_rosmaster_gazebo/share/yahboom_rosmaster_gazebo/models/aws_robomaker_warehouse_TrashCanC_01/model.sdf
[1.067s] -- Up-to-date symlink: /home/ziad/ziad_ws/ROS2/work_space/install/yahboom_rosmaster_gazebo/share/yahboom_rosmaster_gazebo/models/aws_robomaker_warehouse_WallB_01/materials/textures/aws_robomaker_warehouse_WallB_01.png
[1.068s] -- Up-to-date symlink: /home/ziad/ziad_ws/ROS2/work_space/install/yahboom_rosmaster_gazebo/share/yahboom_rosmaster_gazebo/models/aws_robomaker_warehouse_WallB_01/meshes/aws_robomaker_warehouse_WallB_01_collision.DAE
[1.069s] -- Up-to-date symlink: /home/ziad/ziad_ws/ROS2/work_space/install/yahboom_rosmaster_gazebo/share/yahboom_rosmaster_gazebo/models/aws_robomaker_warehouse_WallB_01/meshes/aws_robomaker_warehouse_WallB_01_visual.DAE
[1.071s] -- Up-to-date symlink: /home/ziad/ziad_ws/ROS2/work_space/install/yahboom_rosmaster_gazebo/share/yahboom_rosmaster_gazebo/models/aws_robomaker_warehouse_WallB_01/model.config
[1.073s] -- Up-to-date symlink: /home/ziad/ziad_ws/ROS2/work_space/install/yahboom_rosmaster_gazebo/share/yahboom_rosmaster_gazebo/models/aws_robomaker_warehouse_WallB_01/model.sdf
[1.074s] -- Up-to-date symlink: /home/ziad/ziad_ws/ROS2/work_space/install/yahboom_rosmaster_gazebo/share/yahboom_rosmaster_gazebo/models/brown_table/model.config
[1.074s] -- Up-to-date symlink: /home/ziad/ziad_ws/ROS2/work_space/install/yahboom_rosmaster_gazebo/share/yahboom_rosmaster_gazebo/models/brown_table/model.sdf
[1.075s] -- Up-to-date symlink: /home/ziad/ziad_ws/ROS2/work_space/install/yahboom_rosmaster_gazebo/share/yahboom_rosmaster_gazebo/models/cafe/materials/textures/__auto_10.jpg
[1.080s] -- Up-to-date symlink: /home/ziad/ziad_ws/ROS2/work_space/install/yahboom_rosmaster_gazebo/share/yahboom_rosmaster_gazebo/models/cafe/materials/textures/__auto_2.jpg
[1.081s] -- Up-to-date symlink: /home/ziad/ziad_ws/ROS2/work_space/install/yahboom_rosmaster_gazebo/share/yahboom_rosmaster_gazebo/models/cafe/materials/textures/__auto_21.jpg
[1.081s] -- Up-to-date symlink: /home/ziad/ziad_ws/ROS2/work_space/install/yahboom_rosmaster_gazebo/share/yahboom_rosmaster_gazebo/models/cafe/materials/textures/__auto_22.jpg
[1.083s] -- Up-to-date symlink: /home/ziad/ziad_ws/ROS2/work_space/install/yahboom_rosmaster_gazebo/share/yahboom_rosmaster_gazebo/models/cafe/materials/textures/__auto_23.jpg
[1.084s] -- Up-to-date symlink: /home/ziad/ziad_ws/ROS2/work_space/install/yahboom_rosmaster_gazebo/share/yahboom_rosmaster_gazebo/models/cafe/materials/textures/__auto_24.jpg
[1.084s] -- Up-to-date symlink: /home/ziad/ziad_ws/ROS2/work_space/install/yahboom_rosmaster_gazebo/share/yahboom_rosmaster_gazebo/models/cafe/materials/textures/__auto_25.jpg
[1.085s] -- Up-to-date symlink: /home/ziad/ziad_ws/ROS2/work_space/install/yahboom_rosmaster_gazebo/share/yahboom_rosmaster_gazebo/models/cafe/materials/textures/__auto_26.jpg
[1.085s] -- Up-to-date symlink: /home/ziad/ziad_ws/ROS2/work_space/install/yahboom_rosmaster_gazebo/share/yahboom_rosmaster_gazebo/models/cafe/materials/textures/__auto_28.jpg
[1.088s] -- Up-to-date symlink: /home/ziad/ziad_ws/ROS2/work_space/install/yahboom_rosmaster_gazebo/share/yahboom_rosmaster_gazebo/models/cafe/materials/textures/__auto_29.jpg
[1.089s] -- Up-to-date symlink: /home/ziad/ziad_ws/ROS2/work_space/install/yahboom_rosmaster_gazebo/share/yahboom_rosmaster_gazebo/models/cafe/materials/textures/__auto_30.jpg
[1.089s] -- Up-to-date symlink: /home/ziad/ziad_ws/ROS2/work_space/install/yahboom_rosmaster_gazebo/share/yahboom_rosmaster_gazebo/models/cafe/materials/textures/__auto_31.jpg
[1.089s] -- Up-to-date symlink: /home/ziad/ziad_ws/ROS2/work_space/install/yahboom_rosmaster_gazebo/share/yahboom_rosmaster_gazebo/models/cafe/materials/textures/__auto_34.jpg
[1.089s] -- Up-to-date symlink: /home/ziad/ziad_ws/ROS2/work_space/install/yahboom_rosmaster_gazebo/share/yahboom_rosmaster_gazebo/models/cafe/materials/textures/__auto_35.jpg
[1.095s] -- Up-to-date symlink: /home/ziad/ziad_ws/ROS2/work_space/install/yahboom_rosmaster_gazebo/share/yahboom_rosmaster_gazebo/models/cafe/materials/textures/__auto_37.jpg
[1.097s] -- Up-to-date symlink: /home/ziad/ziad_ws/ROS2/work_space/install/yahboom_rosmaster_gazebo/share/yahboom_rosmaster_gazebo/models/cafe/meshes/cafe.dae
[1.098s] -- Up-to-date symlink: /home/ziad/ziad_ws/ROS2/work_space/install/yahboom_rosmaster_gazebo/share/yahboom_rosmaster_gazebo/models/cafe/model.config
[1.098s] -- Up-to-date symlink: /home/ziad/ziad_ws/ROS2/work_space/install/yahboom_rosmaster_gazebo/share/yahboom_rosmaster_gazebo/models/cafe/model.sdf
[1.102s] -- Up-to-date symlink: /home/ziad/ziad_ws/ROS2/work_space/install/yahboom_rosmaster_gazebo/share/yahboom_rosmaster_gazebo/models/cafe_counter/materials/textures/cafe_counter.png
[1.102s] -- Up-to-date symlink: /home/ziad/ziad_ws/ROS2/work_space/install/yahboom_rosmaster_gazebo/share/yahboom_rosmaster_gazebo/models/cafe_counter/meshes/cafe_counter.mtl
[1.102s] -- Up-to-date symlink: /home/ziad/ziad_ws/ROS2/work_space/install/yahboom_rosmaster_gazebo/share/yahboom_rosmaster_gazebo/models/cafe_counter/meshes/cafe_counter.obj
[1.103s] -- Up-to-date symlink: /home/ziad/ziad_ws/ROS2/work_space/install/yahboom_rosmaster_gazebo/share/yahboom_rosmaster_gazebo/models/cafe_counter/meshes/counter_no_sink.obj
[1.104s] -- Up-to-date symlink: /home/ziad/ziad_ws/ROS2/work_space/install/yahboom_rosmaster_gazebo/share/yahboom_rosmaster_gazebo/models/cafe_counter/meshes/counter_sink.obj
[1.105s] -- Up-to-date symlink: /home/ziad/ziad_ws/ROS2/work_space/install/yahboom_rosmaster_gazebo/share/yahboom_rosmaster_gazebo/models/cafe_counter/model.config
[1.106s] -- Up-to-date symlink: /home/ziad/ziad_ws/ROS2/work_space/install/yahboom_rosmaster_gazebo/share/yahboom_rosmaster_gazebo/models/cafe_counter/model.sdf
[1.109s] -- Up-to-date symlink: /home/ziad/ziad_ws/ROS2/work_space/install/yahboom_rosmaster_gazebo/share/yahboom_rosmaster_gazebo/models/cafe_table/materials/textures/Maple.jpg
[1.110s] -- Up-to-date symlink: /home/ziad/ziad_ws/ROS2/work_space/install/yahboom_rosmaster_gazebo/share/yahboom_rosmaster_gazebo/models/cafe_table/materials/textures/Wood_Floor_Dark.jpg
[1.112s] -- Up-to-date symlink: /home/ziad/ziad_ws/ROS2/work_space/install/yahboom_rosmaster_gazebo/share/yahboom_rosmaster_gazebo/models/cafe_table/meshes/cafe_table.dae
[1.114s] -- Up-to-date symlink: /home/ziad/ziad_ws/ROS2/work_space/install/yahboom_rosmaster_gazebo/share/yahboom_rosmaster_gazebo/models/cafe_table/model-1_4.sdf
[1.115s] -- Up-to-date symlink: /home/ziad/ziad_ws/ROS2/work_space/install/yahboom_rosmaster_gazebo/share/yahboom_rosmaster_gazebo/models/cafe_table/model.config
[1.117s] -- Up-to-date symlink: /home/ziad/ziad_ws/ROS2/work_space/install/yahboom_rosmaster_gazebo/share/yahboom_rosmaster_gazebo/models/cafe_table/model.sdf
[1.119s] -- Up-to-date symlink: /home/ziad/ziad_ws/ROS2/work_space/install/yahboom_rosmaster_gazebo/share/yahboom_rosmaster_gazebo/models/cardboard_box/materials/textures/cardboard_box.png
[1.120s] -- Up-to-date symlink: /home/ziad/ziad_ws/ROS2/work_space/install/yahboom_rosmaster_gazebo/share/yahboom_rosmaster_gazebo/models/cardboard_box/meshes/cardboard_box.dae
[1.122s] -- Up-to-date symlink: /home/ziad/ziad_ws/ROS2/work_space/install/yahboom_rosmaster_gazebo/share/yahboom_rosmaster_gazebo/models/cardboard_box/meshes/cardboard_box.png
[1.122s] -- Up-to-date symlink: /home/ziad/ziad_ws/ROS2/work_space/install/yahboom_rosmaster_gazebo/share/yahboom_rosmaster_gazebo/models/cardboard_box/model.config
[1.122s] -- Up-to-date symlink: /home/ziad/ziad_ws/ROS2/work_space/install/yahboom_rosmaster_gazebo/share/yahboom_rosmaster_gazebo/models/cardboard_box/model.sdf
[1.126s] -- Up-to-date symlink: /home/ziad/ziad_ws/ROS2/work_space/install/yahboom_rosmaster_gazebo/share/yahboom_rosmaster_gazebo/models/cheezit_big_original/meshes/cheez_tex_0.jpg
[1.127s] -- Up-to-date symlink: /home/ziad/ziad_ws/ROS2/work_space/install/yahboom_rosmaster_gazebo/share/yahboom_rosmaster_gazebo/models/cheezit_big_original/meshes/cheezit_big_original.dae
[1.128s] -- Up-to-date symlink: /home/ziad/ziad_ws/ROS2/work_space/install/yahboom_rosmaster_gazebo/share/yahboom_rosmaster_gazebo/models/cheezit_big_original/model.config
[1.129s] -- Up-to-date symlink: /home/ziad/ziad_ws/ROS2/work_space/install/yahboom_rosmaster_gazebo/share/yahboom_rosmaster_gazebo/models/cheezit_big_original/model.sdf
[1.133s] -- Up-to-date symlink: /home/ziad/ziad_ws/ROS2/work_space/install/yahboom_rosmaster_gazebo/share/yahboom_rosmaster_gazebo/models/coke_can/materials/textures/coke_can.png
[1.133s] -- Up-to-date symlink: /home/ziad/ziad_ws/ROS2/work_space/install/yahboom_rosmaster_gazebo/share/yahboom_rosmaster_gazebo/models/coke_can/meshes/coke_can.dae
[1.134s] -- Up-to-date symlink: /home/ziad/ziad_ws/ROS2/work_space/install/yahboom_rosmaster_gazebo/share/yahboom_rosmaster_gazebo/models/coke_can/model-1_2.sdf
[1.134s] -- Up-to-date symlink: /home/ziad/ziad_ws/ROS2/work_space/install/yahboom_rosmaster_gazebo/share/yahboom_rosmaster_gazebo/models/coke_can/model-1_3.sdf
[1.134s] -- Up-to-date symlink: /home/ziad/ziad_ws/ROS2/work_space/install/yahboom_rosmaster_gazebo/share/yahboom_rosmaster_gazebo/models/coke_can/model-1_4.sdf
[1.134s] -- Up-to-date symlink: /home/ziad/ziad_ws/ROS2/work_space/install/yahboom_rosmaster_gazebo/share/yahboom_rosmaster_gazebo/models/coke_can/model.config
[1.134s] -- Up-to-date symlink: /home/ziad/ziad_ws/ROS2/work_space/install/yahboom_rosmaster_gazebo/share/yahboom_rosmaster_gazebo/models/coke_can/model.sdf
[1.134s] -- Up-to-date symlink: /home/ziad/ziad_ws/ROS2/work_space/install/yahboom_rosmaster_gazebo/share/yahboom_rosmaster_gazebo/models/ground_plane/model-1_2.sdf
[1.135s] -- Up-to-date symlink: /home/ziad/ziad_ws/ROS2/work_space/install/yahboom_rosmaster_gazebo/share/yahboom_rosmaster_gazebo/models/ground_plane/model-1_3.sdf
[1.136s] -- Up-to-date symlink: /home/ziad/ziad_ws/ROS2/work_space/install/yahboom_rosmaster_gazebo/share/yahboom_rosmaster_gazebo/models/ground_plane/model-1_4.sdf
[1.136s] -- Up-to-date symlink: /home/ziad/ziad_ws/ROS2/work_space/install/yahboom_rosmaster_gazebo/share/yahboom_rosmaster_gazebo/models/ground_plane/model.config
[1.138s] -- Up-to-date symlink: /home/ziad/ziad_ws/ROS2/work_space/install/yahboom_rosmaster_gazebo/share/yahboom_rosmaster_gazebo/models/ground_plane/model.sdf
[1.140s] -- Up-to-date symlink: /home/ziad/ziad_ws/ROS2/work_space/install/yahboom_rosmaster_gazebo/share/yahboom_rosmaster_gazebo/models/mustard/materials/scripts/mustard.material
[1.141s] -- Up-to-date symlink: /home/ziad/ziad_ws/ROS2/work_space/install/yahboom_rosmaster_gazebo/share/yahboom_rosmaster_gazebo/models/mustard/materials/textures/optimized_tsdf_texture_mapped_mesh.png
[1.142s] -- Up-to-date symlink: /home/ziad/ziad_ws/ROS2/work_space/install/yahboom_rosmaster_gazebo/share/yahboom_rosmaster_gazebo/models/mustard/meshes/mustard.dae
[1.144s] -- Up-to-date symlink: /home/ziad/ziad_ws/ROS2/work_space/install/yahboom_rosmaster_gazebo/share/yahboom_rosmaster_gazebo/models/mustard/meshes/texture_map.png
[1.145s] -- Up-to-date symlink: /home/ziad/ziad_ws/ROS2/work_space/install/yahboom_rosmaster_gazebo/share/yahboom_rosmaster_gazebo/models/mustard/model.config
[1.147s] -- Up-to-date symlink: /home/ziad/ziad_ws/ROS2/work_space/install/yahboom_rosmaster_gazebo/share/yahboom_rosmaster_gazebo/models/mustard/model.sdf
[1.148s] -- Up-to-date symlink: /home/ziad/ziad_ws/ROS2/work_space/install/yahboom_rosmaster_gazebo/share/yahboom_rosmaster_gazebo/models/red_cylinder/model.config
[1.150s] -- Up-to-date symlink: /home/ziad/ziad_ws/ROS2/work_space/install/yahboom_rosmaster_gazebo/share/yahboom_rosmaster_gazebo/models/red_cylinder/model.sdf
[1.154s] -- Up-to-date symlink: /home/ziad/ziad_ws/ROS2/work_space/install/yahboom_rosmaster_gazebo/share/yahboom_rosmaster_gazebo/models/sun/model-1_2.sdf
[1.157s] -- Up-to-date symlink: /home/ziad/ziad_ws/ROS2/work_space/install/yahboom_rosmaster_gazebo/share/yahboom_rosmaster_gazebo/models/sun/model-1_3.sdf
[1.157s] -- Up-to-date symlink: /home/ziad/ziad_ws/ROS2/work_space/install/yahboom_rosmaster_gazebo/share/yahboom_rosmaster_gazebo/models/sun/model-1_4.sdf
[1.157s] -- Up-to-date symlink: /home/ziad/ziad_ws/ROS2/work_space/install/yahboom_rosmaster_gazebo/share/yahboom_rosmaster_gazebo/models/sun/model.config
[1.162s] -- Up-to-date symlink: /home/ziad/ziad_ws/ROS2/work_space/install/yahboom_rosmaster_gazebo/share/yahboom_rosmaster_gazebo/models/sun/model.sdf
[1.163s] -- Up-to-date symlink: /home/ziad/ziad_ws/ROS2/work_space/install/yahboom_rosmaster_gazebo/share/yahboom_rosmaster_gazebo/rviz/yahboom_rosmaster_gazebo_sim.rviz
[1.165s] -- Up-to-date symlink: /home/ziad/ziad_ws/ROS2/work_space/install/yahboom_rosmaster_gazebo/share/yahboom_rosmaster_gazebo/worlds/cafe.world
[1.166s] -- Up-to-date symlink: /home/ziad/ziad_ws/ROS2/work_space/install/yahboom_rosmaster_gazebo/share/yahboom_rosmaster_gazebo/worlds/empty.world
[1.168s] -- Up-to-date symlink: /home/ziad/ziad_ws/ROS2/work_space/install/yahboom_rosmaster_gazebo/share/yahboom_rosmaster_gazebo/worlds/house.world
[1.169s] -- Up-to-date symlink: /home/ziad/ziad_ws/ROS2/work_space/install/yahboom_rosmaster_gazebo/share/yahboom_rosmaster_gazebo/worlds/pick_and_place_demo.world
[1.169s] -- Up-to-date symlink: /home/ziad/ziad_ws/ROS2/work_space/install/yahboom_rosmaster_gazebo/share/ament_index/resource_index/package_run_dependencies/yahboom_rosmaster_gazebo
[1.170s] -- Up-to-date symlink: /home/ziad/ziad_ws/ROS2/work_space/install/yahboom_rosmaster_gazebo/share/ament_index/resource_index/parent_prefix_path/yahboom_rosmaster_gazebo
[1.170s] -- Up-to-date symlink: /home/ziad/ziad_ws/ROS2/work_space/install/yahboom_rosmaster_gazebo/share/yahboom_rosmaster_gazebo/environment/ament_prefix_path.sh
[1.170s] -- Up-to-date symlink: /home/ziad/ziad_ws/ROS2/work_space/install/yahboom_rosmaster_gazebo/share/yahboom_rosmaster_gazebo/environment/ament_prefix_path.dsv
[1.173s] -- Up-to-date symlink: /home/ziad/ziad_ws/ROS2/work_space/install/yahboom_rosmaster_gazebo/share/yahboom_rosmaster_gazebo/environment/path.sh
[1.174s] -- Up-to-date symlink: /home/ziad/ziad_ws/ROS2/work_space/install/yahboom_rosmaster_gazebo/share/yahboom_rosmaster_gazebo/environment/path.dsv
[1.177s] -- Up-to-date symlink: /home/ziad/ziad_ws/ROS2/work_space/install/yahboom_rosmaster_gazebo/share/yahboom_rosmaster_gazebo/local_setup.bash
[1.179s] -- Up-to-date symlink: /home/ziad/ziad_ws/ROS2/work_space/install/yahboom_rosmaster_gazebo/share/yahboom_rosmaster_gazebo/local_setup.sh
[1.180s] -- Up-to-date symlink: /home/ziad/ziad_ws/ROS2/work_space/install/yahboom_rosmaster_gazebo/share/yahboom_rosmaster_gazebo/local_setup.zsh
[1.182s] -- Up-to-date symlink: /home/ziad/ziad_ws/ROS2/work_space/install/yahboom_rosmaster_gazebo/share/yahboom_rosmaster_gazebo/local_setup.dsv
[1.182s] -- Symlinking: /home/ziad/ziad_ws/ROS2/work_space/install/yahboom_rosmaster_gazebo/share/yahboom_rosmaster_gazebo/package.dsv
[1.212s] -- Up-to-date symlink: /home/ziad/ziad_ws/ROS2/work_space/install/yahboom_rosmaster_gazebo/share/ament_index/resource_index/packages/yahboom_rosmaster_gazebo
[1.213s] -- Up-to-date symlink: /home/ziad/ziad_ws/ROS2/work_space/install/yahboom_rosmaster_gazebo/share/yahboom_rosmaster_gazebo/cmake/yahboom_rosmaster_gazeboConfig.cmake
[1.213s] -- Up-to-date symlink: /home/ziad/ziad_ws/ROS2/work_space/install/yahboom_rosmaster_gazebo/share/yahboom_rosmaster_gazebo/cmake/yahboom_rosmaster_gazeboConfig-version.cmake
[1.216s] -- Up-to-date symlink: /home/ziad/ziad_ws/ROS2/work_space/install/yahboom_rosmaster_gazebo/share/yahboom_rosmaster_gazebo/package.xml
[1.219s] Invoked command in '/home/ziad/ziad_ws/ROS2/work_space/build/yahboom_rosmaster_gazebo' returned '0': CMAKE_PREFIX_PATH=${CMAKE_PREFIX_PATH}:/home/ziad/ziad_ws/ROS2/turtlebot3_ws/install/turtlebot3_teleop:/home/ziad/ziad_ws/ROS2/turtlebot3_ws/install/turtlebot3_example:/opt/ros/jazzy DEBUGINFOD_URLS=https://debuginfod.ubuntu.com /usr/bin/cmake --install /home/ziad/ziad_ws/ROS2/work_space/build/yahboom_rosmaster_gazebo
