[0.240s] [34mcolcon[0m [1;30mDEBUG[0m [32mCommand line arguments: ['/usr/bin/colcon', 'build', '--symlink-install', '--event-handlers', 'console_direct+'][0m
[0.240s] [34mcolcon[0m [1;30mDEBUG[0m [32mParsed command line arguments: Namespace(log_base=None, log_level=None, verb_name='build', build_base='build', install_base='install', merge_install=False, symlink_install=True, test_result_base=None, continue_on_error=False, executor='parallel', parallel_workers=4, event_handlers=['console_direct+'], ignore_user_meta=False, metas=['./colcon.meta'], base_paths=['.'], packages_ignore=None, packages_ignore_regex=None, paths=None, packages_up_to=None, packages_up_to_regex=None, packages_above=None, packages_above_and_dependencies=None, packages_above_depth=None, packages_select_by_dep=None, packages_skip_by_dep=None, packages_skip_up_to=None, packages_select_build_failed=False, packages_skip_build_finished=False, packages_select_test_failures=False, packages_skip_test_passed=False, packages_select=None, packages_skip=None, packages_select_regex=None, packages_skip_regex=None, packages_start=None, packages_end=None, allow_overriding=[], cmake_args=None, cmake_target=None, cmake_target_skip_unavailable=False, cmake_clean_cache=False, cmake_clean_first=False, cmake_force_configure=False, ament_cmake_args=None, catkin_cmake_args=None, catkin_skip_building_tests=False, mixin_files=None, mixin=None, verb_parser=<colcon_mixin.mixin.mixin_argument.MixinArgumentDecorator object at 0x793921fb0fa0>, verb_extension=<colcon_core.verb.build.BuildVerb object at 0x793921f25c30>, main=<bound method BuildVerb.main of <colcon_core.verb.build.BuildVerb object at 0x793921f25c30>>, mixin_verb=('build',))[0m
[0.722s] [34mcolcon.colcon_core.package_discovery[0m [1;30mLevel 1[0m discover_packages(colcon_meta) check parameters
[0.722s] [34mcolcon.colcon_core.package_discovery[0m [1;30mLevel 1[0m discover_packages(recursive) check parameters
[0.722s] [34mcolcon.colcon_core.package_discovery[0m [1;30mLevel 1[0m discover_packages(ignore) check parameters
[0.722s] [34mcolcon.colcon_core.package_discovery[0m [1;30mLevel 1[0m discover_packages(path) check parameters
[0.722s] [34mcolcon.colcon_core.package_discovery[0m [1;30mLevel 1[0m discover_packages(colcon_meta) discover
[0.722s] [34mcolcon.colcon_core.package_discovery[0m [1;30mLevel 1[0m discover_packages(recursive) discover
[0.722s] [34mcolcon.colcon_core.package_discovery[0m [1;30mINFO[0m Crawling recursively for packages in '/home/ziad/Ziad_WS/ROS2/ziad_ws'
[0.722s] [34mcolcon.colcon_core.package_identification[0m [1;30mLevel 1[0m _identify(.) by extensions ['ignore', 'ignore_ament_install']
[0.722s] [34mcolcon.colcon_core.package_identification[0m [1;30mLevel 1[0m _identify(.) by extension 'ignore'
[0.723s] [34mcolcon.colcon_core.package_identification[0m [1;30mLevel 1[0m _identify(.) by extension 'ignore_ament_install'
[0.723s] [34mcolcon.colcon_core.package_identification[0m [1;30mLevel 1[0m _identify(.) by extensions ['colcon_pkg']
[0.723s] [34mcolcon.colcon_core.package_identification[0m [1;30mLevel 1[0m _identify(.) by extension 'colcon_pkg'
[0.723s] [34mcolcon.colcon_core.package_identification[0m [1;30mLevel 1[0m _identify(.) by extensions ['colcon_meta']
[0.723s] [34mcolcon.colcon_core.package_identification[0m [1;30mLevel 1[0m _identify(.) by extension 'colcon_meta'
[0.723s] [34mcolcon.colcon_core.package_identification[0m [1;30mLevel 1[0m _identify(.) by extensions ['ros']
[0.723s] [34mcolcon.colcon_core.package_identification[0m [1;30mLevel 1[0m _identify(.) by extension 'ros'
[0.758s] [34mcolcon.colcon_core.package_identification[0m [1;30mLevel 1[0m _identify(.) by extensions ['cmake', 'python']
[0.758s] [34mcolcon.colcon_core.package_identification[0m [1;30mLevel 1[0m _identify(.) by extension 'cmake'
[0.758s] [34mcolcon.colcon_core.package_identification[0m [1;30mLevel 1[0m _identify(.) by extension 'python'
[0.759s] [34mcolcon.colcon_core.package_identification[0m [1;30mLevel 1[0m _identify(.) by extensions ['python_setup_py']
[0.759s] [34mcolcon.colcon_core.package_identification[0m [1;30mLevel 1[0m _identify(.) by extension 'python_setup_py'
[0.759s] [34mcolcon.colcon_core.package_identification[0m [1;30mLevel 1[0m _identify(build) by extensions ['ignore', 'ignore_ament_install']
[0.759s] [34mcolcon.colcon_core.package_identification[0m [1;30mLevel 1[0m _identify(build) by extension 'ignore'
[0.759s] [34mcolcon.colcon_core.package_identification[0m [1;30mLevel 1[0m _identify(build) ignored
[0.759s] [34mcolcon.colcon_core.package_identification[0m [1;30mLevel 1[0m _identify(install) by extensions ['ignore', 'ignore_ament_install']
[0.759s] [34mcolcon.colcon_core.package_identification[0m [1;30mLevel 1[0m _identify(install) by extension 'ignore'
[0.759s] [34mcolcon.colcon_core.package_identification[0m [1;30mLevel 1[0m _identify(install) ignored
[0.759s] [34mcolcon.colcon_core.package_identification[0m [1;30mLevel 1[0m _identify(log) by extensions ['ignore', 'ignore_ament_install']
[0.760s] [34mcolcon.colcon_core.package_identification[0m [1;30mLevel 1[0m _identify(log) by extension 'ignore'
[0.760s] [34mcolcon.colcon_core.package_identification[0m [1;30mLevel 1[0m _identify(log) ignored
[0.760s] [34mcolcon.colcon_core.package_identification[0m [1;30mLevel 1[0m _identify(src) by extensions ['ignore', 'ignore_ament_install']
[0.760s] [34mcolcon.colcon_core.package_identification[0m [1;30mLevel 1[0m _identify(src) by extension 'ignore'
[0.760s] [34mcolcon.colcon_core.package_identification[0m [1;30mLevel 1[0m _identify(src) by extension 'ignore_ament_install'
[0.760s] [34mcolcon.colcon_core.package_identification[0m [1;30mLevel 1[0m _identify(src) by extensions ['colcon_pkg']
[0.760s] [34mcolcon.colcon_core.package_identification[0m [1;30mLevel 1[0m _identify(src) by extension 'colcon_pkg'
[0.760s] [34mcolcon.colcon_core.package_identification[0m [1;30mLevel 1[0m _identify(src) by extensions ['colcon_meta']
[0.760s] [34mcolcon.colcon_core.package_identification[0m [1;30mLevel 1[0m _identify(src) by extension 'colcon_meta'
[0.760s] [34mcolcon.colcon_core.package_identification[0m [1;30mLevel 1[0m _identify(src) by extensions ['ros']
[0.760s] [34mcolcon.colcon_core.package_identification[0m [1;30mLevel 1[0m _identify(src) by extension 'ros'
[0.760s] [34mcolcon.colcon_core.package_identification[0m [1;30mLevel 1[0m _identify(src) by extensions ['cmake', 'python']
[0.760s] [34mcolcon.colcon_core.package_identification[0m [1;30mLevel 1[0m _identify(src) by extension 'cmake'
[0.760s] [34mcolcon.colcon_core.package_identification[0m [1;30mLevel 1[0m _identify(src) by extension 'python'
[0.760s] [34mcolcon.colcon_core.package_identification[0m [1;30mLevel 1[0m _identify(src) by extensions ['python_setup_py']
[0.760s] [34mcolcon.colcon_core.package_identification[0m [1;30mLevel 1[0m _identify(src) by extension 'python_setup_py'
[0.761s] [34mcolcon.colcon_core.package_identification[0m [1;30mLevel 1[0m _identify(src/bt_demo) by extensions ['ignore', 'ignore_ament_install']
[0.761s] [34mcolcon.colcon_core.package_identification[0m [1;30mLevel 1[0m _identify(src/bt_demo) by extension 'ignore'
[0.761s] [34mcolcon.colcon_core.package_identification[0m [1;30mLevel 1[0m _identify(src/bt_demo) by extension 'ignore_ament_install'
[0.761s] [34mcolcon.colcon_core.package_identification[0m [1;30mLevel 1[0m _identify(src/bt_demo) by extensions ['colcon_pkg']
[0.761s] [34mcolcon.colcon_core.package_identification[0m [1;30mLevel 1[0m _identify(src/bt_demo) by extension 'colcon_pkg'
[0.761s] [34mcolcon.colcon_core.package_identification[0m [1;30mLevel 1[0m _identify(src/bt_demo) by extensions ['colcon_meta']
[0.761s] [34mcolcon.colcon_core.package_identification[0m [1;30mLevel 1[0m _identify(src/bt_demo) by extension 'colcon_meta'
[0.761s] [34mcolcon.colcon_core.package_identification[0m [1;30mLevel 1[0m _identify(src/bt_demo) by extensions ['ros']
[0.761s] [34mcolcon.colcon_core.package_identification[0m [1;30mLevel 1[0m _identify(src/bt_demo) by extension 'ros'
[0.764s] [34mcolcon.colcon_core.package_identification[0m [1;30mDEBUG[0m [32mPackage 'src/bt_demo' with type 'ros.ament_cmake' and name 'bt_demo'[0m
[0.764s] [34mcolcon.colcon_core.package_identification[0m [1;30mLevel 1[0m _identify(src/move_program) by extensions ['ignore', 'ignore_ament_install']
[0.764s] [34mcolcon.colcon_core.package_identification[0m [1;30mLevel 1[0m _identify(src/move_program) by extension 'ignore'
[0.764s] [34mcolcon.colcon_core.package_identification[0m [1;30mLevel 1[0m _identify(src/move_program) by extension 'ignore_ament_install'
[0.765s] [34mcolcon.colcon_core.package_identification[0m [1;30mLevel 1[0m _identify(src/move_program) by extensions ['colcon_pkg']
[0.765s] [34mcolcon.colcon_core.package_identification[0m [1;30mLevel 1[0m _identify(src/move_program) by extension 'colcon_pkg'
[0.765s] [34mcolcon.colcon_core.package_identification[0m [1;30mLevel 1[0m _identify(src/move_program) by extensions ['colcon_meta']
[0.765s] [34mcolcon.colcon_core.package_identification[0m [1;30mLevel 1[0m _identify(src/move_program) by extension 'colcon_meta'
[0.765s] [34mcolcon.colcon_core.package_identification[0m [1;30mLevel 1[0m _identify(src/move_program) by extensions ['ros']
[0.765s] [34mcolcon.colcon_core.package_identification[0m [1;30mLevel 1[0m _identify(src/move_program) by extension 'ros'
[0.766s] [34mcolcon.colcon_core.package_identification[0m [1;30mDEBUG[0m [32mPackage 'src/move_program' with type 'ros.ament_cmake' and name 'move_program'[0m
[0.766s] [34mcolcon.colcon_core.package_identification[0m [1;30mLevel 1[0m _identify(src/moveit2_tutorials) by extensions ['ignore', 'ignore_ament_install']
[0.766s] [34mcolcon.colcon_core.package_identification[0m [1;30mLevel 1[0m _identify(src/moveit2_tutorials) by extension 'ignore'
[0.766s] [34mcolcon.colcon_core.package_identification[0m [1;30mLevel 1[0m _identify(src/moveit2_tutorials) by extension 'ignore_ament_install'
[0.766s] [34mcolcon.colcon_core.package_identification[0m [1;30mLevel 1[0m _identify(src/moveit2_tutorials) by extensions ['colcon_pkg']
[0.766s] [34mcolcon.colcon_core.package_identification[0m [1;30mLevel 1[0m _identify(src/moveit2_tutorials) by extension 'colcon_pkg'
[0.766s] [34mcolcon.colcon_core.package_identification[0m [1;30mLevel 1[0m _identify(src/moveit2_tutorials) by extensions ['colcon_meta']
[0.766s] [34mcolcon.colcon_core.package_identification[0m [1;30mLevel 1[0m _identify(src/moveit2_tutorials) by extension 'colcon_meta'
[0.766s] [34mcolcon.colcon_core.package_identification[0m [1;30mLevel 1[0m _identify(src/moveit2_tutorials) by extensions ['ros']
[0.766s] [34mcolcon.colcon_core.package_identification[0m [1;30mLevel 1[0m _identify(src/moveit2_tutorials) by extension 'ros'
[0.769s] [34mcolcon.colcon_core.package_identification[0m [1;30mDEBUG[0m [32mPackage 'src/moveit2_tutorials' with type 'ros.ament_cmake' and name 'moveit2_tutorials'[0m
[0.770s] [34mcolcon.colcon_core.package_identification[0m [1;30mLevel 1[0m _identify(src/moveit_task_constructor) by extensions ['ignore', 'ignore_ament_install']
[0.770s] [34mcolcon.colcon_core.package_identification[0m [1;30mLevel 1[0m _identify(src/moveit_task_constructor) by extension 'ignore'
[0.770s] [34mcolcon.colcon_core.package_identification[0m [1;30mLevel 1[0m _identify(src/moveit_task_constructor) by extension 'ignore_ament_install'
[0.770s] [34mcolcon.colcon_core.package_identification[0m [1;30mLevel 1[0m _identify(src/moveit_task_constructor) by extensions ['colcon_pkg']
[0.770s] [34mcolcon.colcon_core.package_identification[0m [1;30mLevel 1[0m _identify(src/moveit_task_constructor) by extension 'colcon_pkg'
[0.770s] [34mcolcon.colcon_core.package_identification[0m [1;30mLevel 1[0m _identify(src/moveit_task_constructor) by extensions ['colcon_meta']
[0.770s] [34mcolcon.colcon_core.package_identification[0m [1;30mLevel 1[0m _identify(src/moveit_task_constructor) by extension 'colcon_meta'
[0.770s] [34mcolcon.colcon_core.package_identification[0m [1;30mLevel 1[0m _identify(src/moveit_task_constructor) by extensions ['ros']
[0.770s] [34mcolcon.colcon_core.package_identification[0m [1;30mLevel 1[0m _identify(src/moveit_task_constructor) by extension 'ros'
[0.770s] [34mcolcon.colcon_core.package_identification[0m [1;30mLevel 1[0m _identify(src/moveit_task_constructor) by extensions ['cmake', 'python']
[0.770s] [34mcolcon.colcon_core.package_identification[0m [1;30mLevel 1[0m _identify(src/moveit_task_constructor) by extension 'cmake'
[0.770s] [34mcolcon.colcon_core.package_identification[0m [1;30mLevel 1[0m _identify(src/moveit_task_constructor) by extension 'python'
[0.770s] [34mcolcon.colcon_core.package_identification[0m [1;30mLevel 1[0m _identify(src/moveit_task_constructor) by extensions ['python_setup_py']
[0.771s] [34mcolcon.colcon_core.package_identification[0m [1;30mLevel 1[0m _identify(src/moveit_task_constructor) by extension 'python_setup_py'
[0.771s] [34mcolcon.colcon_core.package_identification[0m [1;30mLevel 1[0m _identify(src/moveit_task_constructor/capabilities) by extensions ['ignore', 'ignore_ament_install']
[0.771s] [34mcolcon.colcon_core.package_identification[0m [1;30mLevel 1[0m _identify(src/moveit_task_constructor/capabilities) by extension 'ignore'
[0.771s] [34mcolcon.colcon_core.package_identification[0m [1;30mLevel 1[0m _identify(src/moveit_task_constructor/capabilities) by extension 'ignore_ament_install'
[0.771s] [34mcolcon.colcon_core.package_identification[0m [1;30mLevel 1[0m _identify(src/moveit_task_constructor/capabilities) by extensions ['colcon_pkg']
[0.771s] [34mcolcon.colcon_core.package_identification[0m [1;30mLevel 1[0m _identify(src/moveit_task_constructor/capabilities) by extension 'colcon_pkg'
[0.771s] [34mcolcon.colcon_core.package_identification[0m [1;30mLevel 1[0m _identify(src/moveit_task_constructor/capabilities) by extensions ['colcon_meta']
[0.771s] [34mcolcon.colcon_core.package_identification[0m [1;30mLevel 1[0m _identify(src/moveit_task_constructor/capabilities) by extension 'colcon_meta'
[0.771s] [34mcolcon.colcon_core.package_identification[0m [1;30mLevel 1[0m _identify(src/moveit_task_constructor/capabilities) by extensions ['ros']
[0.771s] [34mcolcon.colcon_core.package_identification[0m [1;30mLevel 1[0m _identify(src/moveit_task_constructor/capabilities) by extension 'ros'
[0.772s] [34mcolcon.colcon_core.package_identification[0m [1;30mDEBUG[0m [32mPackage 'src/moveit_task_constructor/capabilities' with type 'ros.ament_cmake' and name 'moveit_task_constructor_capabilities'[0m
[0.773s] [34mcolcon.colcon_core.package_identification[0m [1;30mLevel 1[0m _identify(src/moveit_task_constructor/core) by extensions ['ignore', 'ignore_ament_install']
[0.773s] [34mcolcon.colcon_core.package_identification[0m [1;30mLevel 1[0m _identify(src/moveit_task_constructor/core) by extension 'ignore'
[0.773s] [34mcolcon.colcon_core.package_identification[0m [1;30mLevel 1[0m _identify(src/moveit_task_constructor/core) by extension 'ignore_ament_install'
[0.773s] [34mcolcon.colcon_core.package_identification[0m [1;30mLevel 1[0m _identify(src/moveit_task_constructor/core) by extensions ['colcon_pkg']
[0.773s] [34mcolcon.colcon_core.package_identification[0m [1;30mLevel 1[0m _identify(src/moveit_task_constructor/core) by extension 'colcon_pkg'
[0.773s] [34mcolcon.colcon_core.package_identification[0m [1;30mLevel 1[0m _identify(src/moveit_task_constructor/core) by extensions ['colcon_meta']
[0.773s] [34mcolcon.colcon_core.package_identification[0m [1;30mLevel 1[0m _identify(src/moveit_task_constructor/core) by extension 'colcon_meta'
[0.773s] [34mcolcon.colcon_core.package_identification[0m [1;30mLevel 1[0m _identify(src/moveit_task_constructor/core) by extensions ['ros']
[0.773s] [34mcolcon.colcon_core.package_identification[0m [1;30mLevel 1[0m _identify(src/moveit_task_constructor/core) by extension 'ros'
[0.775s] [34mcolcon.colcon_core.package_identification[0m [1;30mDEBUG[0m [32mPackage 'src/moveit_task_constructor/core' with type 'ros.ament_cmake' and name 'moveit_task_constructor_core'[0m
[0.775s] [34mcolcon.colcon_core.package_identification[0m [1;30mLevel 1[0m _identify(src/moveit_task_constructor/demo) by extensions ['ignore', 'ignore_ament_install']
[0.775s] [34mcolcon.colcon_core.package_identification[0m [1;30mLevel 1[0m _identify(src/moveit_task_constructor/demo) by extension 'ignore'
[0.775s] [34mcolcon.colcon_core.package_identification[0m [1;30mLevel 1[0m _identify(src/moveit_task_constructor/demo) by extension 'ignore_ament_install'
[0.775s] [34mcolcon.colcon_core.package_identification[0m [1;30mLevel 1[0m _identify(src/moveit_task_constructor/demo) by extensions ['colcon_pkg']
[0.775s] [34mcolcon.colcon_core.package_identification[0m [1;30mLevel 1[0m _identify(src/moveit_task_constructor/demo) by extension 'colcon_pkg'
[0.775s] [34mcolcon.colcon_core.package_identification[0m [1;30mLevel 1[0m _identify(src/moveit_task_constructor/demo) by extensions ['colcon_meta']
[0.775s] [34mcolcon.colcon_core.package_identification[0m [1;30mLevel 1[0m _identify(src/moveit_task_constructor/demo) by extension 'colcon_meta'
[0.775s] [34mcolcon.colcon_core.package_identification[0m [1;30mLevel 1[0m _identify(src/moveit_task_constructor/demo) by extensions ['ros']
[0.775s] [34mcolcon.colcon_core.package_identification[0m [1;30mLevel 1[0m _identify(src/moveit_task_constructor/demo) by extension 'ros'
[0.776s] [34mcolcon.colcon_core.package_identification[0m [1;30mDEBUG[0m [32mPackage 'src/moveit_task_constructor/demo' with type 'ros.ament_cmake' and name 'moveit_task_constructor_demo'[0m
[0.777s] [34mcolcon.colcon_core.package_identification[0m [1;30mLevel 1[0m _identify(src/moveit_task_constructor/msgs) by extensions ['ignore', 'ignore_ament_install']
[0.777s] [34mcolcon.colcon_core.package_identification[0m [1;30mLevel 1[0m _identify(src/moveit_task_constructor/msgs) by extension 'ignore'
[0.777s] [34mcolcon.colcon_core.package_identification[0m [1;30mLevel 1[0m _identify(src/moveit_task_constructor/msgs) by extension 'ignore_ament_install'
[0.777s] [34mcolcon.colcon_core.package_identification[0m [1;30mLevel 1[0m _identify(src/moveit_task_constructor/msgs) by extensions ['colcon_pkg']
[0.777s] [34mcolcon.colcon_core.package_identification[0m [1;30mLevel 1[0m _identify(src/moveit_task_constructor/msgs) by extension 'colcon_pkg'
[0.777s] [34mcolcon.colcon_core.package_identification[0m [1;30mLevel 1[0m _identify(src/moveit_task_constructor/msgs) by extensions ['colcon_meta']
[0.777s] [34mcolcon.colcon_core.package_identification[0m [1;30mLevel 1[0m _identify(src/moveit_task_constructor/msgs) by extension 'colcon_meta'
[0.777s] [34mcolcon.colcon_core.package_identification[0m [1;30mLevel 1[0m _identify(src/moveit_task_constructor/msgs) by extensions ['ros']
[0.777s] [34mcolcon.colcon_core.package_identification[0m [1;30mLevel 1[0m _identify(src/moveit_task_constructor/msgs) by extension 'ros'
[0.778s] [34mcolcon.colcon_core.package_identification[0m [1;30mDEBUG[0m [32mPackage 'src/moveit_task_constructor/msgs' with type 'ros.ament_cmake' and name 'moveit_task_constructor_msgs'[0m
[0.778s] [34mcolcon.colcon_core.package_identification[0m [1;30mLevel 1[0m _identify(src/moveit_task_constructor/rviz_marker_tools) by extensions ['ignore', 'ignore_ament_install']
[0.778s] [34mcolcon.colcon_core.package_identification[0m [1;30mLevel 1[0m _identify(src/moveit_task_constructor/rviz_marker_tools) by extension 'ignore'
[0.778s] [34mcolcon.colcon_core.package_identification[0m [1;30mLevel 1[0m _identify(src/moveit_task_constructor/rviz_marker_tools) by extension 'ignore_ament_install'
[0.778s] [34mcolcon.colcon_core.package_identification[0m [1;30mLevel 1[0m _identify(src/moveit_task_constructor/rviz_marker_tools) by extensions ['colcon_pkg']
[0.778s] [34mcolcon.colcon_core.package_identification[0m [1;30mLevel 1[0m _identify(src/moveit_task_constructor/rviz_marker_tools) by extension 'colcon_pkg'
[0.778s] [34mcolcon.colcon_core.package_identification[0m [1;30mLevel 1[0m _identify(src/moveit_task_constructor/rviz_marker_tools) by extensions ['colcon_meta']
[0.778s] [34mcolcon.colcon_core.package_identification[0m [1;30mLevel 1[0m _identify(src/moveit_task_constructor/rviz_marker_tools) by extension 'colcon_meta'
[0.779s] [34mcolcon.colcon_core.package_identification[0m [1;30mLevel 1[0m _identify(src/moveit_task_constructor/rviz_marker_tools) by extensions ['ros']
[0.779s] [34mcolcon.colcon_core.package_identification[0m [1;30mLevel 1[0m _identify(src/moveit_task_constructor/rviz_marker_tools) by extension 'ros'
[0.780s] [34mcolcon.colcon_core.package_identification[0m [1;30mDEBUG[0m [32mPackage 'src/moveit_task_constructor/rviz_marker_tools' with type 'ros.ament_cmake' and name 'rviz_marker_tools'[0m
[0.780s] [34mcolcon.colcon_core.package_identification[0m [1;30mLevel 1[0m _identify(src/moveit_task_constructor/visualization) by extensions ['ignore', 'ignore_ament_install']
[0.780s] [34mcolcon.colcon_core.package_identification[0m [1;30mLevel 1[0m _identify(src/moveit_task_constructor/visualization) by extension 'ignore'
[0.780s] [34mcolcon.colcon_core.package_identification[0m [1;30mLevel 1[0m _identify(src/moveit_task_constructor/visualization) by extension 'ignore_ament_install'
[0.780s] [34mcolcon.colcon_core.package_identification[0m [1;30mLevel 1[0m _identify(src/moveit_task_constructor/visualization) by extensions ['colcon_pkg']
[0.780s] [34mcolcon.colcon_core.package_identification[0m [1;30mLevel 1[0m _identify(src/moveit_task_constructor/visualization) by extension 'colcon_pkg'
[0.780s] [34mcolcon.colcon_core.package_identification[0m [1;30mLevel 1[0m _identify(src/moveit_task_constructor/visualization) by extensions ['colcon_meta']
[0.780s] [34mcolcon.colcon_core.package_identification[0m [1;30mLevel 1[0m _identify(src/moveit_task_constructor/visualization) by extension 'colcon_meta'
[0.780s] [34mcolcon.colcon_core.package_identification[0m [1;30mLevel 1[0m _identify(src/moveit_task_constructor/visualization) by extensions ['ros']
[0.780s] [34mcolcon.colcon_core.package_identification[0m [1;30mLevel 1[0m _identify(src/moveit_task_constructor/visualization) by extension 'ros'
[0.782s] [34mcolcon.colcon_core.package_identification[0m [1;30mDEBUG[0m [32mPackage 'src/moveit_task_constructor/visualization' with type 'ros.ament_cmake' and name 'moveit_task_constructor_visualization'[0m
[0.782s] [34mcolcon.colcon_core.package_discovery[0m [1;30mLevel 1[0m discover_packages(recursive) using defaults
[0.782s] [34mcolcon.colcon_core.package_discovery[0m [1;30mLevel 1[0m discover_packages(ignore) discover
[0.782s] [34mcolcon.colcon_core.package_discovery[0m [1;30mLevel 1[0m discover_packages(ignore) using defaults
[0.782s] [34mcolcon.colcon_core.package_discovery[0m [1;30mLevel 1[0m discover_packages(path) discover
[0.782s] [34mcolcon.colcon_core.package_discovery[0m [1;30mLevel 1[0m discover_packages(path) using defaults
[0.821s] [34mcolcon.colcon_core.package_discovery[0m [1;30mLevel 1[0m discover_packages(prefix_path) check parameters
[0.821s] [34mcolcon.colcon_core.package_discovery[0m [1;30mLevel 1[0m discover_packages(prefix_path) discover
[0.824s] [34mcolcon.colcon_installed_package_information.package_discovery[0m [1;30mDEBUG[0m [32mFound 5 installed packages in /home/ziad/Ziad_WS/ROS2/ziad_ws/install[0m
[0.826s] [34mcolcon.colcon_installed_package_information.package_discovery[0m [1;30mDEBUG[0m [32mFound 461 installed packages in /opt/ros/humble[0m
[0.829s] [34mcolcon.colcon_core.package_discovery[0m [1;30mLevel 1[0m discover_packages(prefix_path) using defaults
[0.928s] [34mcolcon.colcon_core.verb[0m [1;30mLevel 5[0m set package 'bt_demo' build argument 'cmake_args' from command line to 'None'
[0.928s] [34mcolcon.colcon_core.verb[0m [1;30mLevel 5[0m set package 'bt_demo' build argument 'cmake_target' from command line to 'None'
[0.928s] [34mcolcon.colcon_core.verb[0m [1;30mLevel 5[0m set package 'bt_demo' build argument 'cmake_target_skip_unavailable' from command line to 'False'
[0.928s] [34mcolcon.colcon_core.verb[0m [1;30mLevel 5[0m set package 'bt_demo' build argument 'cmake_clean_cache' from command line to 'False'
[0.928s] [34mcolcon.colcon_core.verb[0m [1;30mLevel 5[0m set package 'bt_demo' build argument 'cmake_clean_first' from command line to 'False'
[0.928s] [34mcolcon.colcon_core.verb[0m [1;30mLevel 5[0m set package 'bt_demo' build argument 'cmake_force_configure' from command line to 'False'
[0.928s] [34mcolcon.colcon_core.verb[0m [1;30mLevel 5[0m set package 'bt_demo' build argument 'ament_cmake_args' from command line to 'None'
[0.928s] [34mcolcon.colcon_core.verb[0m [1;30mLevel 5[0m set package 'bt_demo' build argument 'catkin_cmake_args' from command line to 'None'
[0.928s] [34mcolcon.colcon_core.verb[0m [1;30mLevel 5[0m set package 'bt_demo' build argument 'catkin_skip_building_tests' from command line to 'False'
[0.928s] [34mcolcon.colcon_core.verb[0m [1;30mDEBUG[0m [32mBuilding package 'bt_demo' with the following arguments: {'ament_cmake_args': None, 'build_base': '/home/ziad/Ziad_WS/ROS2/ziad_ws/build/bt_demo', 'catkin_cmake_args': None, 'catkin_skip_building_tests': False, 'cmake_args': None, 'cmake_clean_cache': False, 'cmake_clean_first': False, 'cmake_force_configure': False, 'cmake_target': None, 'cmake_target_skip_unavailable': False, 'install_base': '/home/ziad/Ziad_WS/ROS2/ziad_ws/install/bt_demo', 'merge_install': False, 'path': '/home/ziad/Ziad_WS/ROS2/ziad_ws/src/bt_demo', 'symlink_install': True, 'test_result_base': None}[0m
[0.929s] [34mcolcon.colcon_core.verb[0m [1;30mLevel 5[0m set package 'move_program' build argument 'cmake_args' from command line to 'None'
[0.929s] [34mcolcon.colcon_core.verb[0m [1;30mLevel 5[0m set package 'move_program' build argument 'cmake_target' from command line to 'None'
[0.929s] [34mcolcon.colcon_core.verb[0m [1;30mLevel 5[0m set package 'move_program' build argument 'cmake_target_skip_unavailable' from command line to 'False'
[0.929s] [34mcolcon.colcon_core.verb[0m [1;30mLevel 5[0m set package 'move_program' build argument 'cmake_clean_cache' from command line to 'False'
[0.929s] [34mcolcon.colcon_core.verb[0m [1;30mLevel 5[0m set package 'move_program' build argument 'cmake_clean_first' from command line to 'False'
[0.929s] [34mcolcon.colcon_core.verb[0m [1;30mLevel 5[0m set package 'move_program' build argument 'cmake_force_configure' from command line to 'False'
[0.929s] [34mcolcon.colcon_core.verb[0m [1;30mLevel 5[0m set package 'move_program' build argument 'ament_cmake_args' from command line to 'None'
[0.929s] [34mcolcon.colcon_core.verb[0m [1;30mLevel 5[0m set package 'move_program' build argument 'catkin_cmake_args' from command line to 'None'
[0.929s] [34mcolcon.colcon_core.verb[0m [1;30mLevel 5[0m set package 'move_program' build argument 'catkin_skip_building_tests' from command line to 'False'
[0.929s] [34mcolcon.colcon_core.verb[0m [1;30mDEBUG[0m [32mBuilding package 'move_program' with the following arguments: {'ament_cmake_args': None, 'build_base': '/home/ziad/Ziad_WS/ROS2/ziad_ws/build/move_program', 'catkin_cmake_args': None, 'catkin_skip_building_tests': False, 'cmake_args': None, 'cmake_clean_cache': False, 'cmake_clean_first': False, 'cmake_force_configure': False, 'cmake_target': None, 'cmake_target_skip_unavailable': False, 'install_base': '/home/ziad/Ziad_WS/ROS2/ziad_ws/install/move_program', 'merge_install': False, 'path': '/home/ziad/Ziad_WS/ROS2/ziad_ws/src/move_program', 'symlink_install': True, 'test_result_base': None}[0m
[0.929s] [34mcolcon.colcon_core.verb[0m [1;30mLevel 5[0m set package 'moveit_task_constructor_msgs' build argument 'cmake_args' from command line to 'None'
[0.929s] [34mcolcon.colcon_core.verb[0m [1;30mLevel 5[0m set package 'moveit_task_constructor_msgs' build argument 'cmake_target' from command line to 'None'
[0.930s] [34mcolcon.colcon_core.verb[0m [1;30mLevel 5[0m set package 'moveit_task_constructor_msgs' build argument 'cmake_target_skip_unavailable' from command line to 'False'
[0.930s] [34mcolcon.colcon_core.verb[0m [1;30mLevel 5[0m set package 'moveit_task_constructor_msgs' build argument 'cmake_clean_cache' from command line to 'False'
[0.930s] [34mcolcon.colcon_core.verb[0m [1;30mLevel 5[0m set package 'moveit_task_constructor_msgs' build argument 'cmake_clean_first' from command line to 'False'
[0.930s] [34mcolcon.colcon_core.verb[0m [1;30mLevel 5[0m set package 'moveit_task_constructor_msgs' build argument 'cmake_force_configure' from command line to 'False'
[0.930s] [34mcolcon.colcon_core.verb[0m [1;30mLevel 5[0m set package 'moveit_task_constructor_msgs' build argument 'ament_cmake_args' from command line to 'None'
[0.930s] [34mcolcon.colcon_core.verb[0m [1;30mLevel 5[0m set package 'moveit_task_constructor_msgs' build argument 'catkin_cmake_args' from command line to 'None'
[0.930s] [34mcolcon.colcon_core.verb[0m [1;30mLevel 5[0m set package 'moveit_task_constructor_msgs' build argument 'catkin_skip_building_tests' from command line to 'False'
[0.930s] [34mcolcon.colcon_core.verb[0m [1;30mDEBUG[0m [32mBuilding package 'moveit_task_constructor_msgs' with the following arguments: {'ament_cmake_args': None, 'build_base': '/home/ziad/Ziad_WS/ROS2/ziad_ws/build/moveit_task_constructor_msgs', 'catkin_cmake_args': None, 'catkin_skip_building_tests': False, 'cmake_args': None, 'cmake_clean_cache': False, 'cmake_clean_first': False, 'cmake_force_configure': False, 'cmake_target': None, 'cmake_target_skip_unavailable': False, 'install_base': '/home/ziad/Ziad_WS/ROS2/ziad_ws/install/moveit_task_constructor_msgs', 'merge_install': False, 'path': '/home/ziad/Ziad_WS/ROS2/ziad_ws/src/moveit_task_constructor/msgs', 'symlink_install': True, 'test_result_base': None}[0m
[0.930s] [34mcolcon.colcon_core.verb[0m [1;30mLevel 5[0m set package 'rviz_marker_tools' build argument 'cmake_args' from command line to 'None'
[0.930s] [34mcolcon.colcon_core.verb[0m [1;30mLevel 5[0m set package 'rviz_marker_tools' build argument 'cmake_target' from command line to 'None'
[0.930s] [34mcolcon.colcon_core.verb[0m [1;30mLevel 5[0m set package 'rviz_marker_tools' build argument 'cmake_target_skip_unavailable' from command line to 'False'
[0.930s] [34mcolcon.colcon_core.verb[0m [1;30mLevel 5[0m set package 'rviz_marker_tools' build argument 'cmake_clean_cache' from command line to 'False'
[0.930s] [34mcolcon.colcon_core.verb[0m [1;30mLevel 5[0m set package 'rviz_marker_tools' build argument 'cmake_clean_first' from command line to 'False'
[0.930s] [34mcolcon.colcon_core.verb[0m [1;30mLevel 5[0m set package 'rviz_marker_tools' build argument 'cmake_force_configure' from command line to 'False'
[0.930s] [34mcolcon.colcon_core.verb[0m [1;30mLevel 5[0m set package 'rviz_marker_tools' build argument 'ament_cmake_args' from command line to 'None'
[0.930s] [34mcolcon.colcon_core.verb[0m [1;30mLevel 5[0m set package 'rviz_marker_tools' build argument 'catkin_cmake_args' from command line to 'None'
[0.930s] [34mcolcon.colcon_core.verb[0m [1;30mLevel 5[0m set package 'rviz_marker_tools' build argument 'catkin_skip_building_tests' from command line to 'False'
[0.930s] [34mcolcon.colcon_core.verb[0m [1;30mDEBUG[0m [32mBuilding package 'rviz_marker_tools' with the following arguments: {'ament_cmake_args': None, 'build_base': '/home/ziad/Ziad_WS/ROS2/ziad_ws/build/rviz_marker_tools', 'catkin_cmake_args': None, 'catkin_skip_building_tests': False, 'cmake_args': None, 'cmake_clean_cache': False, 'cmake_clean_first': False, 'cmake_force_configure': False, 'cmake_target': None, 'cmake_target_skip_unavailable': False, 'install_base': '/home/ziad/Ziad_WS/ROS2/ziad_ws/install/rviz_marker_tools', 'merge_install': False, 'path': '/home/ziad/Ziad_WS/ROS2/ziad_ws/src/moveit_task_constructor/rviz_marker_tools', 'symlink_install': True, 'test_result_base': None}[0m
[0.931s] [34mcolcon.colcon_core.verb[0m [1;30mLevel 5[0m set package 'moveit_task_constructor_core' build argument 'cmake_args' from command line to 'None'
[0.931s] [34mcolcon.colcon_core.verb[0m [1;30mLevel 5[0m set package 'moveit_task_constructor_core' build argument 'cmake_target' from command line to 'None'
[0.931s] [34mcolcon.colcon_core.verb[0m [1;30mLevel 5[0m set package 'moveit_task_constructor_core' build argument 'cmake_target_skip_unavailable' from command line to 'False'
[0.931s] [34mcolcon.colcon_core.verb[0m [1;30mLevel 5[0m set package 'moveit_task_constructor_core' build argument 'cmake_clean_cache' from command line to 'False'
[0.931s] [34mcolcon.colcon_core.verb[0m [1;30mLevel 5[0m set package 'moveit_task_constructor_core' build argument 'cmake_clean_first' from command line to 'False'
[0.931s] [34mcolcon.colcon_core.verb[0m [1;30mLevel 5[0m set package 'moveit_task_constructor_core' build argument 'cmake_force_configure' from command line to 'False'
[0.931s] [34mcolcon.colcon_core.verb[0m [1;30mLevel 5[0m set package 'moveit_task_constructor_core' build argument 'ament_cmake_args' from command line to 'None'
[0.931s] [34mcolcon.colcon_core.verb[0m [1;30mLevel 5[0m set package 'moveit_task_constructor_core' build argument 'catkin_cmake_args' from command line to 'None'
[0.931s] [34mcolcon.colcon_core.verb[0m [1;30mLevel 5[0m set package 'moveit_task_constructor_core' build argument 'catkin_skip_building_tests' from command line to 'False'
[0.931s] [34mcolcon.colcon_core.verb[0m [1;30mDEBUG[0m [32mBuilding package 'moveit_task_constructor_core' with the following arguments: {'ament_cmake_args': None, 'build_base': '/home/ziad/Ziad_WS/ROS2/ziad_ws/build/moveit_task_constructor_core', 'catkin_cmake_args': None, 'catkin_skip_building_tests': False, 'cmake_args': None, 'cmake_clean_cache': False, 'cmake_clean_first': False, 'cmake_force_configure': False, 'cmake_target': None, 'cmake_target_skip_unavailable': False, 'install_base': '/home/ziad/Ziad_WS/ROS2/ziad_ws/install/moveit_task_constructor_core', 'merge_install': False, 'path': '/home/ziad/Ziad_WS/ROS2/ziad_ws/src/moveit_task_constructor/core', 'symlink_install': True, 'test_result_base': None}[0m
[0.932s] [34mcolcon.colcon_core.verb[0m [1;30mLevel 5[0m set package 'moveit2_tutorials' build argument 'cmake_args' from command line to 'None'
[0.932s] [34mcolcon.colcon_core.verb[0m [1;30mLevel 5[0m set package 'moveit2_tutorials' build argument 'cmake_target' from command line to 'None'
[0.932s] [34mcolcon.colcon_core.verb[0m [1;30mLevel 5[0m set package 'moveit2_tutorials' build argument 'cmake_target_skip_unavailable' from command line to 'False'
[0.932s] [34mcolcon.colcon_core.verb[0m [1;30mLevel 5[0m set package 'moveit2_tutorials' build argument 'cmake_clean_cache' from command line to 'False'
[0.932s] [34mcolcon.colcon_core.verb[0m [1;30mLevel 5[0m set package 'moveit2_tutorials' build argument 'cmake_clean_first' from command line to 'False'
[0.932s] [34mcolcon.colcon_core.verb[0m [1;30mLevel 5[0m set package 'moveit2_tutorials' build argument 'cmake_force_configure' from command line to 'False'
[0.932s] [34mcolcon.colcon_core.verb[0m [1;30mLevel 5[0m set package 'moveit2_tutorials' build argument 'ament_cmake_args' from command line to 'None'
[0.932s] [34mcolcon.colcon_core.verb[0m [1;30mLevel 5[0m set package 'moveit2_tutorials' build argument 'catkin_cmake_args' from command line to 'None'
[0.932s] [34mcolcon.colcon_core.verb[0m [1;30mLevel 5[0m set package 'moveit2_tutorials' build argument 'catkin_skip_building_tests' from command line to 'False'
[0.932s] [34mcolcon.colcon_core.verb[0m [1;30mDEBUG[0m [32mBuilding package 'moveit2_tutorials' with the following arguments: {'ament_cmake_args': None, 'build_base': '/home/ziad/Ziad_WS/ROS2/ziad_ws/build/moveit2_tutorials', 'catkin_cmake_args': None, 'catkin_skip_building_tests': False, 'cmake_args': None, 'cmake_clean_cache': False, 'cmake_clean_first': False, 'cmake_force_configure': False, 'cmake_target': None, 'cmake_target_skip_unavailable': False, 'install_base': '/home/ziad/Ziad_WS/ROS2/ziad_ws/install/moveit2_tutorials', 'merge_install': False, 'path': '/home/ziad/Ziad_WS/ROS2/ziad_ws/src/moveit2_tutorials', 'symlink_install': True, 'test_result_base': None}[0m
[0.932s] [34mcolcon.colcon_core.verb[0m [1;30mLevel 5[0m set package 'moveit_task_constructor_capabilities' build argument 'cmake_args' from command line to 'None'
[0.932s] [34mcolcon.colcon_core.verb[0m [1;30mLevel 5[0m set package 'moveit_task_constructor_capabilities' build argument 'cmake_target' from command line to 'None'
[0.932s] [34mcolcon.colcon_core.verb[0m [1;30mLevel 5[0m set package 'moveit_task_constructor_capabilities' build argument 'cmake_target_skip_unavailable' from command line to 'False'
[0.932s] [34mcolcon.colcon_core.verb[0m [1;30mLevel 5[0m set package 'moveit_task_constructor_capabilities' build argument 'cmake_clean_cache' from command line to 'False'
[0.933s] [34mcolcon.colcon_core.verb[0m [1;30mLevel 5[0m set package 'moveit_task_constructor_capabilities' build argument 'cmake_clean_first' from command line to 'False'
[0.933s] [34mcolcon.colcon_core.verb[0m [1;30mLevel 5[0m set package 'moveit_task_constructor_capabilities' build argument 'cmake_force_configure' from command line to 'False'
[0.933s] [34mcolcon.colcon_core.verb[0m [1;30mLevel 5[0m set package 'moveit_task_constructor_capabilities' build argument 'ament_cmake_args' from command line to 'None'
[0.933s] [34mcolcon.colcon_core.verb[0m [1;30mLevel 5[0m set package 'moveit_task_constructor_capabilities' build argument 'catkin_cmake_args' from command line to 'None'
[0.933s] [34mcolcon.colcon_core.verb[0m [1;30mLevel 5[0m set package 'moveit_task_constructor_capabilities' build argument 'catkin_skip_building_tests' from command line to 'False'
[0.933s] [34mcolcon.colcon_core.verb[0m [1;30mDEBUG[0m [32mBuilding package 'moveit_task_constructor_capabilities' with the following arguments: {'ament_cmake_args': None, 'build_base': '/home/ziad/Ziad_WS/ROS2/ziad_ws/build/moveit_task_constructor_capabilities', 'catkin_cmake_args': None, 'catkin_skip_building_tests': False, 'cmake_args': None, 'cmake_clean_cache': False, 'cmake_clean_first': False, 'cmake_force_configure': False, 'cmake_target': None, 'cmake_target_skip_unavailable': False, 'install_base': '/home/ziad/Ziad_WS/ROS2/ziad_ws/install/moveit_task_constructor_capabilities', 'merge_install': False, 'path': '/home/ziad/Ziad_WS/ROS2/ziad_ws/src/moveit_task_constructor/capabilities', 'symlink_install': True, 'test_result_base': None}[0m
[0.933s] [34mcolcon.colcon_core.verb[0m [1;30mLevel 5[0m set package 'moveit_task_constructor_visualization' build argument 'cmake_args' from command line to 'None'
[0.933s] [34mcolcon.colcon_core.verb[0m [1;30mLevel 5[0m set package 'moveit_task_constructor_visualization' build argument 'cmake_target' from command line to 'None'
[0.933s] [34mcolcon.colcon_core.verb[0m [1;30mLevel 5[0m set package 'moveit_task_constructor_visualization' build argument 'cmake_target_skip_unavailable' from command line to 'False'
[0.933s] [34mcolcon.colcon_core.verb[0m [1;30mLevel 5[0m set package 'moveit_task_constructor_visualization' build argument 'cmake_clean_cache' from command line to 'False'
[0.933s] [34mcolcon.colcon_core.verb[0m [1;30mLevel 5[0m set package 'moveit_task_constructor_visualization' build argument 'cmake_clean_first' from command line to 'False'
[0.933s] [34mcolcon.colcon_core.verb[0m [1;30mLevel 5[0m set package 'moveit_task_constructor_visualization' build argument 'cmake_force_configure' from command line to 'False'
[0.933s] [34mcolcon.colcon_core.verb[0m [1;30mLevel 5[0m set package 'moveit_task_constructor_visualization' build argument 'ament_cmake_args' from command line to 'None'
[0.933s] [34mcolcon.colcon_core.verb[0m [1;30mLevel 5[0m set package 'moveit_task_constructor_visualization' build argument 'catkin_cmake_args' from command line to 'None'
[0.933s] [34mcolcon.colcon_core.verb[0m [1;30mLevel 5[0m set package 'moveit_task_constructor_visualization' build argument 'catkin_skip_building_tests' from command line to 'False'
[0.933s] [34mcolcon.colcon_core.verb[0m [1;30mDEBUG[0m [32mBuilding package 'moveit_task_constructor_visualization' with the following arguments: {'ament_cmake_args': None, 'build_base': '/home/ziad/Ziad_WS/ROS2/ziad_ws/build/moveit_task_constructor_visualization', 'catkin_cmake_args': None, 'catkin_skip_building_tests': False, 'cmake_args': None, 'cmake_clean_cache': False, 'cmake_clean_first': False, 'cmake_force_configure': False, 'cmake_target': None, 'cmake_target_skip_unavailable': False, 'install_base': '/home/ziad/Ziad_WS/ROS2/ziad_ws/install/moveit_task_constructor_visualization', 'merge_install': False, 'path': '/home/ziad/Ziad_WS/ROS2/ziad_ws/src/moveit_task_constructor/visualization', 'symlink_install': True, 'test_result_base': None}[0m
[0.934s] [34mcolcon.colcon_core.verb[0m [1;30mLevel 5[0m set package 'moveit_task_constructor_demo' build argument 'cmake_args' from command line to 'None'
[0.934s] [34mcolcon.colcon_core.verb[0m [1;30mLevel 5[0m set package 'moveit_task_constructor_demo' build argument 'cmake_target' from command line to 'None'
[0.934s] [34mcolcon.colcon_core.verb[0m [1;30mLevel 5[0m set package 'moveit_task_constructor_demo' build argument 'cmake_target_skip_unavailable' from command line to 'False'
[0.934s] [34mcolcon.colcon_core.verb[0m [1;30mLevel 5[0m set package 'moveit_task_constructor_demo' build argument 'cmake_clean_cache' from command line to 'False'
[0.934s] [34mcolcon.colcon_core.verb[0m [1;30mLevel 5[0m set package 'moveit_task_constructor_demo' build argument 'cmake_clean_first' from command line to 'False'
[0.934s] [34mcolcon.colcon_core.verb[0m [1;30mLevel 5[0m set package 'moveit_task_constructor_demo' build argument 'cmake_force_configure' from command line to 'False'
[0.934s] [34mcolcon.colcon_core.verb[0m [1;30mLevel 5[0m set package 'moveit_task_constructor_demo' build argument 'ament_cmake_args' from command line to 'None'
[0.934s] [34mcolcon.colcon_core.verb[0m [1;30mLevel 5[0m set package 'moveit_task_constructor_demo' build argument 'catkin_cmake_args' from command line to 'None'
[0.934s] [34mcolcon.colcon_core.verb[0m [1;30mLevel 5[0m set package 'moveit_task_constructor_demo' build argument 'catkin_skip_building_tests' from command line to 'False'
[0.934s] [34mcolcon.colcon_core.verb[0m [1;30mDEBUG[0m [32mBuilding package 'moveit_task_constructor_demo' with the following arguments: {'ament_cmake_args': None, 'build_base': '/home/ziad/Ziad_WS/ROS2/ziad_ws/build/moveit_task_constructor_demo', 'catkin_cmake_args': None, 'catkin_skip_building_tests': False, 'cmake_args': None, 'cmake_clean_cache': False, 'cmake_clean_first': False, 'cmake_force_configure': False, 'cmake_target': None, 'cmake_target_skip_unavailable': False, 'install_base': '/home/ziad/Ziad_WS/ROS2/ziad_ws/install/moveit_task_constructor_demo', 'merge_install': False, 'path': '/home/ziad/Ziad_WS/ROS2/ziad_ws/src/moveit_task_constructor/demo', 'symlink_install': True, 'test_result_base': None}[0m
[0.934s] [34mcolcon.colcon_core.executor[0m [1;30mINFO[0m Executing jobs using 'parallel' executor
[0.936s] [34mcolcon.colcon_parallel_executor.executor.parallel[0m [1;30mDEBUG[0m [32mrun_until_complete[0m
[0.936s] [34mcolcon.colcon_ros.task.ament_cmake.build[0m [1;30mINFO[0m Building ROS package in '/home/ziad/Ziad_WS/ROS2/ziad_ws/src/moveit_task_constructor/msgs' with build type 'ament_cmake'
[0.936s] [34mcolcon.colcon_cmake.task.cmake.build[0m [1;30mINFO[0m Building CMake package in '/home/ziad/Ziad_WS/ROS2/ziad_ws/src/moveit_task_constructor/msgs'
[0.942s] [34mcolcon.colcon_core.plugin_system[0m [1;30mINFO[0m Skipping extension 'colcon_core.shell.bat': Not used on non-Windows systems
[0.942s] [34mcolcon.colcon_core.shell[0m [1;30mINFO[0m Skip shell extension 'powershell' for command environment: Not usable outside of PowerShell
[0.942s] [34mcolcon.colcon_core.shell[0m [1;30mDEBUG[0m [32mSkip shell extension 'dsv' for command environment[0m
[0.947s] [34mcolcon.colcon_ros.task.ament_cmake.build[0m [1;30mINFO[0m Building ROS package in '/home/ziad/Ziad_WS/ROS2/ziad_ws/src/moveit_task_constructor/rviz_marker_tools' with build type 'ament_cmake'
[0.948s] [34mcolcon.colcon_cmake.task.cmake.build[0m [1;30mINFO[0m Building CMake package in '/home/ziad/Ziad_WS/ROS2/ziad_ws/src/moveit_task_constructor/rviz_marker_tools'
[0.948s] [34mcolcon.colcon_core.shell[0m [1;30mINFO[0m Skip shell extension 'powershell' for command environment: Not usable outside of PowerShell
[0.948s] [34mcolcon.colcon_core.shell[0m [1;30mDEBUG[0m [32mSkip shell extension 'dsv' for command environment[0m
[0.953s] [34mcolcon.colcon_ros.task.ament_cmake.build[0m [1;30mINFO[0m Building ROS package in '/home/ziad/Ziad_WS/ROS2/ziad_ws/src/bt_demo' with build type 'ament_cmake'
[0.953s] [34mcolcon.colcon_cmake.task.cmake.build[0m [1;30mINFO[0m Building CMake package in '/home/ziad/Ziad_WS/ROS2/ziad_ws/src/bt_demo'
[0.954s] [34mcolcon.colcon_core.shell[0m [1;30mINFO[0m Skip shell extension 'powershell' for command environment: Not usable outside of PowerShell
[0.954s] [34mcolcon.colcon_core.shell[0m [1;30mDEBUG[0m [32mSkip shell extension 'dsv' for command environment[0m
[0.959s] [34mcolcon.colcon_ros.task.ament_cmake.build[0m [1;30mINFO[0m Building ROS package in '/home/ziad/Ziad_WS/ROS2/ziad_ws/src/move_program' with build type 'ament_cmake'
[0.959s] [34mcolcon.colcon_cmake.task.cmake.build[0m [1;30mINFO[0m Building CMake package in '/home/ziad/Ziad_WS/ROS2/ziad_ws/src/move_program'
[0.960s] [34mcolcon.colcon_core.shell[0m [1;30mINFO[0m Skip shell extension 'powershell' for command environment: Not usable outside of PowerShell
[0.960s] [34mcolcon.colcon_core.shell[0m [1;30mDEBUG[0m [32mSkip shell extension 'dsv' for command environment[0m
[0.973s] [34mcolcon.colcon_core.event_handler.log_command[0m [1;30mDEBUG[0m [32mInvoking command in '/home/ziad/Ziad_WS/ROS2/ziad_ws/build/moveit_task_constructor_msgs': CMAKE_PREFIX_PATH=${CMAKE_PREFIX_PATH}:/opt/ros/humble /usr/bin/cmake /home/ziad/Ziad_WS/ROS2/ziad_ws/src/moveit_task_constructor/msgs -DAMENT_CMAKE_SYMLINK_INSTALL=1 -DCMAKE_INSTALL_PREFIX=/home/ziad/Ziad_WS/ROS2/ziad_ws/install/moveit_task_constructor_msgs[0m
[0.977s] [34mcolcon.colcon_core.event_handler.log_command[0m [1;30mDEBUG[0m [32mInvoking command in '/home/ziad/Ziad_WS/ROS2/ziad_ws/build/rviz_marker_tools': CMAKE_PREFIX_PATH=${CMAKE_PREFIX_PATH}:/opt/ros/humble /usr/bin/cmake /home/ziad/Ziad_WS/ROS2/ziad_ws/src/moveit_task_constructor/rviz_marker_tools -DAMENT_CMAKE_SYMLINK_INSTALL=1 -DCMAKE_INSTALL_PREFIX=/home/ziad/Ziad_WS/ROS2/ziad_ws/install/rviz_marker_tools[0m
[0.984s] [34mcolcon.colcon_core.event_handler.log_command[0m [1;30mDEBUG[0m [32mInvoking command in '/home/ziad/Ziad_WS/ROS2/ziad_ws/build/bt_demo': CMAKE_PREFIX_PATH=${CMAKE_PREFIX_PATH}:/opt/ros/humble /usr/bin/cmake --build /home/ziad/Ziad_WS/ROS2/ziad_ws/build/bt_demo -- -j4 -l4[0m
[0.995s] [34mcolcon.colcon_core.event_handler.log_command[0m [1;30mDEBUG[0m [32mInvoking command in '/home/ziad/Ziad_WS/ROS2/ziad_ws/build/move_program': CMAKE_PREFIX_PATH=${CMAKE_PREFIX_PATH}:/opt/ros/humble /usr/bin/cmake --build /home/ziad/Ziad_WS/ROS2/ziad_ws/build/move_program -- -j4 -l4[0m
[1.155s] [34mcolcon.colcon_core.event_handler.log_command[0m [1;30mDEBUG[0m [32mInvoked command in '/home/ziad/Ziad_WS/ROS2/ziad_ws/build/bt_demo' returned '0': CMAKE_PREFIX_PATH=${CMAKE_PREFIX_PATH}:/opt/ros/humble /usr/bin/cmake --build /home/ziad/Ziad_WS/ROS2/ziad_ws/build/bt_demo -- -j4 -l4[0m
[1.176s] [34mcolcon.colcon_core.event_handler.log_command[0m [1;30mDEBUG[0m [32mInvoking command in '/home/ziad/Ziad_WS/ROS2/ziad_ws/build/bt_demo': CMAKE_PREFIX_PATH=${CMAKE_PREFIX_PATH}:/opt/ros/humble /usr/bin/cmake --install /home/ziad/Ziad_WS/ROS2/ziad_ws/build/bt_demo[0m
[1.193s] [34mcolcon.colcon_core.event_handler.log_command[0m [1;30mDEBUG[0m [32mInvoked command in '/home/ziad/Ziad_WS/ROS2/ziad_ws/build/move_program' returned '0': CMAKE_PREFIX_PATH=${CMAKE_PREFIX_PATH}:/opt/ros/humble /usr/bin/cmake --build /home/ziad/Ziad_WS/ROS2/ziad_ws/build/move_program -- -j4 -l4[0m
[1.199s] [34mcolcon.colcon_core.event_handler.log_command[0m [1;30mDEBUG[0m [32mInvoking command in '/home/ziad/Ziad_WS/ROS2/ziad_ws/build/move_program': CMAKE_PREFIX_PATH=${CMAKE_PREFIX_PATH}:/opt/ros/humble /usr/bin/cmake --install /home/ziad/Ziad_WS/ROS2/ziad_ws/build/move_program[0m
[1.229s] [34mcolcon.colcon_core.environment[0m [1;30mLevel 1[0m create_environment_scripts_only(bt_demo)
[1.231s] [34mcolcon.colcon_core.event_handler.log_command[0m [1;30mDEBUG[0m [32mInvoked command in '/home/ziad/Ziad_WS/ROS2/ziad_ws/build/bt_demo' returned '0': CMAKE_PREFIX_PATH=${CMAKE_PREFIX_PATH}:/opt/ros/humble /usr/bin/cmake --install /home/ziad/Ziad_WS/ROS2/ziad_ws/build/bt_demo[0m
[1.240s] [34mcolcon.colcon_core.environment[0m [1;30mLevel 1[0m checking '/home/ziad/Ziad_WS/ROS2/ziad_ws/install/bt_demo' for CMake module files
[1.244s] [34mcolcon.colcon_core.environment[0m [1;30mLevel 1[0m checking '/home/ziad/Ziad_WS/ROS2/ziad_ws/install/bt_demo' for CMake config files
[1.245s] [34mcolcon.colcon_core.shell[0m [1;30mLevel 1[0m create_environment_hook('bt_demo', 'cmake_prefix_path')
[1.246s] [34mcolcon.colcon_core.shell[0m [1;30mINFO[0m Creating environment hook '/home/ziad/Ziad_WS/ROS2/ziad_ws/install/bt_demo/share/bt_demo/hook/cmake_prefix_path.ps1'
[1.249s] [34mcolcon.colcon_core.shell[0m [1;30mINFO[0m Creating environment descriptor '/home/ziad/Ziad_WS/ROS2/ziad_ws/install/bt_demo/share/bt_demo/hook/cmake_prefix_path.dsv'
[1.250s] [34mcolcon.colcon_core.shell[0m [1;30mINFO[0m Creating environment hook '/home/ziad/Ziad_WS/ROS2/ziad_ws/install/bt_demo/share/bt_demo/hook/cmake_prefix_path.sh'
[1.251s] [34mcolcon.colcon_core.environment[0m [1;30mLevel 1[0m checking '/home/ziad/Ziad_WS/ROS2/ziad_ws/install/bt_demo/lib'
[1.251s] [34mcolcon.colcon_core.environment[0m [1;30mLevel 1[0m checking '/home/ziad/Ziad_WS/ROS2/ziad_ws/install/bt_demo/bin'
[1.252s] [34mcolcon.colcon_core.environment[0m [1;30mLevel 1[0m checking '/home/ziad/Ziad_WS/ROS2/ziad_ws/install/bt_demo/lib/pkgconfig/bt_demo.pc'
[1.252s] [34mcolcon.colcon_core.environment[0m [1;30mLevel 1[0m checking '/home/ziad/Ziad_WS/ROS2/ziad_ws/install/bt_demo/lib/python3.10/site-packages'
[1.252s] [34mcolcon.colcon_core.environment[0m [1;30mLevel 1[0m checking '/home/ziad/Ziad_WS/ROS2/ziad_ws/install/bt_demo/bin'
[1.253s] [34mcolcon.colcon_core.shell[0m [1;30mINFO[0m Creating package script '/home/ziad/Ziad_WS/ROS2/ziad_ws/install/bt_demo/share/bt_demo/package.ps1'
[1.256s] [34mcolcon.colcon_core.shell[0m [1;30mINFO[0m Creating package descriptor '/home/ziad/Ziad_WS/ROS2/ziad_ws/install/bt_demo/share/bt_demo/package.dsv'
[1.257s] [34mcolcon.colcon_core.shell[0m [1;30mINFO[0m Creating package script '/home/ziad/Ziad_WS/ROS2/ziad_ws/install/bt_demo/share/bt_demo/package.sh'
[1.258s] [34mcolcon.colcon_core.shell[0m [1;30mINFO[0m Creating package script '/home/ziad/Ziad_WS/ROS2/ziad_ws/install/bt_demo/share/bt_demo/package.bash'
[1.259s] [34mcolcon.colcon_core.shell[0m [1;30mINFO[0m Creating package script '/home/ziad/Ziad_WS/ROS2/ziad_ws/install/bt_demo/share/bt_demo/package.zsh'
[1.260s] [34mcolcon.colcon_core.environment[0m [1;30mLevel 1[0m create_file_with_runtime_dependencies(/home/ziad/Ziad_WS/ROS2/ziad_ws/install/bt_demo/share/colcon-core/packages/bt_demo)
[1.262s] [34mcolcon.colcon_core.environment[0m [1;30mLevel 1[0m create_environment_scripts_only(bt_demo)
[1.262s] [34mcolcon.colcon_core.environment[0m [1;30mLevel 1[0m checking '/home/ziad/Ziad_WS/ROS2/ziad_ws/install/bt_demo' for CMake module files
[1.263s] [34mcolcon.colcon_core.environment[0m [1;30mLevel 1[0m checking '/home/ziad/Ziad_WS/ROS2/ziad_ws/install/bt_demo' for CMake config files
[1.263s] [34mcolcon.colcon_core.shell[0m [1;30mLevel 1[0m create_environment_hook('bt_demo', 'cmake_prefix_path')
[1.264s] [34mcolcon.colcon_core.shell[0m [1;30mINFO[0m Creating environment hook '/home/ziad/Ziad_WS/ROS2/ziad_ws/install/bt_demo/share/bt_demo/hook/cmake_prefix_path.ps1'
[1.265s] [34mcolcon.colcon_core.shell[0m [1;30mINFO[0m Creating environment descriptor '/home/ziad/Ziad_WS/ROS2/ziad_ws/install/bt_demo/share/bt_demo/hook/cmake_prefix_path.dsv'
[1.265s] [34mcolcon.colcon_core.shell[0m [1;30mINFO[0m Creating environment hook '/home/ziad/Ziad_WS/ROS2/ziad_ws/install/bt_demo/share/bt_demo/hook/cmake_prefix_path.sh'
[1.266s] [34mcolcon.colcon_core.environment[0m [1;30mLevel 1[0m checking '/home/ziad/Ziad_WS/ROS2/ziad_ws/install/bt_demo/lib'
[1.266s] [34mcolcon.colcon_core.environment[0m [1;30mLevel 1[0m checking '/home/ziad/Ziad_WS/ROS2/ziad_ws/install/bt_demo/bin'
[1.266s] [34mcolcon.colcon_core.environment[0m [1;30mLevel 1[0m checking '/home/ziad/Ziad_WS/ROS2/ziad_ws/install/bt_demo/lib/pkgconfig/bt_demo.pc'
[1.266s] [34mcolcon.colcon_core.environment[0m [1;30mLevel 1[0m checking '/home/ziad/Ziad_WS/ROS2/ziad_ws/install/bt_demo/lib/python3.10/site-packages'
[1.267s] [34mcolcon.colcon_core.environment[0m [1;30mLevel 1[0m checking '/home/ziad/Ziad_WS/ROS2/ziad_ws/install/bt_demo/bin'
[1.267s] [34mcolcon.colcon_core.shell[0m [1;30mINFO[0m Creating package script '/home/ziad/Ziad_WS/ROS2/ziad_ws/install/bt_demo/share/bt_demo/package.ps1'
[1.268s] [34mcolcon.colcon_core.shell[0m [1;30mINFO[0m Creating package descriptor '/home/ziad/Ziad_WS/ROS2/ziad_ws/install/bt_demo/share/bt_demo/package.dsv'
[1.269s] [34mcolcon.colcon_core.shell[0m [1;30mINFO[0m Creating package script '/home/ziad/Ziad_WS/ROS2/ziad_ws/install/bt_demo/share/bt_demo/package.sh'
[1.270s] [34mcolcon.colcon_core.shell[0m [1;30mINFO[0m Creating package script '/home/ziad/Ziad_WS/ROS2/ziad_ws/install/bt_demo/share/bt_demo/package.bash'
[1.271s] [34mcolcon.colcon_core.shell[0m [1;30mINFO[0m Creating package script '/home/ziad/Ziad_WS/ROS2/ziad_ws/install/bt_demo/share/bt_demo/package.zsh'
[1.272s] [34mcolcon.colcon_core.environment[0m [1;30mLevel 1[0m create_file_with_runtime_dependencies(/home/ziad/Ziad_WS/ROS2/ziad_ws/install/bt_demo/share/colcon-core/packages/bt_demo)
[1.275s] [34mcolcon.colcon_core.environment[0m [1;30mLevel 1[0m create_environment_scripts_only(move_program)
[1.276s] [34mcolcon.colcon_core.environment[0m [1;30mLevel 1[0m checking '/home/ziad/Ziad_WS/ROS2/ziad_ws/install/move_program' for CMake module files
[1.277s] [34mcolcon.colcon_core.event_handler.log_command[0m [1;30mDEBUG[0m [32mInvoked command in '/home/ziad/Ziad_WS/ROS2/ziad_ws/build/move_program' returned '0': CMAKE_PREFIX_PATH=${CMAKE_PREFIX_PATH}:/opt/ros/humble /usr/bin/cmake --install /home/ziad/Ziad_WS/ROS2/ziad_ws/build/move_program[0m
[1.277s] [34mcolcon.colcon_core.environment[0m [1;30mLevel 1[0m checking '/home/ziad/Ziad_WS/ROS2/ziad_ws/install/move_program' for CMake config files
[1.278s] [34mcolcon.colcon_core.shell[0m [1;30mLevel 1[0m create_environment_hook('move_program', 'cmake_prefix_path')
[1.279s] [34mcolcon.colcon_core.shell[0m [1;30mINFO[0m Creating environment hook '/home/ziad/Ziad_WS/ROS2/ziad_ws/install/move_program/share/move_program/hook/cmake_prefix_path.ps1'
[1.280s] [34mcolcon.colcon_core.shell[0m [1;30mINFO[0m Creating environment descriptor '/home/ziad/Ziad_WS/ROS2/ziad_ws/install/move_program/share/move_program/hook/cmake_prefix_path.dsv'
[1.280s] [34mcolcon.colcon_core.shell[0m [1;30mINFO[0m Creating environment hook '/home/ziad/Ziad_WS/ROS2/ziad_ws/install/move_program/share/move_program/hook/cmake_prefix_path.sh'
[1.282s] [34mcolcon.colcon_core.environment[0m [1;30mLevel 1[0m checking '/home/ziad/Ziad_WS/ROS2/ziad_ws/install/move_program/lib'
[1.282s] [34mcolcon.colcon_core.environment[0m [1;30mLevel 1[0m checking '/home/ziad/Ziad_WS/ROS2/ziad_ws/install/move_program/bin'
[1.282s] [34mcolcon.colcon_core.environment[0m [1;30mLevel 1[0m checking '/home/ziad/Ziad_WS/ROS2/ziad_ws/install/move_program/lib/pkgconfig/move_program.pc'
[1.283s] [34mcolcon.colcon_core.environment[0m [1;30mLevel 1[0m checking '/home/ziad/Ziad_WS/ROS2/ziad_ws/install/move_program/lib/python3.10/site-packages'
[1.283s] [34mcolcon.colcon_core.environment[0m [1;30mLevel 1[0m checking '/home/ziad/Ziad_WS/ROS2/ziad_ws/install/move_program/bin'
[1.284s] [34mcolcon.colcon_core.shell[0m [1;30mINFO[0m Creating package script '/home/ziad/Ziad_WS/ROS2/ziad_ws/install/move_program/share/move_program/package.ps1'
[1.284s] [34mcolcon.colcon_core.shell[0m [1;30mINFO[0m Creating package descriptor '/home/ziad/Ziad_WS/ROS2/ziad_ws/install/move_program/share/move_program/package.dsv'
[1.285s] [34mcolcon.colcon_core.shell[0m [1;30mINFO[0m Creating package script '/home/ziad/Ziad_WS/ROS2/ziad_ws/install/move_program/share/move_program/package.sh'
[1.286s] [34mcolcon.colcon_core.shell[0m [1;30mINFO[0m Creating package script '/home/ziad/Ziad_WS/ROS2/ziad_ws/install/move_program/share/move_program/package.bash'
[1.286s] [34mcolcon.colcon_core.shell[0m [1;30mINFO[0m Creating package script '/home/ziad/Ziad_WS/ROS2/ziad_ws/install/move_program/share/move_program/package.zsh'
[1.287s] [34mcolcon.colcon_core.environment[0m [1;30mLevel 1[0m create_file_with_runtime_dependencies(/home/ziad/Ziad_WS/ROS2/ziad_ws/install/move_program/share/colcon-core/packages/move_program)
[1.288s] [34mcolcon.colcon_core.environment[0m [1;30mLevel 1[0m create_environment_scripts_only(move_program)
[1.289s] [34mcolcon.colcon_core.environment[0m [1;30mLevel 1[0m checking '/home/ziad/Ziad_WS/ROS2/ziad_ws/install/move_program' for CMake module files
[1.289s] [34mcolcon.colcon_core.environment[0m [1;30mLevel 1[0m checking '/home/ziad/Ziad_WS/ROS2/ziad_ws/install/move_program' for CMake config files
[1.290s] [34mcolcon.colcon_core.shell[0m [1;30mLevel 1[0m create_environment_hook('move_program', 'cmake_prefix_path')
[1.290s] [34mcolcon.colcon_core.shell[0m [1;30mINFO[0m Creating environment hook '/home/ziad/Ziad_WS/ROS2/ziad_ws/install/move_program/share/move_program/hook/cmake_prefix_path.ps1'
[1.291s] [34mcolcon.colcon_core.shell[0m [1;30mINFO[0m Creating environment descriptor '/home/ziad/Ziad_WS/ROS2/ziad_ws/install/move_program/share/move_program/hook/cmake_prefix_path.dsv'
[1.291s] [34mcolcon.colcon_core.shell[0m [1;30mINFO[0m Creating environment hook '/home/ziad/Ziad_WS/ROS2/ziad_ws/install/move_program/share/move_program/hook/cmake_prefix_path.sh'
[1.292s] [34mcolcon.colcon_core.environment[0m [1;30mLevel 1[0m checking '/home/ziad/Ziad_WS/ROS2/ziad_ws/install/move_program/lib'
[1.292s] [34mcolcon.colcon_core.environment[0m [1;30mLevel 1[0m checking '/home/ziad/Ziad_WS/ROS2/ziad_ws/install/move_program/bin'
[1.292s] [34mcolcon.colcon_core.environment[0m [1;30mLevel 1[0m checking '/home/ziad/Ziad_WS/ROS2/ziad_ws/install/move_program/lib/pkgconfig/move_program.pc'
[1.293s] [34mcolcon.colcon_core.environment[0m [1;30mLevel 1[0m checking '/home/ziad/Ziad_WS/ROS2/ziad_ws/install/move_program/lib/python3.10/site-packages'
[1.293s] [34mcolcon.colcon_core.environment[0m [1;30mLevel 1[0m checking '/home/ziad/Ziad_WS/ROS2/ziad_ws/install/move_program/bin'
[1.294s] [34mcolcon.colcon_core.shell[0m [1;30mINFO[0m Creating package script '/home/ziad/Ziad_WS/ROS2/ziad_ws/install/move_program/share/move_program/package.ps1'
[1.294s] [34mcolcon.colcon_core.shell[0m [1;30mINFO[0m Creating package descriptor '/home/ziad/Ziad_WS/ROS2/ziad_ws/install/move_program/share/move_program/package.dsv'
[1.295s] [34mcolcon.colcon_core.shell[0m [1;30mINFO[0m Creating package script '/home/ziad/Ziad_WS/ROS2/ziad_ws/install/move_program/share/move_program/package.sh'
[1.296s] [34mcolcon.colcon_core.shell[0m [1;30mINFO[0m Creating package script '/home/ziad/Ziad_WS/ROS2/ziad_ws/install/move_program/share/move_program/package.bash'
[1.297s] [34mcolcon.colcon_core.shell[0m [1;30mINFO[0m Creating package script '/home/ziad/Ziad_WS/ROS2/ziad_ws/install/move_program/share/move_program/package.zsh'
[1.297s] [34mcolcon.colcon_core.environment[0m [1;30mLevel 1[0m create_file_with_runtime_dependencies(/home/ziad/Ziad_WS/ROS2/ziad_ws/install/move_program/share/colcon-core/packages/move_program)
[4.472s] [34mcolcon.colcon_core.event_handler.log_command[0m [1;30mDEBUG[0m [32mInvoked command in '/home/ziad/Ziad_WS/ROS2/ziad_ws/build/rviz_marker_tools' returned '0': CMAKE_PREFIX_PATH=${CMAKE_PREFIX_PATH}:/opt/ros/humble /usr/bin/cmake /home/ziad/Ziad_WS/ROS2/ziad_ws/src/moveit_task_constructor/rviz_marker_tools -DAMENT_CMAKE_SYMLINK_INSTALL=1 -DCMAKE_INSTALL_PREFIX=/home/ziad/Ziad_WS/ROS2/ziad_ws/install/rviz_marker_tools[0m
[4.474s] [34mcolcon.colcon_core.event_handler.log_command[0m [1;30mDEBUG[0m [32mInvoking command in '/home/ziad/Ziad_WS/ROS2/ziad_ws/build/rviz_marker_tools': CMAKE_PREFIX_PATH=${CMAKE_PREFIX_PATH}:/opt/ros/humble /usr/bin/cmake --build /home/ziad/Ziad_WS/ROS2/ziad_ws/build/rviz_marker_tools -- -j4 -l4[0m
[6.353s] [34mcolcon.colcon_core.event_handler.log_command[0m [1;30mDEBUG[0m [32mInvoked command in '/home/ziad/Ziad_WS/ROS2/ziad_ws/build/moveit_task_constructor_msgs' returned '0': CMAKE_PREFIX_PATH=${CMAKE_PREFIX_PATH}:/opt/ros/humble /usr/bin/cmake /home/ziad/Ziad_WS/ROS2/ziad_ws/src/moveit_task_constructor/msgs -DAMENT_CMAKE_SYMLINK_INSTALL=1 -DCMAKE_INSTALL_PREFIX=/home/ziad/Ziad_WS/ROS2/ziad_ws/install/moveit_task_constructor_msgs[0m
[6.354s] [34mcolcon.colcon_core.event_handler.log_command[0m [1;30mDEBUG[0m [32mInvoking command in '/home/ziad/Ziad_WS/ROS2/ziad_ws/build/moveit_task_constructor_msgs': CMAKE_PREFIX_PATH=${CMAKE_PREFIX_PATH}:/opt/ros/humble /usr/bin/cmake --build /home/ziad/Ziad_WS/ROS2/ziad_ws/build/moveit_task_constructor_msgs -- -j4 -l4[0m
[22.716s] [34mcolcon.colcon_core.event_handler.log_command[0m [1;30mDEBUG[0m [32mInvoked command in '/home/ziad/Ziad_WS/ROS2/ziad_ws/build/rviz_marker_tools' returned '0': CMAKE_PREFIX_PATH=${CMAKE_PREFIX_PATH}:/opt/ros/humble /usr/bin/cmake --build /home/ziad/Ziad_WS/ROS2/ziad_ws/build/rviz_marker_tools -- -j4 -l4[0m
[22.723s] [34mcolcon.colcon_core.event_handler.log_command[0m [1;30mDEBUG[0m [32mInvoking command in '/home/ziad/Ziad_WS/ROS2/ziad_ws/build/rviz_marker_tools': CMAKE_PREFIX_PATH=${CMAKE_PREFIX_PATH}:/opt/ros/humble /usr/bin/cmake --install /home/ziad/Ziad_WS/ROS2/ziad_ws/build/rviz_marker_tools[0m
[23.686s] [34mcolcon.colcon_core.environment[0m [1;30mLevel 1[0m create_environment_scripts_only(rviz_marker_tools)
[23.686s] [34mcolcon.colcon_core.environment[0m [1;30mLevel 1[0m checking '/home/ziad/Ziad_WS/ROS2/ziad_ws/install/rviz_marker_tools' for CMake module files
[23.687s] [34mcolcon.colcon_core.environment[0m [1;30mLevel 1[0m checking '/home/ziad/Ziad_WS/ROS2/ziad_ws/install/rviz_marker_tools' for CMake config files
[23.691s] [34mcolcon.colcon_core.shell[0m [1;30mLevel 1[0m create_environment_hook('rviz_marker_tools', 'cmake_prefix_path')
[23.692s] [34mcolcon.colcon_core.shell[0m [1;30mINFO[0m Creating environment hook '/home/ziad/Ziad_WS/ROS2/ziad_ws/install/rviz_marker_tools/share/rviz_marker_tools/hook/cmake_prefix_path.ps1'
[23.694s] [34mcolcon.colcon_core.shell[0m [1;30mINFO[0m Creating environment descriptor '/home/ziad/Ziad_WS/ROS2/ziad_ws/install/rviz_marker_tools/share/rviz_marker_tools/hook/cmake_prefix_path.dsv'
[23.695s] [34mcolcon.colcon_core.event_handler.log_command[0m [1;30mDEBUG[0m [32mInvoked command in '/home/ziad/Ziad_WS/ROS2/ziad_ws/build/rviz_marker_tools' returned '0': CMAKE_PREFIX_PATH=${CMAKE_PREFIX_PATH}:/opt/ros/humble /usr/bin/cmake --install /home/ziad/Ziad_WS/ROS2/ziad_ws/build/rviz_marker_tools[0m
[23.696s] [34mcolcon.colcon_core.shell[0m [1;30mINFO[0m Creating environment hook '/home/ziad/Ziad_WS/ROS2/ziad_ws/install/rviz_marker_tools/share/rviz_marker_tools/hook/cmake_prefix_path.sh'
[23.707s] [34mcolcon.colcon_core.environment[0m [1;30mLevel 1[0m checking '/home/ziad/Ziad_WS/ROS2/ziad_ws/install/rviz_marker_tools/lib'
[23.707s] [34mcolcon.colcon_core.shell[0m [1;30mLevel 1[0m create_environment_hook('rviz_marker_tools', 'ld_library_path_lib')
[23.716s] [34mcolcon.colcon_core.shell[0m [1;30mINFO[0m Creating environment hook '/home/ziad/Ziad_WS/ROS2/ziad_ws/install/rviz_marker_tools/share/rviz_marker_tools/hook/ld_library_path_lib.ps1'
[23.717s] [34mcolcon.colcon_core.shell[0m [1;30mINFO[0m Creating environment descriptor '/home/ziad/Ziad_WS/ROS2/ziad_ws/install/rviz_marker_tools/share/rviz_marker_tools/hook/ld_library_path_lib.dsv'
[23.720s] [34mcolcon.colcon_core.shell[0m [1;30mINFO[0m Creating environment hook '/home/ziad/Ziad_WS/ROS2/ziad_ws/install/rviz_marker_tools/share/rviz_marker_tools/hook/ld_library_path_lib.sh'
[23.721s] [34mcolcon.colcon_core.environment[0m [1;30mLevel 1[0m checking '/home/ziad/Ziad_WS/ROS2/ziad_ws/install/rviz_marker_tools/bin'
[23.721s] [34mcolcon.colcon_core.environment[0m [1;30mLevel 1[0m checking '/home/ziad/Ziad_WS/ROS2/ziad_ws/install/rviz_marker_tools/lib/pkgconfig/rviz_marker_tools.pc'
[23.722s] [34mcolcon.colcon_core.environment[0m [1;30mLevel 1[0m checking '/home/ziad/Ziad_WS/ROS2/ziad_ws/install/rviz_marker_tools/lib/python3.10/site-packages'
[23.729s] [34mcolcon.colcon_core.environment[0m [1;30mLevel 1[0m checking '/home/ziad/Ziad_WS/ROS2/ziad_ws/install/rviz_marker_tools/bin'
[23.730s] [34mcolcon.colcon_core.shell[0m [1;30mINFO[0m Creating package script '/home/ziad/Ziad_WS/ROS2/ziad_ws/install/rviz_marker_tools/share/rviz_marker_tools/package.ps1'
[23.733s] [34mcolcon.colcon_core.shell[0m [1;30mINFO[0m Creating package descriptor '/home/ziad/Ziad_WS/ROS2/ziad_ws/install/rviz_marker_tools/share/rviz_marker_tools/package.dsv'
[23.739s] [34mcolcon.colcon_core.shell[0m [1;30mINFO[0m Creating package script '/home/ziad/Ziad_WS/ROS2/ziad_ws/install/rviz_marker_tools/share/rviz_marker_tools/package.sh'
[23.741s] [34mcolcon.colcon_core.shell[0m [1;30mINFO[0m Creating package script '/home/ziad/Ziad_WS/ROS2/ziad_ws/install/rviz_marker_tools/share/rviz_marker_tools/package.bash'
[23.750s] [34mcolcon.colcon_core.shell[0m [1;30mINFO[0m Creating package script '/home/ziad/Ziad_WS/ROS2/ziad_ws/install/rviz_marker_tools/share/rviz_marker_tools/package.zsh'
[23.751s] [34mcolcon.colcon_core.environment[0m [1;30mLevel 1[0m create_file_with_runtime_dependencies(/home/ziad/Ziad_WS/ROS2/ziad_ws/install/rviz_marker_tools/share/colcon-core/packages/rviz_marker_tools)
[23.757s] [34mcolcon.colcon_core.environment[0m [1;30mLevel 1[0m create_environment_scripts_only(rviz_marker_tools)
[23.757s] [34mcolcon.colcon_core.environment[0m [1;30mLevel 1[0m checking '/home/ziad/Ziad_WS/ROS2/ziad_ws/install/rviz_marker_tools' for CMake module files
[23.762s] [34mcolcon.colcon_core.environment[0m [1;30mLevel 1[0m checking '/home/ziad/Ziad_WS/ROS2/ziad_ws/install/rviz_marker_tools' for CMake config files
[23.766s] [34mcolcon.colcon_core.shell[0m [1;30mLevel 1[0m create_environment_hook('rviz_marker_tools', 'cmake_prefix_path')
[23.774s] [34mcolcon.colcon_core.shell[0m [1;30mINFO[0m Creating environment hook '/home/ziad/Ziad_WS/ROS2/ziad_ws/install/rviz_marker_tools/share/rviz_marker_tools/hook/cmake_prefix_path.ps1'
[23.779s] [34mcolcon.colcon_core.shell[0m [1;30mINFO[0m Creating environment descriptor '/home/ziad/Ziad_WS/ROS2/ziad_ws/install/rviz_marker_tools/share/rviz_marker_tools/hook/cmake_prefix_path.dsv'
[23.781s] [34mcolcon.colcon_core.shell[0m [1;30mINFO[0m Creating environment hook '/home/ziad/Ziad_WS/ROS2/ziad_ws/install/rviz_marker_tools/share/rviz_marker_tools/hook/cmake_prefix_path.sh'
[23.786s] [34mcolcon.colcon_core.environment[0m [1;30mLevel 1[0m checking '/home/ziad/Ziad_WS/ROS2/ziad_ws/install/rviz_marker_tools/lib'
[23.788s] [34mcolcon.colcon_core.shell[0m [1;30mLevel 1[0m create_environment_hook('rviz_marker_tools', 'ld_library_path_lib')
[23.789s] [34mcolcon.colcon_core.shell[0m [1;30mINFO[0m Creating environment hook '/home/ziad/Ziad_WS/ROS2/ziad_ws/install/rviz_marker_tools/share/rviz_marker_tools/hook/ld_library_path_lib.ps1'
[23.793s] [34mcolcon.colcon_core.shell[0m [1;30mINFO[0m Creating environment descriptor '/home/ziad/Ziad_WS/ROS2/ziad_ws/install/rviz_marker_tools/share/rviz_marker_tools/hook/ld_library_path_lib.dsv'
[23.797s] [34mcolcon.colcon_core.shell[0m [1;30mINFO[0m Creating environment hook '/home/ziad/Ziad_WS/ROS2/ziad_ws/install/rviz_marker_tools/share/rviz_marker_tools/hook/ld_library_path_lib.sh'
[23.803s] [34mcolcon.colcon_core.environment[0m [1;30mLevel 1[0m checking '/home/ziad/Ziad_WS/ROS2/ziad_ws/install/rviz_marker_tools/bin'
[23.803s] [34mcolcon.colcon_core.environment[0m [1;30mLevel 1[0m checking '/home/ziad/Ziad_WS/ROS2/ziad_ws/install/rviz_marker_tools/lib/pkgconfig/rviz_marker_tools.pc'
[23.804s] [34mcolcon.colcon_core.environment[0m [1;30mLevel 1[0m checking '/home/ziad/Ziad_WS/ROS2/ziad_ws/install/rviz_marker_tools/lib/python3.10/site-packages'
[23.805s] [34mcolcon.colcon_core.environment[0m [1;30mLevel 1[0m checking '/home/ziad/Ziad_WS/ROS2/ziad_ws/install/rviz_marker_tools/bin'
[23.809s] [34mcolcon.colcon_core.shell[0m [1;30mINFO[0m Creating package script '/home/ziad/Ziad_WS/ROS2/ziad_ws/install/rviz_marker_tools/share/rviz_marker_tools/package.ps1'
[23.816s] [34mcolcon.colcon_core.shell[0m [1;30mINFO[0m Creating package descriptor '/home/ziad/Ziad_WS/ROS2/ziad_ws/install/rviz_marker_tools/share/rviz_marker_tools/package.dsv'
[23.818s] [34mcolcon.colcon_core.shell[0m [1;30mINFO[0m Creating package script '/home/ziad/Ziad_WS/ROS2/ziad_ws/install/rviz_marker_tools/share/rviz_marker_tools/package.sh'
[23.823s] [34mcolcon.colcon_core.shell[0m [1;30mINFO[0m Creating package script '/home/ziad/Ziad_WS/ROS2/ziad_ws/install/rviz_marker_tools/share/rviz_marker_tools/package.bash'
[23.824s] [34mcolcon.colcon_core.shell[0m [1;30mINFO[0m Creating package script '/home/ziad/Ziad_WS/ROS2/ziad_ws/install/rviz_marker_tools/share/rviz_marker_tools/package.zsh'
[23.834s] [34mcolcon.colcon_core.environment[0m [1;30mLevel 1[0m create_file_with_runtime_dependencies(/home/ziad/Ziad_WS/ROS2/ziad_ws/install/rviz_marker_tools/share/colcon-core/packages/rviz_marker_tools)
[45.736s] [34mcolcon.colcon_core.event_handler.log_command[0m [1;30mDEBUG[0m [32mInvoked command in '/home/ziad/Ziad_WS/ROS2/ziad_ws/build/moveit_task_constructor_msgs' returned '0': CMAKE_PREFIX_PATH=${CMAKE_PREFIX_PATH}:/opt/ros/humble /usr/bin/cmake --build /home/ziad/Ziad_WS/ROS2/ziad_ws/build/moveit_task_constructor_msgs -- -j4 -l4[0m
[45.738s] [34mcolcon.colcon_core.event_handler.log_command[0m [1;30mDEBUG[0m [32mInvoking command in '/home/ziad/Ziad_WS/ROS2/ziad_ws/build/moveit_task_constructor_msgs': CMAKE_PREFIX_PATH=${CMAKE_PREFIX_PATH}:/opt/ros/humble /usr/bin/cmake --install /home/ziad/Ziad_WS/ROS2/ziad_ws/build/moveit_task_constructor_msgs[0m
[49.087s] [34mcolcon.colcon_core.environment[0m [1;30mLevel 1[0m create_environment_scripts_only(moveit_task_constructor_msgs)
[49.087s] [34mcolcon.colcon_core.environment[0m [1;30mLevel 1[0m checking '/home/ziad/Ziad_WS/ROS2/ziad_ws/install/moveit_task_constructor_msgs' for CMake module files
[49.088s] [34mcolcon.colcon_core.event_handler.log_command[0m [1;30mDEBUG[0m [32mInvoked command in '/home/ziad/Ziad_WS/ROS2/ziad_ws/build/moveit_task_constructor_msgs' returned '0': CMAKE_PREFIX_PATH=${CMAKE_PREFIX_PATH}:/opt/ros/humble /usr/bin/cmake --install /home/ziad/Ziad_WS/ROS2/ziad_ws/build/moveit_task_constructor_msgs[0m
[49.089s] [34mcolcon.colcon_core.environment[0m [1;30mLevel 1[0m checking '/home/ziad/Ziad_WS/ROS2/ziad_ws/install/moveit_task_constructor_msgs' for CMake config files
[49.091s] [34mcolcon.colcon_core.shell[0m [1;30mLevel 1[0m create_environment_hook('moveit_task_constructor_msgs', 'cmake_prefix_path')
[49.091s] [34mcolcon.colcon_core.shell[0m [1;30mINFO[0m Creating environment hook '/home/ziad/Ziad_WS/ROS2/ziad_ws/install/moveit_task_constructor_msgs/share/moveit_task_constructor_msgs/hook/cmake_prefix_path.ps1'
[49.092s] [34mcolcon.colcon_core.shell[0m [1;30mINFO[0m Creating environment descriptor '/home/ziad/Ziad_WS/ROS2/ziad_ws/install/moveit_task_constructor_msgs/share/moveit_task_constructor_msgs/hook/cmake_prefix_path.dsv'
[49.092s] [34mcolcon.colcon_core.shell[0m [1;30mINFO[0m Creating environment hook '/home/ziad/Ziad_WS/ROS2/ziad_ws/install/moveit_task_constructor_msgs/share/moveit_task_constructor_msgs/hook/cmake_prefix_path.sh'
[49.093s] [34mcolcon.colcon_core.environment[0m [1;30mLevel 1[0m checking '/home/ziad/Ziad_WS/ROS2/ziad_ws/install/moveit_task_constructor_msgs/lib'
[49.093s] [34mcolcon.colcon_core.shell[0m [1;30mLevel 1[0m create_environment_hook('moveit_task_constructor_msgs', 'ld_library_path_lib')
[49.093s] [34mcolcon.colcon_core.shell[0m [1;30mINFO[0m Creating environment hook '/home/ziad/Ziad_WS/ROS2/ziad_ws/install/moveit_task_constructor_msgs/share/moveit_task_constructor_msgs/hook/ld_library_path_lib.ps1'
[49.093s] [34mcolcon.colcon_core.shell[0m [1;30mINFO[0m Creating environment descriptor '/home/ziad/Ziad_WS/ROS2/ziad_ws/install/moveit_task_constructor_msgs/share/moveit_task_constructor_msgs/hook/ld_library_path_lib.dsv'
[49.094s] [34mcolcon.colcon_core.shell[0m [1;30mINFO[0m Creating environment hook '/home/ziad/Ziad_WS/ROS2/ziad_ws/install/moveit_task_constructor_msgs/share/moveit_task_constructor_msgs/hook/ld_library_path_lib.sh'
[49.094s] [34mcolcon.colcon_core.environment[0m [1;30mLevel 1[0m checking '/home/ziad/Ziad_WS/ROS2/ziad_ws/install/moveit_task_constructor_msgs/bin'
[49.094s] [34mcolcon.colcon_core.environment[0m [1;30mLevel 1[0m checking '/home/ziad/Ziad_WS/ROS2/ziad_ws/install/moveit_task_constructor_msgs/lib/pkgconfig/moveit_task_constructor_msgs.pc'
[49.094s] [34mcolcon.colcon_core.environment[0m [1;30mLevel 1[0m checking '/home/ziad/Ziad_WS/ROS2/ziad_ws/install/moveit_task_constructor_msgs/lib/python3.10/site-packages'
[49.095s] [34mcolcon.colcon_core.environment[0m [1;30mLevel 1[0m checking '/home/ziad/Ziad_WS/ROS2/ziad_ws/install/moveit_task_constructor_msgs/bin'
[49.095s] [34mcolcon.colcon_core.shell[0m [1;30mINFO[0m Creating package script '/home/ziad/Ziad_WS/ROS2/ziad_ws/install/moveit_task_constructor_msgs/share/moveit_task_constructor_msgs/package.ps1'
[49.096s] [34mcolcon.colcon_core.shell[0m [1;30mINFO[0m Creating package descriptor '/home/ziad/Ziad_WS/ROS2/ziad_ws/install/moveit_task_constructor_msgs/share/moveit_task_constructor_msgs/package.dsv'
[49.096s] [34mcolcon.colcon_core.shell[0m [1;30mINFO[0m Creating package script '/home/ziad/Ziad_WS/ROS2/ziad_ws/install/moveit_task_constructor_msgs/share/moveit_task_constructor_msgs/package.sh'
[49.097s] [34mcolcon.colcon_core.shell[0m [1;30mINFO[0m Creating package script '/home/ziad/Ziad_WS/ROS2/ziad_ws/install/moveit_task_constructor_msgs/share/moveit_task_constructor_msgs/package.bash'
[49.097s] [34mcolcon.colcon_core.shell[0m [1;30mINFO[0m Creating package script '/home/ziad/Ziad_WS/ROS2/ziad_ws/install/moveit_task_constructor_msgs/share/moveit_task_constructor_msgs/package.zsh'
[49.097s] [34mcolcon.colcon_core.environment[0m [1;30mLevel 1[0m create_file_with_runtime_dependencies(/home/ziad/Ziad_WS/ROS2/ziad_ws/install/moveit_task_constructor_msgs/share/colcon-core/packages/moveit_task_constructor_msgs)
[49.098s] [34mcolcon.colcon_core.environment[0m [1;30mLevel 1[0m create_environment_scripts_only(moveit_task_constructor_msgs)
[49.098s] [34mcolcon.colcon_core.environment[0m [1;30mLevel 1[0m checking '/home/ziad/Ziad_WS/ROS2/ziad_ws/install/moveit_task_constructor_msgs' for CMake module files
[49.099s] [34mcolcon.colcon_core.environment[0m [1;30mLevel 1[0m checking '/home/ziad/Ziad_WS/ROS2/ziad_ws/install/moveit_task_constructor_msgs' for CMake config files
[49.101s] [34mcolcon.colcon_core.shell[0m [1;30mLevel 1[0m create_environment_hook('moveit_task_constructor_msgs', 'cmake_prefix_path')
[49.102s] [34mcolcon.colcon_core.shell[0m [1;30mINFO[0m Creating environment hook '/home/ziad/Ziad_WS/ROS2/ziad_ws/install/moveit_task_constructor_msgs/share/moveit_task_constructor_msgs/hook/cmake_prefix_path.ps1'
[49.102s] [34mcolcon.colcon_core.shell[0m [1;30mINFO[0m Creating environment descriptor '/home/ziad/Ziad_WS/ROS2/ziad_ws/install/moveit_task_constructor_msgs/share/moveit_task_constructor_msgs/hook/cmake_prefix_path.dsv'
[49.103s] [34mcolcon.colcon_core.shell[0m [1;30mINFO[0m Creating environment hook '/home/ziad/Ziad_WS/ROS2/ziad_ws/install/moveit_task_constructor_msgs/share/moveit_task_constructor_msgs/hook/cmake_prefix_path.sh'
[49.104s] [34mcolcon.colcon_core.environment[0m [1;30mLevel 1[0m checking '/home/ziad/Ziad_WS/ROS2/ziad_ws/install/moveit_task_constructor_msgs/lib'
[49.104s] [34mcolcon.colcon_core.shell[0m [1;30mLevel 1[0m create_environment_hook('moveit_task_constructor_msgs', 'ld_library_path_lib')
[49.105s] [34mcolcon.colcon_core.shell[0m [1;30mINFO[0m Creating environment hook '/home/ziad/Ziad_WS/ROS2/ziad_ws/install/moveit_task_constructor_msgs/share/moveit_task_constructor_msgs/hook/ld_library_path_lib.ps1'
[49.105s] [34mcolcon.colcon_core.shell[0m [1;30mINFO[0m Creating environment descriptor '/home/ziad/Ziad_WS/ROS2/ziad_ws/install/moveit_task_constructor_msgs/share/moveit_task_constructor_msgs/hook/ld_library_path_lib.dsv'
[49.106s] [34mcolcon.colcon_core.shell[0m [1;30mINFO[0m Creating environment hook '/home/ziad/Ziad_WS/ROS2/ziad_ws/install/moveit_task_constructor_msgs/share/moveit_task_constructor_msgs/hook/ld_library_path_lib.sh'
[49.106s] [34mcolcon.colcon_core.environment[0m [1;30mLevel 1[0m checking '/home/ziad/Ziad_WS/ROS2/ziad_ws/install/moveit_task_constructor_msgs/bin'
[49.106s] [34mcolcon.colcon_core.environment[0m [1;30mLevel 1[0m checking '/home/ziad/Ziad_WS/ROS2/ziad_ws/install/moveit_task_constructor_msgs/lib/pkgconfig/moveit_task_constructor_msgs.pc'
[49.107s] [34mcolcon.colcon_core.environment[0m [1;30mLevel 1[0m checking '/home/ziad/Ziad_WS/ROS2/ziad_ws/install/moveit_task_constructor_msgs/lib/python3.10/site-packages'
[49.107s] [34mcolcon.colcon_core.environment[0m [1;30mLevel 1[0m checking '/home/ziad/Ziad_WS/ROS2/ziad_ws/install/moveit_task_constructor_msgs/bin'
[49.107s] [34mcolcon.colcon_core.shell[0m [1;30mINFO[0m Creating package script '/home/ziad/Ziad_WS/ROS2/ziad_ws/install/moveit_task_constructor_msgs/share/moveit_task_constructor_msgs/package.ps1'
[49.108s] [34mcolcon.colcon_core.shell[0m [1;30mINFO[0m Creating package descriptor '/home/ziad/Ziad_WS/ROS2/ziad_ws/install/moveit_task_constructor_msgs/share/moveit_task_constructor_msgs/package.dsv'
[49.109s] [34mcolcon.colcon_core.shell[0m [1;30mINFO[0m Creating package script '/home/ziad/Ziad_WS/ROS2/ziad_ws/install/moveit_task_constructor_msgs/share/moveit_task_constructor_msgs/package.sh'
[49.109s] [34mcolcon.colcon_core.shell[0m [1;30mINFO[0m Creating package script '/home/ziad/Ziad_WS/ROS2/ziad_ws/install/moveit_task_constructor_msgs/share/moveit_task_constructor_msgs/package.bash'
[49.110s] [34mcolcon.colcon_core.shell[0m [1;30mINFO[0m Creating package script '/home/ziad/Ziad_WS/ROS2/ziad_ws/install/moveit_task_constructor_msgs/share/moveit_task_constructor_msgs/package.zsh'
[49.110s] [34mcolcon.colcon_core.environment[0m [1;30mLevel 1[0m create_file_with_runtime_dependencies(/home/ziad/Ziad_WS/ROS2/ziad_ws/install/moveit_task_constructor_msgs/share/colcon-core/packages/moveit_task_constructor_msgs)
[49.111s] [34mcolcon.colcon_ros.task.ament_cmake.build[0m [1;30mINFO[0m Building ROS package in '/home/ziad/Ziad_WS/ROS2/ziad_ws/src/moveit_task_constructor/core' with build type 'ament_cmake'
[49.111s] [34mcolcon.colcon_cmake.task.cmake.build[0m [1;30mINFO[0m Building CMake package in '/home/ziad/Ziad_WS/ROS2/ziad_ws/src/moveit_task_constructor/core'
[49.111s] [34mcolcon.colcon_core.shell[0m [1;30mINFO[0m Skip shell extension 'powershell' for command environment: Not usable outside of PowerShell
[49.111s] [34mcolcon.colcon_core.shell[0m [1;30mDEBUG[0m [32mSkip shell extension 'dsv' for command environment[0m
[49.128s] [34mcolcon.colcon_core.event_handler.log_command[0m [1;30mDEBUG[0m [32mInvoking command in '/home/ziad/Ziad_WS/ROS2/ziad_ws/build/moveit_task_constructor_core': AMENT_PREFIX_PATH=/home/ziad/Ziad_WS/ROS2/ziad_ws/install/rviz_marker_tools:/home/ziad/Ziad_WS/ROS2/ziad_ws/install/moveit_task_constructor_msgs:${AMENT_PREFIX_PATH} CMAKE_PREFIX_PATH=/home/ziad/Ziad_WS/ROS2/ziad_ws/install/rviz_marker_tools:/home/ziad/Ziad_WS/ROS2/ziad_ws/install/moveit_task_constructor_msgs:/home/ziad/Ziad_WS/ROS2/ziad_ws/install/move_program:/home/ziad/Ziad_WS/ROS2/ziad_ws/install/custom_turtleBot3:/home/ziad/Ziad_WS/ROS2/ziad_ws/install/custom_panda_controller:/home/ziad/Ziad_WS/ROS2/ziad_ws/install/bt_demo:/opt/ros/humble LD_LIBRARY_PATH=/home/ziad/Ziad_WS/ROS2/ziad_ws/install/rviz_marker_tools/lib:/home/ziad/Ziad_WS/ROS2/ziad_ws/install/moveit_task_constructor_msgs/lib:/usr/lib/x86_64-linux-gnu/gazebo-11/plugins:/opt/ros/humble/opt/rviz_ogre_vendor/lib:/opt/ros/humble/lib/x86_64-linux-gnu:/opt/ros/humble/lib:/usr/lib/x86_64-linux-gnu/gazebo-11/plugins PYTHONPATH=/home/ziad/Ziad_WS/ROS2/ziad_ws/install/moveit_task_constructor_msgs/local/lib/python3.10/dist-packages:${PYTHONPATH} /usr/bin/cmake /home/ziad/Ziad_WS/ROS2/ziad_ws/src/moveit_task_constructor/core -DAMENT_CMAKE_SYMLINK_INSTALL=1 -DCMAKE_INSTALL_PREFIX=/home/ziad/Ziad_WS/ROS2/ziad_ws/install/moveit_task_constructor_core[0m
[65.916s] [34mcolcon.colcon_core.event_handler.log_command[0m [1;30mDEBUG[0m [32mInvoked command in '/home/ziad/Ziad_WS/ROS2/ziad_ws/build/moveit_task_constructor_core' returned '0': AMENT_PREFIX_PATH=/home/ziad/Ziad_WS/ROS2/ziad_ws/install/rviz_marker_tools:/home/ziad/Ziad_WS/ROS2/ziad_ws/install/moveit_task_constructor_msgs:${AMENT_PREFIX_PATH} CMAKE_PREFIX_PATH=/home/ziad/Ziad_WS/ROS2/ziad_ws/install/rviz_marker_tools:/home/ziad/Ziad_WS/ROS2/ziad_ws/install/moveit_task_constructor_msgs:/home/ziad/Ziad_WS/ROS2/ziad_ws/install/move_program:/home/ziad/Ziad_WS/ROS2/ziad_ws/install/custom_turtleBot3:/home/ziad/Ziad_WS/ROS2/ziad_ws/install/custom_panda_controller:/home/ziad/Ziad_WS/ROS2/ziad_ws/install/bt_demo:/opt/ros/humble LD_LIBRARY_PATH=/home/ziad/Ziad_WS/ROS2/ziad_ws/install/rviz_marker_tools/lib:/home/ziad/Ziad_WS/ROS2/ziad_ws/install/moveit_task_constructor_msgs/lib:/usr/lib/x86_64-linux-gnu/gazebo-11/plugins:/opt/ros/humble/opt/rviz_ogre_vendor/lib:/opt/ros/humble/lib/x86_64-linux-gnu:/opt/ros/humble/lib:/usr/lib/x86_64-linux-gnu/gazebo-11/plugins PYTHONPATH=/home/ziad/Ziad_WS/ROS2/ziad_ws/install/moveit_task_constructor_msgs/local/lib/python3.10/dist-packages:${PYTHONPATH} /usr/bin/cmake /home/ziad/Ziad_WS/ROS2/ziad_ws/src/moveit_task_constructor/core -DAMENT_CMAKE_SYMLINK_INSTALL=1 -DCMAKE_INSTALL_PREFIX=/home/ziad/Ziad_WS/ROS2/ziad_ws/install/moveit_task_constructor_core[0m
[65.918s] [34mcolcon.colcon_core.event_handler.log_command[0m [1;30mDEBUG[0m [32mInvoking command in '/home/ziad/Ziad_WS/ROS2/ziad_ws/build/moveit_task_constructor_core': AMENT_PREFIX_PATH=/home/ziad/Ziad_WS/ROS2/ziad_ws/install/rviz_marker_tools:/home/ziad/Ziad_WS/ROS2/ziad_ws/install/moveit_task_constructor_msgs:${AMENT_PREFIX_PATH} CMAKE_PREFIX_PATH=/home/ziad/Ziad_WS/ROS2/ziad_ws/install/rviz_marker_tools:/home/ziad/Ziad_WS/ROS2/ziad_ws/install/moveit_task_constructor_msgs:/home/ziad/Ziad_WS/ROS2/ziad_ws/install/move_program:/home/ziad/Ziad_WS/ROS2/ziad_ws/install/custom_turtleBot3:/home/ziad/Ziad_WS/ROS2/ziad_ws/install/custom_panda_controller:/home/ziad/Ziad_WS/ROS2/ziad_ws/install/bt_demo:/opt/ros/humble LD_LIBRARY_PATH=/home/ziad/Ziad_WS/ROS2/ziad_ws/install/rviz_marker_tools/lib:/home/ziad/Ziad_WS/ROS2/ziad_ws/install/moveit_task_constructor_msgs/lib:/usr/lib/x86_64-linux-gnu/gazebo-11/plugins:/opt/ros/humble/opt/rviz_ogre_vendor/lib:/opt/ros/humble/lib/x86_64-linux-gnu:/opt/ros/humble/lib:/usr/lib/x86_64-linux-gnu/gazebo-11/plugins PYTHONPATH=/home/ziad/Ziad_WS/ROS2/ziad_ws/install/moveit_task_constructor_msgs/local/lib/python3.10/dist-packages:${PYTHONPATH} /usr/bin/cmake --build /home/ziad/Ziad_WS/ROS2/ziad_ws/build/moveit_task_constructor_core -- -j4 -l4[0m
[696.529s] [34mcolcon.colcon_core.event_handler.log_command[0m [1;30mDEBUG[0m [32mInvoked command in '/home/ziad/Ziad_WS/ROS2/ziad_ws/build/moveit_task_constructor_core' returned '0': AMENT_PREFIX_PATH=/home/ziad/Ziad_WS/ROS2/ziad_ws/install/rviz_marker_tools:/home/ziad/Ziad_WS/ROS2/ziad_ws/install/moveit_task_constructor_msgs:${AMENT_PREFIX_PATH} CMAKE_PREFIX_PATH=/home/ziad/Ziad_WS/ROS2/ziad_ws/install/rviz_marker_tools:/home/ziad/Ziad_WS/ROS2/ziad_ws/install/moveit_task_constructor_msgs:/home/ziad/Ziad_WS/ROS2/ziad_ws/install/move_program:/home/ziad/Ziad_WS/ROS2/ziad_ws/install/custom_turtleBot3:/home/ziad/Ziad_WS/ROS2/ziad_ws/install/custom_panda_controller:/home/ziad/Ziad_WS/ROS2/ziad_ws/install/bt_demo:/opt/ros/humble LD_LIBRARY_PATH=/home/ziad/Ziad_WS/ROS2/ziad_ws/install/rviz_marker_tools/lib:/home/ziad/Ziad_WS/ROS2/ziad_ws/install/moveit_task_constructor_msgs/lib:/usr/lib/x86_64-linux-gnu/gazebo-11/plugins:/opt/ros/humble/opt/rviz_ogre_vendor/lib:/opt/ros/humble/lib/x86_64-linux-gnu:/opt/ros/humble/lib:/usr/lib/x86_64-linux-gnu/gazebo-11/plugins PYTHONPATH=/home/ziad/Ziad_WS/ROS2/ziad_ws/install/moveit_task_constructor_msgs/local/lib/python3.10/dist-packages:${PYTHONPATH} /usr/bin/cmake --build /home/ziad/Ziad_WS/ROS2/ziad_ws/build/moveit_task_constructor_core -- -j4 -l4[0m
[696.579s] [34mcolcon.colcon_core.event_handler.log_command[0m [1;30mDEBUG[0m [32mInvoking command in '/home/ziad/Ziad_WS/ROS2/ziad_ws/build/moveit_task_constructor_core': AMENT_PREFIX_PATH=/home/ziad/Ziad_WS/ROS2/ziad_ws/install/rviz_marker_tools:/home/ziad/Ziad_WS/ROS2/ziad_ws/install/moveit_task_constructor_msgs:${AMENT_PREFIX_PATH} CMAKE_PREFIX_PATH=/home/ziad/Ziad_WS/ROS2/ziad_ws/install/rviz_marker_tools:/home/ziad/Ziad_WS/ROS2/ziad_ws/install/moveit_task_constructor_msgs:/home/ziad/Ziad_WS/ROS2/ziad_ws/install/move_program:/home/ziad/Ziad_WS/ROS2/ziad_ws/install/custom_turtleBot3:/home/ziad/Ziad_WS/ROS2/ziad_ws/install/custom_panda_controller:/home/ziad/Ziad_WS/ROS2/ziad_ws/install/bt_demo:/opt/ros/humble LD_LIBRARY_PATH=/home/ziad/Ziad_WS/ROS2/ziad_ws/install/rviz_marker_tools/lib:/home/ziad/Ziad_WS/ROS2/ziad_ws/install/moveit_task_constructor_msgs/lib:/usr/lib/x86_64-linux-gnu/gazebo-11/plugins:/opt/ros/humble/opt/rviz_ogre_vendor/lib:/opt/ros/humble/lib/x86_64-linux-gnu:/opt/ros/humble/lib:/usr/lib/x86_64-linux-gnu/gazebo-11/plugins PYTHONPATH=/home/ziad/Ziad_WS/ROS2/ziad_ws/install/moveit_task_constructor_msgs/local/lib/python3.10/dist-packages:${PYTHONPATH} /usr/bin/cmake --install /home/ziad/Ziad_WS/ROS2/ziad_ws/build/moveit_task_constructor_core[0m
[698.024s] [34mcolcon.colcon_core.environment[0m [1;30mLevel 1[0m create_environment_scripts_only(moveit_task_constructor_core)
[698.030s] [34mcolcon.colcon_core.event_handler.log_command[0m [1;30mDEBUG[0m [32mInvoked command in '/home/ziad/Ziad_WS/ROS2/ziad_ws/build/moveit_task_constructor_core' returned '0': AMENT_PREFIX_PATH=/home/ziad/Ziad_WS/ROS2/ziad_ws/install/rviz_marker_tools:/home/ziad/Ziad_WS/ROS2/ziad_ws/install/moveit_task_constructor_msgs:${AMENT_PREFIX_PATH} CMAKE_PREFIX_PATH=/home/ziad/Ziad_WS/ROS2/ziad_ws/install/rviz_marker_tools:/home/ziad/Ziad_WS/ROS2/ziad_ws/install/moveit_task_constructor_msgs:/home/ziad/Ziad_WS/ROS2/ziad_ws/install/move_program:/home/ziad/Ziad_WS/ROS2/ziad_ws/install/custom_turtleBot3:/home/ziad/Ziad_WS/ROS2/ziad_ws/install/custom_panda_controller:/home/ziad/Ziad_WS/ROS2/ziad_ws/install/bt_demo:/opt/ros/humble LD_LIBRARY_PATH=/home/ziad/Ziad_WS/ROS2/ziad_ws/install/rviz_marker_tools/lib:/home/ziad/Ziad_WS/ROS2/ziad_ws/install/moveit_task_constructor_msgs/lib:/usr/lib/x86_64-linux-gnu/gazebo-11/plugins:/opt/ros/humble/opt/rviz_ogre_vendor/lib:/opt/ros/humble/lib/x86_64-linux-gnu:/opt/ros/humble/lib:/usr/lib/x86_64-linux-gnu/gazebo-11/plugins PYTHONPATH=/home/ziad/Ziad_WS/ROS2/ziad_ws/install/moveit_task_constructor_msgs/local/lib/python3.10/dist-packages:${PYTHONPATH} /usr/bin/cmake --install /home/ziad/Ziad_WS/ROS2/ziad_ws/build/moveit_task_constructor_core[0m
[698.043s] [34mcolcon.colcon_core.environment[0m [1;30mLevel 1[0m checking '/home/ziad/Ziad_WS/ROS2/ziad_ws/install/moveit_task_constructor_core' for CMake module files
[698.046s] [34mcolcon.colcon_core.shell[0m [1;30mLevel 1[0m create_environment_hook('moveit_task_constructor_core', 'cmake_module_path')
[698.049s] [34mcolcon.colcon_core.shell[0m [1;30mINFO[0m Creating environment hook '/home/ziad/Ziad_WS/ROS2/ziad_ws/install/moveit_task_constructor_core/share/moveit_task_constructor_core/hook/cmake_module_path.ps1'
[698.067s] [34mcolcon.colcon_core.shell[0m [1;30mINFO[0m Creating environment descriptor '/home/ziad/Ziad_WS/ROS2/ziad_ws/install/moveit_task_constructor_core/share/moveit_task_constructor_core/hook/cmake_module_path.dsv'
[698.071s] [34mcolcon.colcon_core.shell[0m [1;30mINFO[0m Creating environment hook '/home/ziad/Ziad_WS/ROS2/ziad_ws/install/moveit_task_constructor_core/share/moveit_task_constructor_core/hook/cmake_module_path.sh'
[698.074s] [34mcolcon.colcon_core.environment[0m [1;30mLevel 1[0m checking '/home/ziad/Ziad_WS/ROS2/ziad_ws/install/moveit_task_constructor_core' for CMake config files
[698.077s] [34mcolcon.colcon_core.shell[0m [1;30mLevel 1[0m create_environment_hook('moveit_task_constructor_core', 'cmake_prefix_path')
[698.079s] [34mcolcon.colcon_core.shell[0m [1;30mINFO[0m Creating environment hook '/home/ziad/Ziad_WS/ROS2/ziad_ws/install/moveit_task_constructor_core/share/moveit_task_constructor_core/hook/cmake_prefix_path.ps1'
[698.080s] [34mcolcon.colcon_core.shell[0m [1;30mINFO[0m Creating environment descriptor '/home/ziad/Ziad_WS/ROS2/ziad_ws/install/moveit_task_constructor_core/share/moveit_task_constructor_core/hook/cmake_prefix_path.dsv'
[698.081s] [34mcolcon.colcon_core.shell[0m [1;30mINFO[0m Creating environment hook '/home/ziad/Ziad_WS/ROS2/ziad_ws/install/moveit_task_constructor_core/share/moveit_task_constructor_core/hook/cmake_prefix_path.sh'
[698.087s] [34mcolcon.colcon_core.environment[0m [1;30mLevel 1[0m checking '/home/ziad/Ziad_WS/ROS2/ziad_ws/install/moveit_task_constructor_core/lib'
[698.088s] [34mcolcon.colcon_core.shell[0m [1;30mLevel 1[0m create_environment_hook('moveit_task_constructor_core', 'ld_library_path_lib')
[698.089s] [34mcolcon.colcon_core.shell[0m [1;30mINFO[0m Creating environment hook '/home/ziad/Ziad_WS/ROS2/ziad_ws/install/moveit_task_constructor_core/share/moveit_task_constructor_core/hook/ld_library_path_lib.ps1'
[698.090s] [34mcolcon.colcon_core.shell[0m [1;30mINFO[0m Creating environment descriptor '/home/ziad/Ziad_WS/ROS2/ziad_ws/install/moveit_task_constructor_core/share/moveit_task_constructor_core/hook/ld_library_path_lib.dsv'
[698.091s] [34mcolcon.colcon_core.shell[0m [1;30mINFO[0m Creating environment hook '/home/ziad/Ziad_WS/ROS2/ziad_ws/install/moveit_task_constructor_core/share/moveit_task_constructor_core/hook/ld_library_path_lib.sh'
[698.093s] [34mcolcon.colcon_core.environment[0m [1;30mLevel 1[0m checking '/home/ziad/Ziad_WS/ROS2/ziad_ws/install/moveit_task_constructor_core/bin'
[698.093s] [34mcolcon.colcon_core.environment[0m [1;30mLevel 1[0m checking '/home/ziad/Ziad_WS/ROS2/ziad_ws/install/moveit_task_constructor_core/lib/pkgconfig/moveit_task_constructor_core.pc'
[698.101s] [34mcolcon.colcon_core.environment[0m [1;30mLevel 1[0m checking '/home/ziad/Ziad_WS/ROS2/ziad_ws/install/moveit_task_constructor_core/lib/python3.10/site-packages'
[698.102s] [34mcolcon.colcon_core.environment[0m [1;30mLevel 1[0m checking '/home/ziad/Ziad_WS/ROS2/ziad_ws/install/moveit_task_constructor_core/bin'
[698.103s] [34mcolcon.colcon_core.shell[0m [1;30mINFO[0m Creating package script '/home/ziad/Ziad_WS/ROS2/ziad_ws/install/moveit_task_constructor_core/share/moveit_task_constructor_core/package.ps1'
[698.106s] [34mcolcon.colcon_core.shell[0m [1;30mINFO[0m Creating package descriptor '/home/ziad/Ziad_WS/ROS2/ziad_ws/install/moveit_task_constructor_core/share/moveit_task_constructor_core/package.dsv'
[698.107s] [34mcolcon.colcon_core.shell[0m [1;30mINFO[0m Creating package script '/home/ziad/Ziad_WS/ROS2/ziad_ws/install/moveit_task_constructor_core/share/moveit_task_constructor_core/package.sh'
[698.109s] [34mcolcon.colcon_core.shell[0m [1;30mINFO[0m Creating package script '/home/ziad/Ziad_WS/ROS2/ziad_ws/install/moveit_task_constructor_core/share/moveit_task_constructor_core/package.bash'
[698.112s] [34mcolcon.colcon_core.shell[0m [1;30mINFO[0m Creating package script '/home/ziad/Ziad_WS/ROS2/ziad_ws/install/moveit_task_constructor_core/share/moveit_task_constructor_core/package.zsh'
[698.114s] [34mcolcon.colcon_core.environment[0m [1;30mLevel 1[0m create_file_with_runtime_dependencies(/home/ziad/Ziad_WS/ROS2/ziad_ws/install/moveit_task_constructor_core/share/colcon-core/packages/moveit_task_constructor_core)
[698.118s] [34mcolcon.colcon_core.environment[0m [1;30mLevel 1[0m create_environment_scripts_only(moveit_task_constructor_core)
[698.119s] [34mcolcon.colcon_core.environment[0m [1;30mLevel 1[0m checking '/home/ziad/Ziad_WS/ROS2/ziad_ws/install/moveit_task_constructor_core' for CMake module files
[698.120s] [34mcolcon.colcon_core.shell[0m [1;30mLevel 1[0m create_environment_hook('moveit_task_constructor_core', 'cmake_module_path')
[698.120s] [34mcolcon.colcon_core.shell[0m [1;30mINFO[0m Creating environment hook '/home/ziad/Ziad_WS/ROS2/ziad_ws/install/moveit_task_constructor_core/share/moveit_task_constructor_core/hook/cmake_module_path.ps1'
[698.121s] [34mcolcon.colcon_core.shell[0m [1;30mINFO[0m Creating environment descriptor '/home/ziad/Ziad_WS/ROS2/ziad_ws/install/moveit_task_constructor_core/share/moveit_task_constructor_core/hook/cmake_module_path.dsv'
[698.122s] [34mcolcon.colcon_core.shell[0m [1;30mINFO[0m Creating environment hook '/home/ziad/Ziad_WS/ROS2/ziad_ws/install/moveit_task_constructor_core/share/moveit_task_constructor_core/hook/cmake_module_path.sh'
[698.136s] [34mcolcon.colcon_core.environment[0m [1;30mLevel 1[0m checking '/home/ziad/Ziad_WS/ROS2/ziad_ws/install/moveit_task_constructor_core' for CMake config files
[698.138s] [34mcolcon.colcon_core.shell[0m [1;30mLevel 1[0m create_environment_hook('moveit_task_constructor_core', 'cmake_prefix_path')
[698.139s] [34mcolcon.colcon_core.shell[0m [1;30mINFO[0m Creating environment hook '/home/ziad/Ziad_WS/ROS2/ziad_ws/install/moveit_task_constructor_core/share/moveit_task_constructor_core/hook/cmake_prefix_path.ps1'
[698.140s] [34mcolcon.colcon_core.shell[0m [1;30mINFO[0m Creating environment descriptor '/home/ziad/Ziad_WS/ROS2/ziad_ws/install/moveit_task_constructor_core/share/moveit_task_constructor_core/hook/cmake_prefix_path.dsv'
[698.140s] [34mcolcon.colcon_core.shell[0m [1;30mINFO[0m Creating environment hook '/home/ziad/Ziad_WS/ROS2/ziad_ws/install/moveit_task_constructor_core/share/moveit_task_constructor_core/hook/cmake_prefix_path.sh'
[698.142s] [34mcolcon.colcon_core.environment[0m [1;30mLevel 1[0m checking '/home/ziad/Ziad_WS/ROS2/ziad_ws/install/moveit_task_constructor_core/lib'
[698.142s] [34mcolcon.colcon_core.shell[0m [1;30mLevel 1[0m create_environment_hook('moveit_task_constructor_core', 'ld_library_path_lib')
[698.142s] [34mcolcon.colcon_core.shell[0m [1;30mINFO[0m Creating environment hook '/home/ziad/Ziad_WS/ROS2/ziad_ws/install/moveit_task_constructor_core/share/moveit_task_constructor_core/hook/ld_library_path_lib.ps1'
[698.143s] [34mcolcon.colcon_core.shell[0m [1;30mINFO[0m Creating environment descriptor '/home/ziad/Ziad_WS/ROS2/ziad_ws/install/moveit_task_constructor_core/share/moveit_task_constructor_core/hook/ld_library_path_lib.dsv'
[698.144s] [34mcolcon.colcon_core.shell[0m [1;30mINFO[0m Creating environment hook '/home/ziad/Ziad_WS/ROS2/ziad_ws/install/moveit_task_constructor_core/share/moveit_task_constructor_core/hook/ld_library_path_lib.sh'
[698.145s] [34mcolcon.colcon_core.environment[0m [1;30mLevel 1[0m checking '/home/ziad/Ziad_WS/ROS2/ziad_ws/install/moveit_task_constructor_core/bin'
[698.145s] [34mcolcon.colcon_core.environment[0m [1;30mLevel 1[0m checking '/home/ziad/Ziad_WS/ROS2/ziad_ws/install/moveit_task_constructor_core/lib/pkgconfig/moveit_task_constructor_core.pc'
[698.145s] [34mcolcon.colcon_core.environment[0m [1;30mLevel 1[0m checking '/home/ziad/Ziad_WS/ROS2/ziad_ws/install/moveit_task_constructor_core/lib/python3.10/site-packages'
[698.146s] [34mcolcon.colcon_core.environment[0m [1;30mLevel 1[0m checking '/home/ziad/Ziad_WS/ROS2/ziad_ws/install/moveit_task_constructor_core/bin'
[698.147s] [34mcolcon.colcon_core.shell[0m [1;30mINFO[0m Creating package script '/home/ziad/Ziad_WS/ROS2/ziad_ws/install/moveit_task_constructor_core/share/moveit_task_constructor_core/package.ps1'
[698.148s] [34mcolcon.colcon_core.shell[0m [1;30mINFO[0m Creating package descriptor '/home/ziad/Ziad_WS/ROS2/ziad_ws/install/moveit_task_constructor_core/share/moveit_task_constructor_core/package.dsv'
[698.149s] [34mcolcon.colcon_core.shell[0m [1;30mINFO[0m Creating package script '/home/ziad/Ziad_WS/ROS2/ziad_ws/install/moveit_task_constructor_core/share/moveit_task_constructor_core/package.sh'
[698.150s] [34mcolcon.colcon_core.shell[0m [1;30mINFO[0m Creating package script '/home/ziad/Ziad_WS/ROS2/ziad_ws/install/moveit_task_constructor_core/share/moveit_task_constructor_core/package.bash'
[698.151s] [34mcolcon.colcon_core.shell[0m [1;30mINFO[0m Creating package script '/home/ziad/Ziad_WS/ROS2/ziad_ws/install/moveit_task_constructor_core/share/moveit_task_constructor_core/package.zsh'
[698.152s] [34mcolcon.colcon_core.environment[0m [1;30mLevel 1[0m create_file_with_runtime_dependencies(/home/ziad/Ziad_WS/ROS2/ziad_ws/install/moveit_task_constructor_core/share/colcon-core/packages/moveit_task_constructor_core)
[698.156s] [34mcolcon.colcon_ros.task.ament_cmake.build[0m [1;30mINFO[0m Building ROS package in '/home/ziad/Ziad_WS/ROS2/ziad_ws/src/moveit_task_constructor/capabilities' with build type 'ament_cmake'
[698.158s] [34mcolcon.colcon_cmake.task.cmake.build[0m [1;30mINFO[0m Building CMake package in '/home/ziad/Ziad_WS/ROS2/ziad_ws/src/moveit_task_constructor/capabilities'
[698.159s] [34mcolcon.colcon_core.shell[0m [1;30mINFO[0m Skip shell extension 'powershell' for command environment: Not usable outside of PowerShell
[698.160s] [34mcolcon.colcon_core.shell[0m [1;30mDEBUG[0m [32mSkip shell extension 'dsv' for command environment[0m
[698.188s] [34mcolcon.colcon_ros.task.ament_cmake.build[0m [1;30mINFO[0m Building ROS package in '/home/ziad/Ziad_WS/ROS2/ziad_ws/src/moveit2_tutorials' with build type 'ament_cmake'
[698.188s] [34mcolcon.colcon_cmake.task.cmake.build[0m [1;30mINFO[0m Building CMake package in '/home/ziad/Ziad_WS/ROS2/ziad_ws/src/moveit2_tutorials'
[698.188s] [34mcolcon.colcon_core.shell[0m [1;30mINFO[0m Skip shell extension 'powershell' for command environment: Not usable outside of PowerShell
[698.189s] [34mcolcon.colcon_core.shell[0m [1;30mDEBUG[0m [32mSkip shell extension 'dsv' for command environment[0m
[698.201s] [34mcolcon.colcon_ros.task.ament_cmake.build[0m [1;30mINFO[0m Building ROS package in '/home/ziad/Ziad_WS/ROS2/ziad_ws/src/moveit_task_constructor/visualization' with build type 'ament_cmake'
[698.201s] [34mcolcon.colcon_cmake.task.cmake.build[0m [1;30mINFO[0m Building CMake package in '/home/ziad/Ziad_WS/ROS2/ziad_ws/src/moveit_task_constructor/visualization'
[698.202s] [34mcolcon.colcon_core.shell[0m [1;30mINFO[0m Skip shell extension 'powershell' for command environment: Not usable outside of PowerShell
[698.203s] [34mcolcon.colcon_core.shell[0m [1;30mDEBUG[0m [32mSkip shell extension 'dsv' for command environment[0m
[698.226s] [34mcolcon.colcon_core.event_handler.log_command[0m [1;30mDEBUG[0m [32mInvoking command in '/home/ziad/Ziad_WS/ROS2/ziad_ws/build/moveit_task_constructor_capabilities': AMENT_PREFIX_PATH=/home/ziad/Ziad_WS/ROS2/ziad_ws/install/moveit_task_constructor_core:/home/ziad/Ziad_WS/ROS2/ziad_ws/install/rviz_marker_tools:/home/ziad/Ziad_WS/ROS2/ziad_ws/install/moveit_task_constructor_msgs:${AMENT_PREFIX_PATH} CMAKE_MODULE_PATH=/home/ziad/Ziad_WS/ROS2/ziad_ws/install/moveit_task_constructor_core/share/moveit_task_constructor_core/cmake CMAKE_PREFIX_PATH=/home/ziad/Ziad_WS/ROS2/ziad_ws/install/moveit_task_constructor_core:/home/ziad/Ziad_WS/ROS2/ziad_ws/install/rviz_marker_tools:/home/ziad/Ziad_WS/ROS2/ziad_ws/install/moveit_task_constructor_msgs:/home/ziad/Ziad_WS/ROS2/ziad_ws/install/move_program:/home/ziad/Ziad_WS/ROS2/ziad_ws/install/custom_turtleBot3:/home/ziad/Ziad_WS/ROS2/ziad_ws/install/custom_panda_controller:/home/ziad/Ziad_WS/ROS2/ziad_ws/install/bt_demo:/opt/ros/humble LD_LIBRARY_PATH=/home/ziad/Ziad_WS/ROS2/ziad_ws/install/moveit_task_constructor_core/lib:/home/ziad/Ziad_WS/ROS2/ziad_ws/install/rviz_marker_tools/lib:/home/ziad/Ziad_WS/ROS2/ziad_ws/install/moveit_task_constructor_msgs/lib:/usr/lib/x86_64-linux-gnu/gazebo-11/plugins:/opt/ros/humble/opt/rviz_ogre_vendor/lib:/opt/ros/humble/lib/x86_64-linux-gnu:/opt/ros/humble/lib:/usr/lib/x86_64-linux-gnu/gazebo-11/plugins PYTHONPATH=/home/ziad/Ziad_WS/ROS2/ziad_ws/install/moveit_task_constructor_core/local/lib/python3.10/dist-packages:/home/ziad/Ziad_WS/ROS2/ziad_ws/install/moveit_task_constructor_msgs/local/lib/python3.10/dist-packages:${PYTHONPATH} /usr/bin/cmake /home/ziad/Ziad_WS/ROS2/ziad_ws/src/moveit_task_constructor/capabilities -DAMENT_CMAKE_SYMLINK_INSTALL=1 -DCMAKE_INSTALL_PREFIX=/home/ziad/Ziad_WS/ROS2/ziad_ws/install/moveit_task_constructor_capabilities[0m
[698.235s] [34mcolcon.colcon_core.event_handler.log_command[0m [1;30mDEBUG[0m [32mInvoking command in '/home/ziad/Ziad_WS/ROS2/ziad_ws/build/moveit2_tutorials': AMENT_PREFIX_PATH=/home/ziad/Ziad_WS/ROS2/ziad_ws/install/moveit_task_constructor_core:/home/ziad/Ziad_WS/ROS2/ziad_ws/install/rviz_marker_tools:/home/ziad/Ziad_WS/ROS2/ziad_ws/install/moveit_task_constructor_msgs:${AMENT_PREFIX_PATH} CMAKE_MODULE_PATH=/home/ziad/Ziad_WS/ROS2/ziad_ws/install/moveit_task_constructor_core/share/moveit_task_constructor_core/cmake CMAKE_PREFIX_PATH=/home/ziad/Ziad_WS/ROS2/ziad_ws/install/moveit_task_constructor_core:/home/ziad/Ziad_WS/ROS2/ziad_ws/install/rviz_marker_tools:/home/ziad/Ziad_WS/ROS2/ziad_ws/install/moveit_task_constructor_msgs:/home/ziad/Ziad_WS/ROS2/ziad_ws/install/move_program:/home/ziad/Ziad_WS/ROS2/ziad_ws/install/custom_turtleBot3:/home/ziad/Ziad_WS/ROS2/ziad_ws/install/custom_panda_controller:/home/ziad/Ziad_WS/ROS2/ziad_ws/install/bt_demo:/opt/ros/humble LD_LIBRARY_PATH=/home/ziad/Ziad_WS/ROS2/ziad_ws/install/moveit_task_constructor_core/lib:/home/ziad/Ziad_WS/ROS2/ziad_ws/install/rviz_marker_tools/lib:/home/ziad/Ziad_WS/ROS2/ziad_ws/install/moveit_task_constructor_msgs/lib:/usr/lib/x86_64-linux-gnu/gazebo-11/plugins:/opt/ros/humble/opt/rviz_ogre_vendor/lib:/opt/ros/humble/lib/x86_64-linux-gnu:/opt/ros/humble/lib:/usr/lib/x86_64-linux-gnu/gazebo-11/plugins PYTHONPATH=/home/ziad/Ziad_WS/ROS2/ziad_ws/install/moveit_task_constructor_core/local/lib/python3.10/dist-packages:/home/ziad/Ziad_WS/ROS2/ziad_ws/install/moveit_task_constructor_msgs/local/lib/python3.10/dist-packages:${PYTHONPATH} /usr/bin/cmake /home/ziad/Ziad_WS/ROS2/ziad_ws/src/moveit2_tutorials -DAMENT_CMAKE_SYMLINK_INSTALL=1 -DCMAKE_INSTALL_PREFIX=/home/ziad/Ziad_WS/ROS2/ziad_ws/install/moveit2_tutorials[0m
[698.248s] [34mcolcon.colcon_core.event_handler.log_command[0m [1;30mDEBUG[0m [32mInvoking command in '/home/ziad/Ziad_WS/ROS2/ziad_ws/build/moveit_task_constructor_visualization': AMENT_PREFIX_PATH=/home/ziad/Ziad_WS/ROS2/ziad_ws/install/moveit_task_constructor_core:/home/ziad/Ziad_WS/ROS2/ziad_ws/install/rviz_marker_tools:/home/ziad/Ziad_WS/ROS2/ziad_ws/install/moveit_task_constructor_msgs:${AMENT_PREFIX_PATH} CMAKE_MODULE_PATH=/home/ziad/Ziad_WS/ROS2/ziad_ws/install/moveit_task_constructor_core/share/moveit_task_constructor_core/cmake CMAKE_PREFIX_PATH=/home/ziad/Ziad_WS/ROS2/ziad_ws/install/moveit_task_constructor_core:/home/ziad/Ziad_WS/ROS2/ziad_ws/install/rviz_marker_tools:/home/ziad/Ziad_WS/ROS2/ziad_ws/install/moveit_task_constructor_msgs:/home/ziad/Ziad_WS/ROS2/ziad_ws/install/move_program:/home/ziad/Ziad_WS/ROS2/ziad_ws/install/custom_turtleBot3:/home/ziad/Ziad_WS/ROS2/ziad_ws/install/custom_panda_controller:/home/ziad/Ziad_WS/ROS2/ziad_ws/install/bt_demo:/opt/ros/humble LD_LIBRARY_PATH=/home/ziad/Ziad_WS/ROS2/ziad_ws/install/moveit_task_constructor_core/lib:/home/ziad/Ziad_WS/ROS2/ziad_ws/install/rviz_marker_tools/lib:/home/ziad/Ziad_WS/ROS2/ziad_ws/install/moveit_task_constructor_msgs/lib:/usr/lib/x86_64-linux-gnu/gazebo-11/plugins:/opt/ros/humble/opt/rviz_ogre_vendor/lib:/opt/ros/humble/lib/x86_64-linux-gnu:/opt/ros/humble/lib:/usr/lib/x86_64-linux-gnu/gazebo-11/plugins PYTHONPATH=/home/ziad/Ziad_WS/ROS2/ziad_ws/install/moveit_task_constructor_core/local/lib/python3.10/dist-packages:/home/ziad/Ziad_WS/ROS2/ziad_ws/install/moveit_task_constructor_msgs/local/lib/python3.10/dist-packages:${PYTHONPATH} /usr/bin/cmake /home/ziad/Ziad_WS/ROS2/ziad_ws/src/moveit_task_constructor/visualization -DAMENT_CMAKE_SYMLINK_INSTALL=1 -DCMAKE_INSTALL_PREFIX=/home/ziad/Ziad_WS/ROS2/ziad_ws/install/moveit_task_constructor_visualization[0m
[704.196s] [34mcolcon.colcon_core.event_handler.log_command[0m [1;30mDEBUG[0m [32mInvoked command in '/home/ziad/Ziad_WS/ROS2/ziad_ws/build/moveit2_tutorials' returned '0': AMENT_PREFIX_PATH=/home/ziad/Ziad_WS/ROS2/ziad_ws/install/moveit_task_constructor_core:/home/ziad/Ziad_WS/ROS2/ziad_ws/install/rviz_marker_tools:/home/ziad/Ziad_WS/ROS2/ziad_ws/install/moveit_task_constructor_msgs:${AMENT_PREFIX_PATH} CMAKE_MODULE_PATH=/home/ziad/Ziad_WS/ROS2/ziad_ws/install/moveit_task_constructor_core/share/moveit_task_constructor_core/cmake CMAKE_PREFIX_PATH=/home/ziad/Ziad_WS/ROS2/ziad_ws/install/moveit_task_constructor_core:/home/ziad/Ziad_WS/ROS2/ziad_ws/install/rviz_marker_tools:/home/ziad/Ziad_WS/ROS2/ziad_ws/install/moveit_task_constructor_msgs:/home/ziad/Ziad_WS/ROS2/ziad_ws/install/move_program:/home/ziad/Ziad_WS/ROS2/ziad_ws/install/custom_turtleBot3:/home/ziad/Ziad_WS/ROS2/ziad_ws/install/custom_panda_controller:/home/ziad/Ziad_WS/ROS2/ziad_ws/install/bt_demo:/opt/ros/humble LD_LIBRARY_PATH=/home/ziad/Ziad_WS/ROS2/ziad_ws/install/moveit_task_constructor_core/lib:/home/ziad/Ziad_WS/ROS2/ziad_ws/install/rviz_marker_tools/lib:/home/ziad/Ziad_WS/ROS2/ziad_ws/install/moveit_task_constructor_msgs/lib:/usr/lib/x86_64-linux-gnu/gazebo-11/plugins:/opt/ros/humble/opt/rviz_ogre_vendor/lib:/opt/ros/humble/lib/x86_64-linux-gnu:/opt/ros/humble/lib:/usr/lib/x86_64-linux-gnu/gazebo-11/plugins PYTHONPATH=/home/ziad/Ziad_WS/ROS2/ziad_ws/install/moveit_task_constructor_core/local/lib/python3.10/dist-packages:/home/ziad/Ziad_WS/ROS2/ziad_ws/install/moveit_task_constructor_msgs/local/lib/python3.10/dist-packages:${PYTHONPATH} /usr/bin/cmake /home/ziad/Ziad_WS/ROS2/ziad_ws/src/moveit2_tutorials -DAMENT_CMAKE_SYMLINK_INSTALL=1 -DCMAKE_INSTALL_PREFIX=/home/ziad/Ziad_WS/ROS2/ziad_ws/install/moveit2_tutorials[0m
[704.202s] [34mcolcon.colcon_core.event_handler.log_command[0m [1;30mDEBUG[0m [32mInvoking command in '/home/ziad/Ziad_WS/ROS2/ziad_ws/build/moveit2_tutorials': AMENT_PREFIX_PATH=/home/ziad/Ziad_WS/ROS2/ziad_ws/install/moveit_task_constructor_core:/home/ziad/Ziad_WS/ROS2/ziad_ws/install/rviz_marker_tools:/home/ziad/Ziad_WS/ROS2/ziad_ws/install/moveit_task_constructor_msgs:${AMENT_PREFIX_PATH} CMAKE_MODULE_PATH=/home/ziad/Ziad_WS/ROS2/ziad_ws/install/moveit_task_constructor_core/share/moveit_task_constructor_core/cmake CMAKE_PREFIX_PATH=/home/ziad/Ziad_WS/ROS2/ziad_ws/install/moveit_task_constructor_core:/home/ziad/Ziad_WS/ROS2/ziad_ws/install/rviz_marker_tools:/home/ziad/Ziad_WS/ROS2/ziad_ws/install/moveit_task_constructor_msgs:/home/ziad/Ziad_WS/ROS2/ziad_ws/install/move_program:/home/ziad/Ziad_WS/ROS2/ziad_ws/install/custom_turtleBot3:/home/ziad/Ziad_WS/ROS2/ziad_ws/install/custom_panda_controller:/home/ziad/Ziad_WS/ROS2/ziad_ws/install/bt_demo:/opt/ros/humble LD_LIBRARY_PATH=/home/ziad/Ziad_WS/ROS2/ziad_ws/install/moveit_task_constructor_core/lib:/home/ziad/Ziad_WS/ROS2/ziad_ws/install/rviz_marker_tools/lib:/home/ziad/Ziad_WS/ROS2/ziad_ws/install/moveit_task_constructor_msgs/lib:/usr/lib/x86_64-linux-gnu/gazebo-11/plugins:/opt/ros/humble/opt/rviz_ogre_vendor/lib:/opt/ros/humble/lib/x86_64-linux-gnu:/opt/ros/humble/lib:/usr/lib/x86_64-linux-gnu/gazebo-11/plugins PYTHONPATH=/home/ziad/Ziad_WS/ROS2/ziad_ws/install/moveit_task_constructor_core/local/lib/python3.10/dist-packages:/home/ziad/Ziad_WS/ROS2/ziad_ws/install/moveit_task_constructor_msgs/local/lib/python3.10/dist-packages:${PYTHONPATH} /usr/bin/cmake --build /home/ziad/Ziad_WS/ROS2/ziad_ws/build/moveit2_tutorials -- -j4 -l4[0m
[704.524s] [34mcolcon.colcon_core.event_handler.log_command[0m [1;30mDEBUG[0m [32mInvoked command in '/home/ziad/Ziad_WS/ROS2/ziad_ws/build/moveit_task_constructor_capabilities' returned '0': AMENT_PREFIX_PATH=/home/ziad/Ziad_WS/ROS2/ziad_ws/install/moveit_task_constructor_core:/home/ziad/Ziad_WS/ROS2/ziad_ws/install/rviz_marker_tools:/home/ziad/Ziad_WS/ROS2/ziad_ws/install/moveit_task_constructor_msgs:${AMENT_PREFIX_PATH} CMAKE_MODULE_PATH=/home/ziad/Ziad_WS/ROS2/ziad_ws/install/moveit_task_constructor_core/share/moveit_task_constructor_core/cmake CMAKE_PREFIX_PATH=/home/ziad/Ziad_WS/ROS2/ziad_ws/install/moveit_task_constructor_core:/home/ziad/Ziad_WS/ROS2/ziad_ws/install/rviz_marker_tools:/home/ziad/Ziad_WS/ROS2/ziad_ws/install/moveit_task_constructor_msgs:/home/ziad/Ziad_WS/ROS2/ziad_ws/install/move_program:/home/ziad/Ziad_WS/ROS2/ziad_ws/install/custom_turtleBot3:/home/ziad/Ziad_WS/ROS2/ziad_ws/install/custom_panda_controller:/home/ziad/Ziad_WS/ROS2/ziad_ws/install/bt_demo:/opt/ros/humble LD_LIBRARY_PATH=/home/ziad/Ziad_WS/ROS2/ziad_ws/install/moveit_task_constructor_core/lib:/home/ziad/Ziad_WS/ROS2/ziad_ws/install/rviz_marker_tools/lib:/home/ziad/Ziad_WS/ROS2/ziad_ws/install/moveit_task_constructor_msgs/lib:/usr/lib/x86_64-linux-gnu/gazebo-11/plugins:/opt/ros/humble/opt/rviz_ogre_vendor/lib:/opt/ros/humble/lib/x86_64-linux-gnu:/opt/ros/humble/lib:/usr/lib/x86_64-linux-gnu/gazebo-11/plugins PYTHONPATH=/home/ziad/Ziad_WS/ROS2/ziad_ws/install/moveit_task_constructor_core/local/lib/python3.10/dist-packages:/home/ziad/Ziad_WS/ROS2/ziad_ws/install/moveit_task_constructor_msgs/local/lib/python3.10/dist-packages:${PYTHONPATH} /usr/bin/cmake /home/ziad/Ziad_WS/ROS2/ziad_ws/src/moveit_task_constructor/capabilities -DAMENT_CMAKE_SYMLINK_INSTALL=1 -DCMAKE_INSTALL_PREFIX=/home/ziad/Ziad_WS/ROS2/ziad_ws/install/moveit_task_constructor_capabilities[0m
[704.525s] [34mcolcon.colcon_core.event_handler.log_command[0m [1;30mDEBUG[0m [32mInvoking command in '/home/ziad/Ziad_WS/ROS2/ziad_ws/build/moveit_task_constructor_capabilities': AMENT_PREFIX_PATH=/home/ziad/Ziad_WS/ROS2/ziad_ws/install/moveit_task_constructor_core:/home/ziad/Ziad_WS/ROS2/ziad_ws/install/rviz_marker_tools:/home/ziad/Ziad_WS/ROS2/ziad_ws/install/moveit_task_constructor_msgs:${AMENT_PREFIX_PATH} CMAKE_MODULE_PATH=/home/ziad/Ziad_WS/ROS2/ziad_ws/install/moveit_task_constructor_core/share/moveit_task_constructor_core/cmake CMAKE_PREFIX_PATH=/home/ziad/Ziad_WS/ROS2/ziad_ws/install/moveit_task_constructor_core:/home/ziad/Ziad_WS/ROS2/ziad_ws/install/rviz_marker_tools:/home/ziad/Ziad_WS/ROS2/ziad_ws/install/moveit_task_constructor_msgs:/home/ziad/Ziad_WS/ROS2/ziad_ws/install/move_program:/home/ziad/Ziad_WS/ROS2/ziad_ws/install/custom_turtleBot3:/home/ziad/Ziad_WS/ROS2/ziad_ws/install/custom_panda_controller:/home/ziad/Ziad_WS/ROS2/ziad_ws/install/bt_demo:/opt/ros/humble LD_LIBRARY_PATH=/home/ziad/Ziad_WS/ROS2/ziad_ws/install/moveit_task_constructor_core/lib:/home/ziad/Ziad_WS/ROS2/ziad_ws/install/rviz_marker_tools/lib:/home/ziad/Ziad_WS/ROS2/ziad_ws/install/moveit_task_constructor_msgs/lib:/usr/lib/x86_64-linux-gnu/gazebo-11/plugins:/opt/ros/humble/opt/rviz_ogre_vendor/lib:/opt/ros/humble/lib/x86_64-linux-gnu:/opt/ros/humble/lib:/usr/lib/x86_64-linux-gnu/gazebo-11/plugins PYTHONPATH=/home/ziad/Ziad_WS/ROS2/ziad_ws/install/moveit_task_constructor_core/local/lib/python3.10/dist-packages:/home/ziad/Ziad_WS/ROS2/ziad_ws/install/moveit_task_constructor_msgs/local/lib/python3.10/dist-packages:${PYTHONPATH} /usr/bin/cmake --build /home/ziad/Ziad_WS/ROS2/ziad_ws/build/moveit_task_constructor_capabilities -- -j4 -l4[0m
[710.098s] [34mcolcon.colcon_core.event_handler.log_command[0m [1;30mDEBUG[0m [32mInvoked command in '/home/ziad/Ziad_WS/ROS2/ziad_ws/build/moveit_task_constructor_visualization' returned '0': AMENT_PREFIX_PATH=/home/ziad/Ziad_WS/ROS2/ziad_ws/install/moveit_task_constructor_core:/home/ziad/Ziad_WS/ROS2/ziad_ws/install/rviz_marker_tools:/home/ziad/Ziad_WS/ROS2/ziad_ws/install/moveit_task_constructor_msgs:${AMENT_PREFIX_PATH} CMAKE_MODULE_PATH=/home/ziad/Ziad_WS/ROS2/ziad_ws/install/moveit_task_constructor_core/share/moveit_task_constructor_core/cmake CMAKE_PREFIX_PATH=/home/ziad/Ziad_WS/ROS2/ziad_ws/install/moveit_task_constructor_core:/home/ziad/Ziad_WS/ROS2/ziad_ws/install/rviz_marker_tools:/home/ziad/Ziad_WS/ROS2/ziad_ws/install/moveit_task_constructor_msgs:/home/ziad/Ziad_WS/ROS2/ziad_ws/install/move_program:/home/ziad/Ziad_WS/ROS2/ziad_ws/install/custom_turtleBot3:/home/ziad/Ziad_WS/ROS2/ziad_ws/install/custom_panda_controller:/home/ziad/Ziad_WS/ROS2/ziad_ws/install/bt_demo:/opt/ros/humble LD_LIBRARY_PATH=/home/ziad/Ziad_WS/ROS2/ziad_ws/install/moveit_task_constructor_core/lib:/home/ziad/Ziad_WS/ROS2/ziad_ws/install/rviz_marker_tools/lib:/home/ziad/Ziad_WS/ROS2/ziad_ws/install/moveit_task_constructor_msgs/lib:/usr/lib/x86_64-linux-gnu/gazebo-11/plugins:/opt/ros/humble/opt/rviz_ogre_vendor/lib:/opt/ros/humble/lib/x86_64-linux-gnu:/opt/ros/humble/lib:/usr/lib/x86_64-linux-gnu/gazebo-11/plugins PYTHONPATH=/home/ziad/Ziad_WS/ROS2/ziad_ws/install/moveit_task_constructor_core/local/lib/python3.10/dist-packages:/home/ziad/Ziad_WS/ROS2/ziad_ws/install/moveit_task_constructor_msgs/local/lib/python3.10/dist-packages:${PYTHONPATH} /usr/bin/cmake /home/ziad/Ziad_WS/ROS2/ziad_ws/src/moveit_task_constructor/visualization -DAMENT_CMAKE_SYMLINK_INSTALL=1 -DCMAKE_INSTALL_PREFIX=/home/ziad/Ziad_WS/ROS2/ziad_ws/install/moveit_task_constructor_visualization[0m
[710.114s] [34mcolcon.colcon_core.event_handler.log_command[0m [1;30mDEBUG[0m [32mInvoking command in '/home/ziad/Ziad_WS/ROS2/ziad_ws/build/moveit_task_constructor_visualization': AMENT_PREFIX_PATH=/home/ziad/Ziad_WS/ROS2/ziad_ws/install/moveit_task_constructor_core:/home/ziad/Ziad_WS/ROS2/ziad_ws/install/rviz_marker_tools:/home/ziad/Ziad_WS/ROS2/ziad_ws/install/moveit_task_constructor_msgs:${AMENT_PREFIX_PATH} CMAKE_MODULE_PATH=/home/ziad/Ziad_WS/ROS2/ziad_ws/install/moveit_task_constructor_core/share/moveit_task_constructor_core/cmake CMAKE_PREFIX_PATH=/home/ziad/Ziad_WS/ROS2/ziad_ws/install/moveit_task_constructor_core:/home/ziad/Ziad_WS/ROS2/ziad_ws/install/rviz_marker_tools:/home/ziad/Ziad_WS/ROS2/ziad_ws/install/moveit_task_constructor_msgs:/home/ziad/Ziad_WS/ROS2/ziad_ws/install/move_program:/home/ziad/Ziad_WS/ROS2/ziad_ws/install/custom_turtleBot3:/home/ziad/Ziad_WS/ROS2/ziad_ws/install/custom_panda_controller:/home/ziad/Ziad_WS/ROS2/ziad_ws/install/bt_demo:/opt/ros/humble LD_LIBRARY_PATH=/home/ziad/Ziad_WS/ROS2/ziad_ws/install/moveit_task_constructor_core/lib:/home/ziad/Ziad_WS/ROS2/ziad_ws/install/rviz_marker_tools/lib:/home/ziad/Ziad_WS/ROS2/ziad_ws/install/moveit_task_constructor_msgs/lib:/usr/lib/x86_64-linux-gnu/gazebo-11/plugins:/opt/ros/humble/opt/rviz_ogre_vendor/lib:/opt/ros/humble/lib/x86_64-linux-gnu:/opt/ros/humble/lib:/usr/lib/x86_64-linux-gnu/gazebo-11/plugins PYTHONPATH=/home/ziad/Ziad_WS/ROS2/ziad_ws/install/moveit_task_constructor_core/local/lib/python3.10/dist-packages:/home/ziad/Ziad_WS/ROS2/ziad_ws/install/moveit_task_constructor_msgs/local/lib/python3.10/dist-packages:${PYTHONPATH} /usr/bin/cmake --build /home/ziad/Ziad_WS/ROS2/ziad_ws/build/moveit_task_constructor_visualization -- -j4 -l4[0m
[992.963s] [34mcolcon.colcon_core.event_handler.log_command[0m [1;30mDEBUG[0m [32mInvoked command in '/home/ziad/Ziad_WS/ROS2/ziad_ws/build/moveit_task_constructor_capabilities' returned '0': AMENT_PREFIX_PATH=/home/ziad/Ziad_WS/ROS2/ziad_ws/install/moveit_task_constructor_core:/home/ziad/Ziad_WS/ROS2/ziad_ws/install/rviz_marker_tools:/home/ziad/Ziad_WS/ROS2/ziad_ws/install/moveit_task_constructor_msgs:${AMENT_PREFIX_PATH} CMAKE_MODULE_PATH=/home/ziad/Ziad_WS/ROS2/ziad_ws/install/moveit_task_constructor_core/share/moveit_task_constructor_core/cmake CMAKE_PREFIX_PATH=/home/ziad/Ziad_WS/ROS2/ziad_ws/install/moveit_task_constructor_core:/home/ziad/Ziad_WS/ROS2/ziad_ws/install/rviz_marker_tools:/home/ziad/Ziad_WS/ROS2/ziad_ws/install/moveit_task_constructor_msgs:/home/ziad/Ziad_WS/ROS2/ziad_ws/install/move_program:/home/ziad/Ziad_WS/ROS2/ziad_ws/install/custom_turtleBot3:/home/ziad/Ziad_WS/ROS2/ziad_ws/install/custom_panda_controller:/home/ziad/Ziad_WS/ROS2/ziad_ws/install/bt_demo:/opt/ros/humble LD_LIBRARY_PATH=/home/ziad/Ziad_WS/ROS2/ziad_ws/install/moveit_task_constructor_core/lib:/home/ziad/Ziad_WS/ROS2/ziad_ws/install/rviz_marker_tools/lib:/home/ziad/Ziad_WS/ROS2/ziad_ws/install/moveit_task_constructor_msgs/lib:/usr/lib/x86_64-linux-gnu/gazebo-11/plugins:/opt/ros/humble/opt/rviz_ogre_vendor/lib:/opt/ros/humble/lib/x86_64-linux-gnu:/opt/ros/humble/lib:/usr/lib/x86_64-linux-gnu/gazebo-11/plugins PYTHONPATH=/home/ziad/Ziad_WS/ROS2/ziad_ws/install/moveit_task_constructor_core/local/lib/python3.10/dist-packages:/home/ziad/Ziad_WS/ROS2/ziad_ws/install/moveit_task_constructor_msgs/local/lib/python3.10/dist-packages:${PYTHONPATH} /usr/bin/cmake --build /home/ziad/Ziad_WS/ROS2/ziad_ws/build/moveit_task_constructor_capabilities -- -j4 -l4[0m
[993.028s] [34mcolcon.colcon_core.event_handler.log_command[0m [1;30mDEBUG[0m [32mInvoking command in '/home/ziad/Ziad_WS/ROS2/ziad_ws/build/moveit_task_constructor_capabilities': AMENT_PREFIX_PATH=/home/ziad/Ziad_WS/ROS2/ziad_ws/install/moveit_task_constructor_core:/home/ziad/Ziad_WS/ROS2/ziad_ws/install/rviz_marker_tools:/home/ziad/Ziad_WS/ROS2/ziad_ws/install/moveit_task_constructor_msgs:${AMENT_PREFIX_PATH} CMAKE_MODULE_PATH=/home/ziad/Ziad_WS/ROS2/ziad_ws/install/moveit_task_constructor_core/share/moveit_task_constructor_core/cmake CMAKE_PREFIX_PATH=/home/ziad/Ziad_WS/ROS2/ziad_ws/install/moveit_task_constructor_core:/home/ziad/Ziad_WS/ROS2/ziad_ws/install/rviz_marker_tools:/home/ziad/Ziad_WS/ROS2/ziad_ws/install/moveit_task_constructor_msgs:/home/ziad/Ziad_WS/ROS2/ziad_ws/install/move_program:/home/ziad/Ziad_WS/ROS2/ziad_ws/install/custom_turtleBot3:/home/ziad/Ziad_WS/ROS2/ziad_ws/install/custom_panda_controller:/home/ziad/Ziad_WS/ROS2/ziad_ws/install/bt_demo:/opt/ros/humble LD_LIBRARY_PATH=/home/ziad/Ziad_WS/ROS2/ziad_ws/install/moveit_task_constructor_core/lib:/home/ziad/Ziad_WS/ROS2/ziad_ws/install/rviz_marker_tools/lib:/home/ziad/Ziad_WS/ROS2/ziad_ws/install/moveit_task_constructor_msgs/lib:/usr/lib/x86_64-linux-gnu/gazebo-11/plugins:/opt/ros/humble/opt/rviz_ogre_vendor/lib:/opt/ros/humble/lib/x86_64-linux-gnu:/opt/ros/humble/lib:/usr/lib/x86_64-linux-gnu/gazebo-11/plugins PYTHONPATH=/home/ziad/Ziad_WS/ROS2/ziad_ws/install/moveit_task_constructor_core/local/lib/python3.10/dist-packages:/home/ziad/Ziad_WS/ROS2/ziad_ws/install/moveit_task_constructor_msgs/local/lib/python3.10/dist-packages:${PYTHONPATH} /usr/bin/cmake --install /home/ziad/Ziad_WS/ROS2/ziad_ws/build/moveit_task_constructor_capabilities[0m
[993.497s] [34mcolcon.colcon_core.environment[0m [1;30mLevel 1[0m create_environment_scripts_only(moveit_task_constructor_capabilities)
[993.522s] [34mcolcon.colcon_core.environment[0m [1;30mLevel 1[0m checking '/home/ziad/Ziad_WS/ROS2/ziad_ws/install/moveit_task_constructor_capabilities' for CMake module files
[993.523s] [34mcolcon.colcon_core.event_handler.log_command[0m [1;30mDEBUG[0m [32mInvoked command in '/home/ziad/Ziad_WS/ROS2/ziad_ws/build/moveit_task_constructor_capabilities' returned '0': AMENT_PREFIX_PATH=/home/ziad/Ziad_WS/ROS2/ziad_ws/install/moveit_task_constructor_core:/home/ziad/Ziad_WS/ROS2/ziad_ws/install/rviz_marker_tools:/home/ziad/Ziad_WS/ROS2/ziad_ws/install/moveit_task_constructor_msgs:${AMENT_PREFIX_PATH} CMAKE_MODULE_PATH=/home/ziad/Ziad_WS/ROS2/ziad_ws/install/moveit_task_constructor_core/share/moveit_task_constructor_core/cmake CMAKE_PREFIX_PATH=/home/ziad/Ziad_WS/ROS2/ziad_ws/install/moveit_task_constructor_core:/home/ziad/Ziad_WS/ROS2/ziad_ws/install/rviz_marker_tools:/home/ziad/Ziad_WS/ROS2/ziad_ws/install/moveit_task_constructor_msgs:/home/ziad/Ziad_WS/ROS2/ziad_ws/install/move_program:/home/ziad/Ziad_WS/ROS2/ziad_ws/install/custom_turtleBot3:/home/ziad/Ziad_WS/ROS2/ziad_ws/install/custom_panda_controller:/home/ziad/Ziad_WS/ROS2/ziad_ws/install/bt_demo:/opt/ros/humble LD_LIBRARY_PATH=/home/ziad/Ziad_WS/ROS2/ziad_ws/install/moveit_task_constructor_core/lib:/home/ziad/Ziad_WS/ROS2/ziad_ws/install/rviz_marker_tools/lib:/home/ziad/Ziad_WS/ROS2/ziad_ws/install/moveit_task_constructor_msgs/lib:/usr/lib/x86_64-linux-gnu/gazebo-11/plugins:/opt/ros/humble/opt/rviz_ogre_vendor/lib:/opt/ros/humble/lib/x86_64-linux-gnu:/opt/ros/humble/lib:/usr/lib/x86_64-linux-gnu/gazebo-11/plugins PYTHONPATH=/home/ziad/Ziad_WS/ROS2/ziad_ws/install/moveit_task_constructor_core/local/lib/python3.10/dist-packages:/home/ziad/Ziad_WS/ROS2/ziad_ws/install/moveit_task_constructor_msgs/local/lib/python3.10/dist-packages:${PYTHONPATH} /usr/bin/cmake --install /home/ziad/Ziad_WS/ROS2/ziad_ws/build/moveit_task_constructor_capabilities[0m
[993.526s] [34mcolcon.colcon_core.environment[0m [1;30mLevel 1[0m checking '/home/ziad/Ziad_WS/ROS2/ziad_ws/install/moveit_task_constructor_capabilities' for CMake config files
[993.535s] [34mcolcon.colcon_core.shell[0m [1;30mLevel 1[0m create_environment_hook('moveit_task_constructor_capabilities', 'cmake_prefix_path')
[993.539s] [34mcolcon.colcon_core.shell[0m [1;30mINFO[0m Creating environment hook '/home/ziad/Ziad_WS/ROS2/ziad_ws/install/moveit_task_constructor_capabilities/share/moveit_task_constructor_capabilities/hook/cmake_prefix_path.ps1'
[993.560s] [34mcolcon.colcon_core.shell[0m [1;30mINFO[0m Creating environment descriptor '/home/ziad/Ziad_WS/ROS2/ziad_ws/install/moveit_task_constructor_capabilities/share/moveit_task_constructor_capabilities/hook/cmake_prefix_path.dsv'
[993.566s] [34mcolcon.colcon_core.shell[0m [1;30mINFO[0m Creating environment hook '/home/ziad/Ziad_WS/ROS2/ziad_ws/install/moveit_task_constructor_capabilities/share/moveit_task_constructor_capabilities/hook/cmake_prefix_path.sh'
[993.581s] [34mcolcon.colcon_core.environment[0m [1;30mLevel 1[0m checking '/home/ziad/Ziad_WS/ROS2/ziad_ws/install/moveit_task_constructor_capabilities/lib'
[993.581s] [34mcolcon.colcon_core.shell[0m [1;30mLevel 1[0m create_environment_hook('moveit_task_constructor_capabilities', 'ld_library_path_lib')
[993.582s] [34mcolcon.colcon_core.shell[0m [1;30mINFO[0m Creating environment hook '/home/ziad/Ziad_WS/ROS2/ziad_ws/install/moveit_task_constructor_capabilities/share/moveit_task_constructor_capabilities/hook/ld_library_path_lib.ps1'
[993.582s] [34mcolcon.colcon_core.shell[0m [1;30mINFO[0m Creating environment descriptor '/home/ziad/Ziad_WS/ROS2/ziad_ws/install/moveit_task_constructor_capabilities/share/moveit_task_constructor_capabilities/hook/ld_library_path_lib.dsv'
[993.584s] [34mcolcon.colcon_core.shell[0m [1;30mINFO[0m Creating environment hook '/home/ziad/Ziad_WS/ROS2/ziad_ws/install/moveit_task_constructor_capabilities/share/moveit_task_constructor_capabilities/hook/ld_library_path_lib.sh'
[993.585s] [34mcolcon.colcon_core.environment[0m [1;30mLevel 1[0m checking '/home/ziad/Ziad_WS/ROS2/ziad_ws/install/moveit_task_constructor_capabilities/bin'
[993.585s] [34mcolcon.colcon_core.environment[0m [1;30mLevel 1[0m checking '/home/ziad/Ziad_WS/ROS2/ziad_ws/install/moveit_task_constructor_capabilities/lib/pkgconfig/moveit_task_constructor_capabilities.pc'
[993.597s] [34mcolcon.colcon_core.environment[0m [1;30mLevel 1[0m checking '/home/ziad/Ziad_WS/ROS2/ziad_ws/install/moveit_task_constructor_capabilities/lib/python3.10/site-packages'
[993.598s] [34mcolcon.colcon_core.environment[0m [1;30mLevel 1[0m checking '/home/ziad/Ziad_WS/ROS2/ziad_ws/install/moveit_task_constructor_capabilities/bin'
[993.599s] [34mcolcon.colcon_core.shell[0m [1;30mINFO[0m Creating package script '/home/ziad/Ziad_WS/ROS2/ziad_ws/install/moveit_task_constructor_capabilities/share/moveit_task_constructor_capabilities/package.ps1'
[993.602s] [34mcolcon.colcon_core.shell[0m [1;30mINFO[0m Creating package descriptor '/home/ziad/Ziad_WS/ROS2/ziad_ws/install/moveit_task_constructor_capabilities/share/moveit_task_constructor_capabilities/package.dsv'
[993.603s] [34mcolcon.colcon_core.shell[0m [1;30mINFO[0m Creating package script '/home/ziad/Ziad_WS/ROS2/ziad_ws/install/moveit_task_constructor_capabilities/share/moveit_task_constructor_capabilities/package.sh'
[993.605s] [34mcolcon.colcon_core.shell[0m [1;30mINFO[0m Creating package script '/home/ziad/Ziad_WS/ROS2/ziad_ws/install/moveit_task_constructor_capabilities/share/moveit_task_constructor_capabilities/package.bash'
[993.614s] [34mcolcon.colcon_core.shell[0m [1;30mINFO[0m Creating package script '/home/ziad/Ziad_WS/ROS2/ziad_ws/install/moveit_task_constructor_capabilities/share/moveit_task_constructor_capabilities/package.zsh'
[993.617s] [34mcolcon.colcon_core.environment[0m [1;30mLevel 1[0m create_file_with_runtime_dependencies(/home/ziad/Ziad_WS/ROS2/ziad_ws/install/moveit_task_constructor_capabilities/share/colcon-core/packages/moveit_task_constructor_capabilities)
[993.620s] [34mcolcon.colcon_core.environment[0m [1;30mLevel 1[0m create_environment_scripts_only(moveit_task_constructor_capabilities)
[993.620s] [34mcolcon.colcon_core.environment[0m [1;30mLevel 1[0m checking '/home/ziad/Ziad_WS/ROS2/ziad_ws/install/moveit_task_constructor_capabilities' for CMake module files
[993.623s] [34mcolcon.colcon_core.environment[0m [1;30mLevel 1[0m checking '/home/ziad/Ziad_WS/ROS2/ziad_ws/install/moveit_task_constructor_capabilities' for CMake config files
[993.623s] [34mcolcon.colcon_core.shell[0m [1;30mLevel 1[0m create_environment_hook('moveit_task_constructor_capabilities', 'cmake_prefix_path')
[993.625s] [34mcolcon.colcon_core.shell[0m [1;30mINFO[0m Creating environment hook '/home/ziad/Ziad_WS/ROS2/ziad_ws/install/moveit_task_constructor_capabilities/share/moveit_task_constructor_capabilities/hook/cmake_prefix_path.ps1'
[993.633s] [34mcolcon.colcon_core.shell[0m [1;30mINFO[0m Creating environment descriptor '/home/ziad/Ziad_WS/ROS2/ziad_ws/install/moveit_task_constructor_capabilities/share/moveit_task_constructor_capabilities/hook/cmake_prefix_path.dsv'
[993.634s] [34mcolcon.colcon_core.shell[0m [1;30mINFO[0m Creating environment hook '/home/ziad/Ziad_WS/ROS2/ziad_ws/install/moveit_task_constructor_capabilities/share/moveit_task_constructor_capabilities/hook/cmake_prefix_path.sh'
[993.635s] [34mcolcon.colcon_core.environment[0m [1;30mLevel 1[0m checking '/home/ziad/Ziad_WS/ROS2/ziad_ws/install/moveit_task_constructor_capabilities/lib'
[993.635s] [34mcolcon.colcon_core.shell[0m [1;30mLevel 1[0m create_environment_hook('moveit_task_constructor_capabilities', 'ld_library_path_lib')
[993.636s] [34mcolcon.colcon_core.shell[0m [1;30mINFO[0m Creating environment hook '/home/ziad/Ziad_WS/ROS2/ziad_ws/install/moveit_task_constructor_capabilities/share/moveit_task_constructor_capabilities/hook/ld_library_path_lib.ps1'
[993.637s] [34mcolcon.colcon_core.shell[0m [1;30mINFO[0m Creating environment descriptor '/home/ziad/Ziad_WS/ROS2/ziad_ws/install/moveit_task_constructor_capabilities/share/moveit_task_constructor_capabilities/hook/ld_library_path_lib.dsv'
[993.638s] [34mcolcon.colcon_core.shell[0m [1;30mINFO[0m Creating environment hook '/home/ziad/Ziad_WS/ROS2/ziad_ws/install/moveit_task_constructor_capabilities/share/moveit_task_constructor_capabilities/hook/ld_library_path_lib.sh'
[993.639s] [34mcolcon.colcon_core.environment[0m [1;30mLevel 1[0m checking '/home/ziad/Ziad_WS/ROS2/ziad_ws/install/moveit_task_constructor_capabilities/bin'
[993.639s] [34mcolcon.colcon_core.environment[0m [1;30mLevel 1[0m checking '/home/ziad/Ziad_WS/ROS2/ziad_ws/install/moveit_task_constructor_capabilities/lib/pkgconfig/moveit_task_constructor_capabilities.pc'
[993.639s] [34mcolcon.colcon_core.environment[0m [1;30mLevel 1[0m checking '/home/ziad/Ziad_WS/ROS2/ziad_ws/install/moveit_task_constructor_capabilities/lib/python3.10/site-packages'
[993.640s] [34mcolcon.colcon_core.environment[0m [1;30mLevel 1[0m checking '/home/ziad/Ziad_WS/ROS2/ziad_ws/install/moveit_task_constructor_capabilities/bin'
[993.641s] [34mcolcon.colcon_core.shell[0m [1;30mINFO[0m Creating package script '/home/ziad/Ziad_WS/ROS2/ziad_ws/install/moveit_task_constructor_capabilities/share/moveit_task_constructor_capabilities/package.ps1'
[993.642s] [34mcolcon.colcon_core.shell[0m [1;30mINFO[0m Creating package descriptor '/home/ziad/Ziad_WS/ROS2/ziad_ws/install/moveit_task_constructor_capabilities/share/moveit_task_constructor_capabilities/package.dsv'
[993.644s] [34mcolcon.colcon_core.shell[0m [1;30mINFO[0m Creating package script '/home/ziad/Ziad_WS/ROS2/ziad_ws/install/moveit_task_constructor_capabilities/share/moveit_task_constructor_capabilities/package.sh'
[993.645s] [34mcolcon.colcon_core.shell[0m [1;30mINFO[0m Creating package script '/home/ziad/Ziad_WS/ROS2/ziad_ws/install/moveit_task_constructor_capabilities/share/moveit_task_constructor_capabilities/package.bash'
[993.645s] [34mcolcon.colcon_core.shell[0m [1;30mINFO[0m Creating package script '/home/ziad/Ziad_WS/ROS2/ziad_ws/install/moveit_task_constructor_capabilities/share/moveit_task_constructor_capabilities/package.zsh'
[993.653s] [34mcolcon.colcon_core.environment[0m [1;30mLevel 1[0m create_file_with_runtime_dependencies(/home/ziad/Ziad_WS/ROS2/ziad_ws/install/moveit_task_constructor_capabilities/share/colcon-core/packages/moveit_task_constructor_capabilities)
[993.656s] [34mcolcon.colcon_ros.task.ament_cmake.build[0m [1;30mINFO[0m Building ROS package in '/home/ziad/Ziad_WS/ROS2/ziad_ws/src/moveit_task_constructor/demo' with build type 'ament_cmake'
[993.657s] [34mcolcon.colcon_cmake.task.cmake.build[0m [1;30mINFO[0m Building CMake package in '/home/ziad/Ziad_WS/ROS2/ziad_ws/src/moveit_task_constructor/demo'
[993.659s] [34mcolcon.colcon_core.shell[0m [1;30mINFO[0m Skip shell extension 'powershell' for command environment: Not usable outside of PowerShell
[993.660s] [34mcolcon.colcon_core.shell[0m [1;30mDEBUG[0m [32mSkip shell extension 'dsv' for command environment[0m
[993.766s] [34mcolcon.colcon_core.event_handler.log_command[0m [1;30mDEBUG[0m [32mInvoking command in '/home/ziad/Ziad_WS/ROS2/ziad_ws/build/moveit_task_constructor_demo': AMENT_PREFIX_PATH=/home/ziad/Ziad_WS/ROS2/ziad_ws/install/moveit_task_constructor_capabilities:/home/ziad/Ziad_WS/ROS2/ziad_ws/install/moveit_task_constructor_core:/home/ziad/Ziad_WS/ROS2/ziad_ws/install/rviz_marker_tools:/home/ziad/Ziad_WS/ROS2/ziad_ws/install/moveit_task_constructor_msgs:${AMENT_PREFIX_PATH} CMAKE_MODULE_PATH=/home/ziad/Ziad_WS/ROS2/ziad_ws/install/moveit_task_constructor_core/share/moveit_task_constructor_core/cmake CMAKE_PREFIX_PATH=/home/ziad/Ziad_WS/ROS2/ziad_ws/install/moveit_task_constructor_capabilities:/home/ziad/Ziad_WS/ROS2/ziad_ws/install/moveit_task_constructor_core:/home/ziad/Ziad_WS/ROS2/ziad_ws/install/rviz_marker_tools:/home/ziad/Ziad_WS/ROS2/ziad_ws/install/moveit_task_constructor_msgs:/home/ziad/Ziad_WS/ROS2/ziad_ws/install/move_program:/home/ziad/Ziad_WS/ROS2/ziad_ws/install/custom_turtleBot3:/home/ziad/Ziad_WS/ROS2/ziad_ws/install/custom_panda_controller:/home/ziad/Ziad_WS/ROS2/ziad_ws/install/bt_demo:/opt/ros/humble LD_LIBRARY_PATH=/home/ziad/Ziad_WS/ROS2/ziad_ws/install/moveit_task_constructor_capabilities/lib:/home/ziad/Ziad_WS/ROS2/ziad_ws/install/moveit_task_constructor_core/lib:/home/ziad/Ziad_WS/ROS2/ziad_ws/install/rviz_marker_tools/lib:/home/ziad/Ziad_WS/ROS2/ziad_ws/install/moveit_task_constructor_msgs/lib:/usr/lib/x86_64-linux-gnu/gazebo-11/plugins:/opt/ros/humble/opt/rviz_ogre_vendor/lib:/opt/ros/humble/lib/x86_64-linux-gnu:/opt/ros/humble/lib:/usr/lib/x86_64-linux-gnu/gazebo-11/plugins PYTHONPATH=/home/ziad/Ziad_WS/ROS2/ziad_ws/install/moveit_task_constructor_core/local/lib/python3.10/dist-packages:/home/ziad/Ziad_WS/ROS2/ziad_ws/install/moveit_task_constructor_msgs/local/lib/python3.10/dist-packages:${PYTHONPATH} /usr/bin/cmake /home/ziad/Ziad_WS/ROS2/ziad_ws/src/moveit_task_constructor/demo -DAMENT_CMAKE_SYMLINK_INSTALL=1 -DCMAKE_INSTALL_PREFIX=/home/ziad/Ziad_WS/ROS2/ziad_ws/install/moveit_task_constructor_demo[0m
[1003.184s] [34mcolcon.colcon_core.event_handler.log_command[0m [1;30mDEBUG[0m [32mInvoked command in '/home/ziad/Ziad_WS/ROS2/ziad_ws/build/moveit_task_constructor_demo' returned '0': AMENT_PREFIX_PATH=/home/ziad/Ziad_WS/ROS2/ziad_ws/install/moveit_task_constructor_capabilities:/home/ziad/Ziad_WS/ROS2/ziad_ws/install/moveit_task_constructor_core:/home/ziad/Ziad_WS/ROS2/ziad_ws/install/rviz_marker_tools:/home/ziad/Ziad_WS/ROS2/ziad_ws/install/moveit_task_constructor_msgs:${AMENT_PREFIX_PATH} CMAKE_MODULE_PATH=/home/ziad/Ziad_WS/ROS2/ziad_ws/install/moveit_task_constructor_core/share/moveit_task_constructor_core/cmake CMAKE_PREFIX_PATH=/home/ziad/Ziad_WS/ROS2/ziad_ws/install/moveit_task_constructor_capabilities:/home/ziad/Ziad_WS/ROS2/ziad_ws/install/moveit_task_constructor_core:/home/ziad/Ziad_WS/ROS2/ziad_ws/install/rviz_marker_tools:/home/ziad/Ziad_WS/ROS2/ziad_ws/install/moveit_task_constructor_msgs:/home/ziad/Ziad_WS/ROS2/ziad_ws/install/move_program:/home/ziad/Ziad_WS/ROS2/ziad_ws/install/custom_turtleBot3:/home/ziad/Ziad_WS/ROS2/ziad_ws/install/custom_panda_controller:/home/ziad/Ziad_WS/ROS2/ziad_ws/install/bt_demo:/opt/ros/humble LD_LIBRARY_PATH=/home/ziad/Ziad_WS/ROS2/ziad_ws/install/moveit_task_constructor_capabilities/lib:/home/ziad/Ziad_WS/ROS2/ziad_ws/install/moveit_task_constructor_core/lib:/home/ziad/Ziad_WS/ROS2/ziad_ws/install/rviz_marker_tools/lib:/home/ziad/Ziad_WS/ROS2/ziad_ws/install/moveit_task_constructor_msgs/lib:/usr/lib/x86_64-linux-gnu/gazebo-11/plugins:/opt/ros/humble/opt/rviz_ogre_vendor/lib:/opt/ros/humble/lib/x86_64-linux-gnu:/opt/ros/humble/lib:/usr/lib/x86_64-linux-gnu/gazebo-11/plugins PYTHONPATH=/home/ziad/Ziad_WS/ROS2/ziad_ws/install/moveit_task_constructor_core/local/lib/python3.10/dist-packages:/home/ziad/Ziad_WS/ROS2/ziad_ws/install/moveit_task_constructor_msgs/local/lib/python3.10/dist-packages:${PYTHONPATH} /usr/bin/cmake /home/ziad/Ziad_WS/ROS2/ziad_ws/src/moveit_task_constructor/demo -DAMENT_CMAKE_SYMLINK_INSTALL=1 -DCMAKE_INSTALL_PREFIX=/home/ziad/Ziad_WS/ROS2/ziad_ws/install/moveit_task_constructor_demo[0m
[1003.190s] [34mcolcon.colcon_core.event_handler.log_command[0m [1;30mDEBUG[0m [32mInvoking command in '/home/ziad/Ziad_WS/ROS2/ziad_ws/build/moveit_task_constructor_demo': AMENT_PREFIX_PATH=/home/ziad/Ziad_WS/ROS2/ziad_ws/install/moveit_task_constructor_capabilities:/home/ziad/Ziad_WS/ROS2/ziad_ws/install/moveit_task_constructor_core:/home/ziad/Ziad_WS/ROS2/ziad_ws/install/rviz_marker_tools:/home/ziad/Ziad_WS/ROS2/ziad_ws/install/moveit_task_constructor_msgs:${AMENT_PREFIX_PATH} CMAKE_MODULE_PATH=/home/ziad/Ziad_WS/ROS2/ziad_ws/install/moveit_task_constructor_core/share/moveit_task_constructor_core/cmake CMAKE_PREFIX_PATH=/home/ziad/Ziad_WS/ROS2/ziad_ws/install/moveit_task_constructor_capabilities:/home/ziad/Ziad_WS/ROS2/ziad_ws/install/moveit_task_constructor_core:/home/ziad/Ziad_WS/ROS2/ziad_ws/install/rviz_marker_tools:/home/ziad/Ziad_WS/ROS2/ziad_ws/install/moveit_task_constructor_msgs:/home/ziad/Ziad_WS/ROS2/ziad_ws/install/move_program:/home/ziad/Ziad_WS/ROS2/ziad_ws/install/custom_turtleBot3:/home/ziad/Ziad_WS/ROS2/ziad_ws/install/custom_panda_controller:/home/ziad/Ziad_WS/ROS2/ziad_ws/install/bt_demo:/opt/ros/humble LD_LIBRARY_PATH=/home/ziad/Ziad_WS/ROS2/ziad_ws/install/moveit_task_constructor_capabilities/lib:/home/ziad/Ziad_WS/ROS2/ziad_ws/install/moveit_task_constructor_core/lib:/home/ziad/Ziad_WS/ROS2/ziad_ws/install/rviz_marker_tools/lib:/home/ziad/Ziad_WS/ROS2/ziad_ws/install/moveit_task_constructor_msgs/lib:/usr/lib/x86_64-linux-gnu/gazebo-11/plugins:/opt/ros/humble/opt/rviz_ogre_vendor/lib:/opt/ros/humble/lib/x86_64-linux-gnu:/opt/ros/humble/lib:/usr/lib/x86_64-linux-gnu/gazebo-11/plugins PYTHONPATH=/home/ziad/Ziad_WS/ROS2/ziad_ws/install/moveit_task_constructor_core/local/lib/python3.10/dist-packages:/home/ziad/Ziad_WS/ROS2/ziad_ws/install/moveit_task_constructor_msgs/local/lib/python3.10/dist-packages:${PYTHONPATH} /usr/bin/cmake --build /home/ziad/Ziad_WS/ROS2/ziad_ws/build/moveit_task_constructor_demo -- -j4 -l4[0m
[1182.469s] [34mcolcon.colcon_core.event_handler.log_command[0m [1;30mDEBUG[0m [32mInvoked command in '/home/ziad/Ziad_WS/ROS2/ziad_ws/build/moveit_task_constructor_demo' returned '0': AMENT_PREFIX_PATH=/home/ziad/Ziad_WS/ROS2/ziad_ws/install/moveit_task_constructor_capabilities:/home/ziad/Ziad_WS/ROS2/ziad_ws/install/moveit_task_constructor_core:/home/ziad/Ziad_WS/ROS2/ziad_ws/install/rviz_marker_tools:/home/ziad/Ziad_WS/ROS2/ziad_ws/install/moveit_task_constructor_msgs:${AMENT_PREFIX_PATH} CMAKE_MODULE_PATH=/home/ziad/Ziad_WS/ROS2/ziad_ws/install/moveit_task_constructor_core/share/moveit_task_constructor_core/cmake CMAKE_PREFIX_PATH=/home/ziad/Ziad_WS/ROS2/ziad_ws/install/moveit_task_constructor_capabilities:/home/ziad/Ziad_WS/ROS2/ziad_ws/install/moveit_task_constructor_core:/home/ziad/Ziad_WS/ROS2/ziad_ws/install/rviz_marker_tools:/home/ziad/Ziad_WS/ROS2/ziad_ws/install/moveit_task_constructor_msgs:/home/ziad/Ziad_WS/ROS2/ziad_ws/install/move_program:/home/ziad/Ziad_WS/ROS2/ziad_ws/install/custom_turtleBot3:/home/ziad/Ziad_WS/ROS2/ziad_ws/install/custom_panda_controller:/home/ziad/Ziad_WS/ROS2/ziad_ws/install/bt_demo:/opt/ros/humble LD_LIBRARY_PATH=/home/ziad/Ziad_WS/ROS2/ziad_ws/install/moveit_task_constructor_capabilities/lib:/home/ziad/Ziad_WS/ROS2/ziad_ws/install/moveit_task_constructor_core/lib:/home/ziad/Ziad_WS/ROS2/ziad_ws/install/rviz_marker_tools/lib:/home/ziad/Ziad_WS/ROS2/ziad_ws/install/moveit_task_constructor_msgs/lib:/usr/lib/x86_64-linux-gnu/gazebo-11/plugins:/opt/ros/humble/opt/rviz_ogre_vendor/lib:/opt/ros/humble/lib/x86_64-linux-gnu:/opt/ros/humble/lib:/usr/lib/x86_64-linux-gnu/gazebo-11/plugins PYTHONPATH=/home/ziad/Ziad_WS/ROS2/ziad_ws/install/moveit_task_constructor_core/local/lib/python3.10/dist-packages:/home/ziad/Ziad_WS/ROS2/ziad_ws/install/moveit_task_constructor_msgs/local/lib/python3.10/dist-packages:${PYTHONPATH} /usr/bin/cmake --build /home/ziad/Ziad_WS/ROS2/ziad_ws/build/moveit_task_constructor_demo -- -j4 -l4[0m
[1182.559s] [34mcolcon.colcon_core.event_handler.log_command[0m [1;30mDEBUG[0m [32mInvoking command in '/home/ziad/Ziad_WS/ROS2/ziad_ws/build/moveit_task_constructor_demo': AMENT_PREFIX_PATH=/home/ziad/Ziad_WS/ROS2/ziad_ws/install/moveit_task_constructor_capabilities:/home/ziad/Ziad_WS/ROS2/ziad_ws/install/moveit_task_constructor_core:/home/ziad/Ziad_WS/ROS2/ziad_ws/install/rviz_marker_tools:/home/ziad/Ziad_WS/ROS2/ziad_ws/install/moveit_task_constructor_msgs:${AMENT_PREFIX_PATH} CMAKE_MODULE_PATH=/home/ziad/Ziad_WS/ROS2/ziad_ws/install/moveit_task_constructor_core/share/moveit_task_constructor_core/cmake CMAKE_PREFIX_PATH=/home/ziad/Ziad_WS/ROS2/ziad_ws/install/moveit_task_constructor_capabilities:/home/ziad/Ziad_WS/ROS2/ziad_ws/install/moveit_task_constructor_core:/home/ziad/Ziad_WS/ROS2/ziad_ws/install/rviz_marker_tools:/home/ziad/Ziad_WS/ROS2/ziad_ws/install/moveit_task_constructor_msgs:/home/ziad/Ziad_WS/ROS2/ziad_ws/install/move_program:/home/ziad/Ziad_WS/ROS2/ziad_ws/install/custom_turtleBot3:/home/ziad/Ziad_WS/ROS2/ziad_ws/install/custom_panda_controller:/home/ziad/Ziad_WS/ROS2/ziad_ws/install/bt_demo:/opt/ros/humble LD_LIBRARY_PATH=/home/ziad/Ziad_WS/ROS2/ziad_ws/install/moveit_task_constructor_capabilities/lib:/home/ziad/Ziad_WS/ROS2/ziad_ws/install/moveit_task_constructor_core/lib:/home/ziad/Ziad_WS/ROS2/ziad_ws/install/rviz_marker_tools/lib:/home/ziad/Ziad_WS/ROS2/ziad_ws/install/moveit_task_constructor_msgs/lib:/usr/lib/x86_64-linux-gnu/gazebo-11/plugins:/opt/ros/humble/opt/rviz_ogre_vendor/lib:/opt/ros/humble/lib/x86_64-linux-gnu:/opt/ros/humble/lib:/usr/lib/x86_64-linux-gnu/gazebo-11/plugins PYTHONPATH=/home/ziad/Ziad_WS/ROS2/ziad_ws/install/moveit_task_constructor_core/local/lib/python3.10/dist-packages:/home/ziad/Ziad_WS/ROS2/ziad_ws/install/moveit_task_constructor_msgs/local/lib/python3.10/dist-packages:${PYTHONPATH} /usr/bin/cmake --install /home/ziad/Ziad_WS/ROS2/ziad_ws/build/moveit_task_constructor_demo[0m
[1183.448s] [34mcolcon.colcon_core.environment[0m [1;30mLevel 1[0m create_environment_scripts_only(moveit_task_constructor_demo)
[1183.468s] [34mcolcon.colcon_core.event_handler.log_command[0m [1;30mDEBUG[0m [32mInvoked command in '/home/ziad/Ziad_WS/ROS2/ziad_ws/build/moveit_task_constructor_demo' returned '0': AMENT_PREFIX_PATH=/home/ziad/Ziad_WS/ROS2/ziad_ws/install/moveit_task_constructor_capabilities:/home/ziad/Ziad_WS/ROS2/ziad_ws/install/moveit_task_constructor_core:/home/ziad/Ziad_WS/ROS2/ziad_ws/install/rviz_marker_tools:/home/ziad/Ziad_WS/ROS2/ziad_ws/install/moveit_task_constructor_msgs:${AMENT_PREFIX_PATH} CMAKE_MODULE_PATH=/home/ziad/Ziad_WS/ROS2/ziad_ws/install/moveit_task_constructor_core/share/moveit_task_constructor_core/cmake CMAKE_PREFIX_PATH=/home/ziad/Ziad_WS/ROS2/ziad_ws/install/moveit_task_constructor_capabilities:/home/ziad/Ziad_WS/ROS2/ziad_ws/install/moveit_task_constructor_core:/home/ziad/Ziad_WS/ROS2/ziad_ws/install/rviz_marker_tools:/home/ziad/Ziad_WS/ROS2/ziad_ws/install/moveit_task_constructor_msgs:/home/ziad/Ziad_WS/ROS2/ziad_ws/install/move_program:/home/ziad/Ziad_WS/ROS2/ziad_ws/install/custom_turtleBot3:/home/ziad/Ziad_WS/ROS2/ziad_ws/install/custom_panda_controller:/home/ziad/Ziad_WS/ROS2/ziad_ws/install/bt_demo:/opt/ros/humble LD_LIBRARY_PATH=/home/ziad/Ziad_WS/ROS2/ziad_ws/install/moveit_task_constructor_capabilities/lib:/home/ziad/Ziad_WS/ROS2/ziad_ws/install/moveit_task_constructor_core/lib:/home/ziad/Ziad_WS/ROS2/ziad_ws/install/rviz_marker_tools/lib:/home/ziad/Ziad_WS/ROS2/ziad_ws/install/moveit_task_constructor_msgs/lib:/usr/lib/x86_64-linux-gnu/gazebo-11/plugins:/opt/ros/humble/opt/rviz_ogre_vendor/lib:/opt/ros/humble/lib/x86_64-linux-gnu:/opt/ros/humble/lib:/usr/lib/x86_64-linux-gnu/gazebo-11/plugins PYTHONPATH=/home/ziad/Ziad_WS/ROS2/ziad_ws/install/moveit_task_constructor_core/local/lib/python3.10/dist-packages:/home/ziad/Ziad_WS/ROS2/ziad_ws/install/moveit_task_constructor_msgs/local/lib/python3.10/dist-packages:${PYTHONPATH} /usr/bin/cmake --install /home/ziad/Ziad_WS/ROS2/ziad_ws/build/moveit_task_constructor_demo[0m
[1183.490s] [34mcolcon.colcon_core.environment[0m [1;30mLevel 1[0m checking '/home/ziad/Ziad_WS/ROS2/ziad_ws/install/moveit_task_constructor_demo' for CMake module files
[1183.499s] [34mcolcon.colcon_core.environment[0m [1;30mLevel 1[0m checking '/home/ziad/Ziad_WS/ROS2/ziad_ws/install/moveit_task_constructor_demo' for CMake config files
[1183.501s] [34mcolcon.colcon_core.shell[0m [1;30mLevel 1[0m create_environment_hook('moveit_task_constructor_demo', 'cmake_prefix_path')
[1183.504s] [34mcolcon.colcon_core.shell[0m [1;30mINFO[0m Creating environment hook '/home/ziad/Ziad_WS/ROS2/ziad_ws/install/moveit_task_constructor_demo/share/moveit_task_constructor_demo/hook/cmake_prefix_path.ps1'
[1183.526s] [34mcolcon.colcon_core.shell[0m [1;30mINFO[0m Creating environment descriptor '/home/ziad/Ziad_WS/ROS2/ziad_ws/install/moveit_task_constructor_demo/share/moveit_task_constructor_demo/hook/cmake_prefix_path.dsv'
[1183.537s] [34mcolcon.colcon_core.shell[0m [1;30mINFO[0m Creating environment hook '/home/ziad/Ziad_WS/ROS2/ziad_ws/install/moveit_task_constructor_demo/share/moveit_task_constructor_demo/hook/cmake_prefix_path.sh'
[1183.543s] [34mcolcon.colcon_core.environment[0m [1;30mLevel 1[0m checking '/home/ziad/Ziad_WS/ROS2/ziad_ws/install/moveit_task_constructor_demo/lib'
[1183.544s] [34mcolcon.colcon_core.shell[0m [1;30mLevel 1[0m create_environment_hook('moveit_task_constructor_demo', 'ld_library_path_lib')
[1183.545s] [34mcolcon.colcon_core.shell[0m [1;30mINFO[0m Creating environment hook '/home/ziad/Ziad_WS/ROS2/ziad_ws/install/moveit_task_constructor_demo/share/moveit_task_constructor_demo/hook/ld_library_path_lib.ps1'
[1183.547s] [34mcolcon.colcon_core.shell[0m [1;30mINFO[0m Creating environment descriptor '/home/ziad/Ziad_WS/ROS2/ziad_ws/install/moveit_task_constructor_demo/share/moveit_task_constructor_demo/hook/ld_library_path_lib.dsv'
[1183.549s] [34mcolcon.colcon_core.shell[0m [1;30mINFO[0m Creating environment hook '/home/ziad/Ziad_WS/ROS2/ziad_ws/install/moveit_task_constructor_demo/share/moveit_task_constructor_demo/hook/ld_library_path_lib.sh'
[1183.557s] [34mcolcon.colcon_core.environment[0m [1;30mLevel 1[0m checking '/home/ziad/Ziad_WS/ROS2/ziad_ws/install/moveit_task_constructor_demo/bin'
[1183.558s] [34mcolcon.colcon_core.environment[0m [1;30mLevel 1[0m checking '/home/ziad/Ziad_WS/ROS2/ziad_ws/install/moveit_task_constructor_demo/lib/pkgconfig/moveit_task_constructor_demo.pc'
[1183.563s] [34mcolcon.colcon_core.environment[0m [1;30mLevel 1[0m checking '/home/ziad/Ziad_WS/ROS2/ziad_ws/install/moveit_task_constructor_demo/lib/python3.10/site-packages'
[1183.564s] [34mcolcon.colcon_core.environment[0m [1;30mLevel 1[0m checking '/home/ziad/Ziad_WS/ROS2/ziad_ws/install/moveit_task_constructor_demo/bin'
[1183.565s] [34mcolcon.colcon_core.shell[0m [1;30mINFO[0m Creating package script '/home/ziad/Ziad_WS/ROS2/ziad_ws/install/moveit_task_constructor_demo/share/moveit_task_constructor_demo/package.ps1'
[1183.568s] [34mcolcon.colcon_core.shell[0m [1;30mINFO[0m Creating package descriptor '/home/ziad/Ziad_WS/ROS2/ziad_ws/install/moveit_task_constructor_demo/share/moveit_task_constructor_demo/package.dsv'
[1183.577s] [34mcolcon.colcon_core.shell[0m [1;30mINFO[0m Creating package script '/home/ziad/Ziad_WS/ROS2/ziad_ws/install/moveit_task_constructor_demo/share/moveit_task_constructor_demo/package.sh'
[1183.579s] [34mcolcon.colcon_core.shell[0m [1;30mINFO[0m Creating package script '/home/ziad/Ziad_WS/ROS2/ziad_ws/install/moveit_task_constructor_demo/share/moveit_task_constructor_demo/package.bash'
[1183.582s] [34mcolcon.colcon_core.shell[0m [1;30mINFO[0m Creating package script '/home/ziad/Ziad_WS/ROS2/ziad_ws/install/moveit_task_constructor_demo/share/moveit_task_constructor_demo/package.zsh'
[1183.585s] [34mcolcon.colcon_core.environment[0m [1;30mLevel 1[0m create_file_with_runtime_dependencies(/home/ziad/Ziad_WS/ROS2/ziad_ws/install/moveit_task_constructor_demo/share/colcon-core/packages/moveit_task_constructor_demo)
[1183.588s] [34mcolcon.colcon_core.environment[0m [1;30mLevel 1[0m create_environment_scripts_only(moveit_task_constructor_demo)
[1183.588s] [34mcolcon.colcon_core.environment[0m [1;30mLevel 1[0m checking '/home/ziad/Ziad_WS/ROS2/ziad_ws/install/moveit_task_constructor_demo' for CMake module files
[1183.590s] [34mcolcon.colcon_core.environment[0m [1;30mLevel 1[0m checking '/home/ziad/Ziad_WS/ROS2/ziad_ws/install/moveit_task_constructor_demo' for CMake config files
[1183.596s] [34mcolcon.colcon_core.shell[0m [1;30mLevel 1[0m create_environment_hook('moveit_task_constructor_demo', 'cmake_prefix_path')
[1183.597s] [34mcolcon.colcon_core.shell[0m [1;30mINFO[0m Creating environment hook '/home/ziad/Ziad_WS/ROS2/ziad_ws/install/moveit_task_constructor_demo/share/moveit_task_constructor_demo/hook/cmake_prefix_path.ps1'
[1183.598s] [34mcolcon.colcon_core.shell[0m [1;30mINFO[0m Creating environment descriptor '/home/ziad/Ziad_WS/ROS2/ziad_ws/install/moveit_task_constructor_demo/share/moveit_task_constructor_demo/hook/cmake_prefix_path.dsv'
[1183.599s] [34mcolcon.colcon_core.shell[0m [1;30mINFO[0m Creating environment hook '/home/ziad/Ziad_WS/ROS2/ziad_ws/install/moveit_task_constructor_demo/share/moveit_task_constructor_demo/hook/cmake_prefix_path.sh'
[1183.600s] [34mcolcon.colcon_core.environment[0m [1;30mLevel 1[0m checking '/home/ziad/Ziad_WS/ROS2/ziad_ws/install/moveit_task_constructor_demo/lib'
[1183.600s] [34mcolcon.colcon_core.shell[0m [1;30mLevel 1[0m create_environment_hook('moveit_task_constructor_demo', 'ld_library_path_lib')
[1183.601s] [34mcolcon.colcon_core.shell[0m [1;30mINFO[0m Creating environment hook '/home/ziad/Ziad_WS/ROS2/ziad_ws/install/moveit_task_constructor_demo/share/moveit_task_constructor_demo/hook/ld_library_path_lib.ps1'
[1183.602s] [34mcolcon.colcon_core.shell[0m [1;30mINFO[0m Creating environment descriptor '/home/ziad/Ziad_WS/ROS2/ziad_ws/install/moveit_task_constructor_demo/share/moveit_task_constructor_demo/hook/ld_library_path_lib.dsv'
[1183.603s] [34mcolcon.colcon_core.shell[0m [1;30mINFO[0m Creating environment hook '/home/ziad/Ziad_WS/ROS2/ziad_ws/install/moveit_task_constructor_demo/share/moveit_task_constructor_demo/hook/ld_library_path_lib.sh'
[1183.604s] [34mcolcon.colcon_core.environment[0m [1;30mLevel 1[0m checking '/home/ziad/Ziad_WS/ROS2/ziad_ws/install/moveit_task_constructor_demo/bin'
[1183.604s] [34mcolcon.colcon_core.environment[0m [1;30mLevel 1[0m checking '/home/ziad/Ziad_WS/ROS2/ziad_ws/install/moveit_task_constructor_demo/lib/pkgconfig/moveit_task_constructor_demo.pc'
[1183.604s] [34mcolcon.colcon_core.environment[0m [1;30mLevel 1[0m checking '/home/ziad/Ziad_WS/ROS2/ziad_ws/install/moveit_task_constructor_demo/lib/python3.10/site-packages'
[1183.605s] [34mcolcon.colcon_core.environment[0m [1;30mLevel 1[0m checking '/home/ziad/Ziad_WS/ROS2/ziad_ws/install/moveit_task_constructor_demo/bin'
[1183.606s] [34mcolcon.colcon_core.shell[0m [1;30mINFO[0m Creating package script '/home/ziad/Ziad_WS/ROS2/ziad_ws/install/moveit_task_constructor_demo/share/moveit_task_constructor_demo/package.ps1'
[1183.624s] [34mcolcon.colcon_core.shell[0m [1;30mINFO[0m Creating package descriptor '/home/ziad/Ziad_WS/ROS2/ziad_ws/install/moveit_task_constructor_demo/share/moveit_task_constructor_demo/package.dsv'
[1183.625s] [34mcolcon.colcon_core.shell[0m [1;30mINFO[0m Creating package script '/home/ziad/Ziad_WS/ROS2/ziad_ws/install/moveit_task_constructor_demo/share/moveit_task_constructor_demo/package.sh'
[1183.627s] [34mcolcon.colcon_core.shell[0m [1;30mINFO[0m Creating package script '/home/ziad/Ziad_WS/ROS2/ziad_ws/install/moveit_task_constructor_demo/share/moveit_task_constructor_demo/package.bash'
[1183.629s] [34mcolcon.colcon_core.shell[0m [1;30mINFO[0m Creating package script '/home/ziad/Ziad_WS/ROS2/ziad_ws/install/moveit_task_constructor_demo/share/moveit_task_constructor_demo/package.zsh'
[1183.636s] [34mcolcon.colcon_core.environment[0m [1;30mLevel 1[0m create_file_with_runtime_dependencies(/home/ziad/Ziad_WS/ROS2/ziad_ws/install/moveit_task_constructor_demo/share/colcon-core/packages/moveit_task_constructor_demo)
[1227.459s] [34mcolcon.colcon_core.event_handler.log_command[0m [1;30mDEBUG[0m [32mInvoked command in '/home/ziad/Ziad_WS/ROS2/ziad_ws/build/moveit2_tutorials' returned '0': AMENT_PREFIX_PATH=/home/ziad/Ziad_WS/ROS2/ziad_ws/install/moveit_task_constructor_core:/home/ziad/Ziad_WS/ROS2/ziad_ws/install/rviz_marker_tools:/home/ziad/Ziad_WS/ROS2/ziad_ws/install/moveit_task_constructor_msgs:${AMENT_PREFIX_PATH} CMAKE_MODULE_PATH=/home/ziad/Ziad_WS/ROS2/ziad_ws/install/moveit_task_constructor_core/share/moveit_task_constructor_core/cmake CMAKE_PREFIX_PATH=/home/ziad/Ziad_WS/ROS2/ziad_ws/install/moveit_task_constructor_core:/home/ziad/Ziad_WS/ROS2/ziad_ws/install/rviz_marker_tools:/home/ziad/Ziad_WS/ROS2/ziad_ws/install/moveit_task_constructor_msgs:/home/ziad/Ziad_WS/ROS2/ziad_ws/install/move_program:/home/ziad/Ziad_WS/ROS2/ziad_ws/install/custom_turtleBot3:/home/ziad/Ziad_WS/ROS2/ziad_ws/install/custom_panda_controller:/home/ziad/Ziad_WS/ROS2/ziad_ws/install/bt_demo:/opt/ros/humble LD_LIBRARY_PATH=/home/ziad/Ziad_WS/ROS2/ziad_ws/install/moveit_task_constructor_core/lib:/home/ziad/Ziad_WS/ROS2/ziad_ws/install/rviz_marker_tools/lib:/home/ziad/Ziad_WS/ROS2/ziad_ws/install/moveit_task_constructor_msgs/lib:/usr/lib/x86_64-linux-gnu/gazebo-11/plugins:/opt/ros/humble/opt/rviz_ogre_vendor/lib:/opt/ros/humble/lib/x86_64-linux-gnu:/opt/ros/humble/lib:/usr/lib/x86_64-linux-gnu/gazebo-11/plugins PYTHONPATH=/home/ziad/Ziad_WS/ROS2/ziad_ws/install/moveit_task_constructor_core/local/lib/python3.10/dist-packages:/home/ziad/Ziad_WS/ROS2/ziad_ws/install/moveit_task_constructor_msgs/local/lib/python3.10/dist-packages:${PYTHONPATH} /usr/bin/cmake --build /home/ziad/Ziad_WS/ROS2/ziad_ws/build/moveit2_tutorials -- -j4 -l4[0m
[1227.465s] [34mcolcon.colcon_core.event_handler.log_command[0m [1;30mDEBUG[0m [32mInvoking command in '/home/ziad/Ziad_WS/ROS2/ziad_ws/build/moveit2_tutorials': AMENT_PREFIX_PATH=/home/ziad/Ziad_WS/ROS2/ziad_ws/install/moveit_task_constructor_core:/home/ziad/Ziad_WS/ROS2/ziad_ws/install/rviz_marker_tools:/home/ziad/Ziad_WS/ROS2/ziad_ws/install/moveit_task_constructor_msgs:${AMENT_PREFIX_PATH} CMAKE_MODULE_PATH=/home/ziad/Ziad_WS/ROS2/ziad_ws/install/moveit_task_constructor_core/share/moveit_task_constructor_core/cmake CMAKE_PREFIX_PATH=/home/ziad/Ziad_WS/ROS2/ziad_ws/install/moveit_task_constructor_core:/home/ziad/Ziad_WS/ROS2/ziad_ws/install/rviz_marker_tools:/home/ziad/Ziad_WS/ROS2/ziad_ws/install/moveit_task_constructor_msgs:/home/ziad/Ziad_WS/ROS2/ziad_ws/install/move_program:/home/ziad/Ziad_WS/ROS2/ziad_ws/install/custom_turtleBot3:/home/ziad/Ziad_WS/ROS2/ziad_ws/install/custom_panda_controller:/home/ziad/Ziad_WS/ROS2/ziad_ws/install/bt_demo:/opt/ros/humble LD_LIBRARY_PATH=/home/ziad/Ziad_WS/ROS2/ziad_ws/install/moveit_task_constructor_core/lib:/home/ziad/Ziad_WS/ROS2/ziad_ws/install/rviz_marker_tools/lib:/home/ziad/Ziad_WS/ROS2/ziad_ws/install/moveit_task_constructor_msgs/lib:/usr/lib/x86_64-linux-gnu/gazebo-11/plugins:/opt/ros/humble/opt/rviz_ogre_vendor/lib:/opt/ros/humble/lib/x86_64-linux-gnu:/opt/ros/humble/lib:/usr/lib/x86_64-linux-gnu/gazebo-11/plugins PYTHONPATH=/home/ziad/Ziad_WS/ROS2/ziad_ws/install/moveit_task_constructor_core/local/lib/python3.10/dist-packages:/home/ziad/Ziad_WS/ROS2/ziad_ws/install/moveit_task_constructor_msgs/local/lib/python3.10/dist-packages:${PYTHONPATH} /usr/bin/cmake --install /home/ziad/Ziad_WS/ROS2/ziad_ws/build/moveit2_tutorials[0m
[1228.396s] [34mcolcon.colcon_core.environment[0m [1;30mLevel 1[0m create_environment_scripts_only(moveit2_tutorials)
[1228.397s] [34mcolcon.colcon_core.environment[0m [1;30mLevel 1[0m checking '/home/ziad/Ziad_WS/ROS2/ziad_ws/install/moveit2_tutorials' for CMake module files
[1228.397s] [34mcolcon.colcon_core.event_handler.log_command[0m [1;30mDEBUG[0m [32mInvoked command in '/home/ziad/Ziad_WS/ROS2/ziad_ws/build/moveit2_tutorials' returned '0': AMENT_PREFIX_PATH=/home/ziad/Ziad_WS/ROS2/ziad_ws/install/moveit_task_constructor_core:/home/ziad/Ziad_WS/ROS2/ziad_ws/install/rviz_marker_tools:/home/ziad/Ziad_WS/ROS2/ziad_ws/install/moveit_task_constructor_msgs:${AMENT_PREFIX_PATH} CMAKE_MODULE_PATH=/home/ziad/Ziad_WS/ROS2/ziad_ws/install/moveit_task_constructor_core/share/moveit_task_constructor_core/cmake CMAKE_PREFIX_PATH=/home/ziad/Ziad_WS/ROS2/ziad_ws/install/moveit_task_constructor_core:/home/ziad/Ziad_WS/ROS2/ziad_ws/install/rviz_marker_tools:/home/ziad/Ziad_WS/ROS2/ziad_ws/install/moveit_task_constructor_msgs:/home/ziad/Ziad_WS/ROS2/ziad_ws/install/move_program:/home/ziad/Ziad_WS/ROS2/ziad_ws/install/custom_turtleBot3:/home/ziad/Ziad_WS/ROS2/ziad_ws/install/custom_panda_controller:/home/ziad/Ziad_WS/ROS2/ziad_ws/install/bt_demo:/opt/ros/humble LD_LIBRARY_PATH=/home/ziad/Ziad_WS/ROS2/ziad_ws/install/moveit_task_constructor_core/lib:/home/ziad/Ziad_WS/ROS2/ziad_ws/install/rviz_marker_tools/lib:/home/ziad/Ziad_WS/ROS2/ziad_ws/install/moveit_task_constructor_msgs/lib:/usr/lib/x86_64-linux-gnu/gazebo-11/plugins:/opt/ros/humble/opt/rviz_ogre_vendor/lib:/opt/ros/humble/lib/x86_64-linux-gnu:/opt/ros/humble/lib:/usr/lib/x86_64-linux-gnu/gazebo-11/plugins PYTHONPATH=/home/ziad/Ziad_WS/ROS2/ziad_ws/install/moveit_task_constructor_core/local/lib/python3.10/dist-packages:/home/ziad/Ziad_WS/ROS2/ziad_ws/install/moveit_task_constructor_msgs/local/lib/python3.10/dist-packages:${PYTHONPATH} /usr/bin/cmake --install /home/ziad/Ziad_WS/ROS2/ziad_ws/build/moveit2_tutorials[0m
[1228.398s] [34mcolcon.colcon_core.environment[0m [1;30mLevel 1[0m checking '/home/ziad/Ziad_WS/ROS2/ziad_ws/install/moveit2_tutorials' for CMake config files
[1228.399s] [34mcolcon.colcon_core.shell[0m [1;30mLevel 1[0m create_environment_hook('moveit2_tutorials', 'cmake_prefix_path')
[1228.406s] [34mcolcon.colcon_core.shell[0m [1;30mINFO[0m Creating environment hook '/home/ziad/Ziad_WS/ROS2/ziad_ws/install/moveit2_tutorials/share/moveit2_tutorials/hook/cmake_prefix_path.ps1'
[1228.407s] [34mcolcon.colcon_core.shell[0m [1;30mINFO[0m Creating environment descriptor '/home/ziad/Ziad_WS/ROS2/ziad_ws/install/moveit2_tutorials/share/moveit2_tutorials/hook/cmake_prefix_path.dsv'
[1228.408s] [34mcolcon.colcon_core.shell[0m [1;30mINFO[0m Creating environment hook '/home/ziad/Ziad_WS/ROS2/ziad_ws/install/moveit2_tutorials/share/moveit2_tutorials/hook/cmake_prefix_path.sh'
[1228.409s] [34mcolcon.colcon_core.environment[0m [1;30mLevel 1[0m checking '/home/ziad/Ziad_WS/ROS2/ziad_ws/install/moveit2_tutorials/lib'
[1228.409s] [34mcolcon.colcon_core.environment[0m [1;30mLevel 1[0m checking '/home/ziad/Ziad_WS/ROS2/ziad_ws/install/moveit2_tutorials/bin'
[1228.409s] [34mcolcon.colcon_core.environment[0m [1;30mLevel 1[0m checking '/home/ziad/Ziad_WS/ROS2/ziad_ws/install/moveit2_tutorials/lib/pkgconfig/moveit2_tutorials.pc'
[1228.409s] [34mcolcon.colcon_core.environment[0m [1;30mLevel 1[0m checking '/home/ziad/Ziad_WS/ROS2/ziad_ws/install/moveit2_tutorials/lib/python3.10/site-packages'
[1228.410s] [34mcolcon.colcon_core.environment[0m [1;30mLevel 1[0m checking '/home/ziad/Ziad_WS/ROS2/ziad_ws/install/moveit2_tutorials/bin'
[1228.411s] [34mcolcon.colcon_core.shell[0m [1;30mINFO[0m Creating package script '/home/ziad/Ziad_WS/ROS2/ziad_ws/install/moveit2_tutorials/share/moveit2_tutorials/package.ps1'
[1228.413s] [34mcolcon.colcon_core.shell[0m [1;30mINFO[0m Creating package descriptor '/home/ziad/Ziad_WS/ROS2/ziad_ws/install/moveit2_tutorials/share/moveit2_tutorials/package.dsv'
[1228.414s] [34mcolcon.colcon_core.shell[0m [1;30mINFO[0m Creating package script '/home/ziad/Ziad_WS/ROS2/ziad_ws/install/moveit2_tutorials/share/moveit2_tutorials/package.sh'
[1228.415s] [34mcolcon.colcon_core.shell[0m [1;30mINFO[0m Creating package script '/home/ziad/Ziad_WS/ROS2/ziad_ws/install/moveit2_tutorials/share/moveit2_tutorials/package.bash'
[1228.416s] [34mcolcon.colcon_core.shell[0m [1;30mINFO[0m Creating package script '/home/ziad/Ziad_WS/ROS2/ziad_ws/install/moveit2_tutorials/share/moveit2_tutorials/package.zsh'
[1228.416s] [34mcolcon.colcon_core.environment[0m [1;30mLevel 1[0m create_file_with_runtime_dependencies(/home/ziad/Ziad_WS/ROS2/ziad_ws/install/moveit2_tutorials/share/colcon-core/packages/moveit2_tutorials)
[1228.419s] [34mcolcon.colcon_core.environment[0m [1;30mLevel 1[0m create_environment_scripts_only(moveit2_tutorials)
[1228.419s] [34mcolcon.colcon_core.environment[0m [1;30mLevel 1[0m checking '/home/ziad/Ziad_WS/ROS2/ziad_ws/install/moveit2_tutorials' for CMake module files
[1228.420s] [34mcolcon.colcon_core.environment[0m [1;30mLevel 1[0m checking '/home/ziad/Ziad_WS/ROS2/ziad_ws/install/moveit2_tutorials' for CMake config files
[1228.421s] [34mcolcon.colcon_core.shell[0m [1;30mLevel 1[0m create_environment_hook('moveit2_tutorials', 'cmake_prefix_path')
[1228.422s] [34mcolcon.colcon_core.shell[0m [1;30mINFO[0m Creating environment hook '/home/ziad/Ziad_WS/ROS2/ziad_ws/install/moveit2_tutorials/share/moveit2_tutorials/hook/cmake_prefix_path.ps1'
[1228.423s] [34mcolcon.colcon_core.shell[0m [1;30mINFO[0m Creating environment descriptor '/home/ziad/Ziad_WS/ROS2/ziad_ws/install/moveit2_tutorials/share/moveit2_tutorials/hook/cmake_prefix_path.dsv'
[1228.424s] [34mcolcon.colcon_core.shell[0m [1;30mINFO[0m Creating environment hook '/home/ziad/Ziad_WS/ROS2/ziad_ws/install/moveit2_tutorials/share/moveit2_tutorials/hook/cmake_prefix_path.sh'
[1228.425s] [34mcolcon.colcon_core.environment[0m [1;30mLevel 1[0m checking '/home/ziad/Ziad_WS/ROS2/ziad_ws/install/moveit2_tutorials/lib'
[1228.425s] [34mcolcon.colcon_core.environment[0m [1;30mLevel 1[0m checking '/home/ziad/Ziad_WS/ROS2/ziad_ws/install/moveit2_tutorials/bin'
[1228.425s] [34mcolcon.colcon_core.environment[0m [1;30mLevel 1[0m checking '/home/ziad/Ziad_WS/ROS2/ziad_ws/install/moveit2_tutorials/lib/pkgconfig/moveit2_tutorials.pc'
[1228.426s] [34mcolcon.colcon_core.environment[0m [1;30mLevel 1[0m checking '/home/ziad/Ziad_WS/ROS2/ziad_ws/install/moveit2_tutorials/lib/python3.10/site-packages'
[1228.426s] [34mcolcon.colcon_core.environment[0m [1;30mLevel 1[0m checking '/home/ziad/Ziad_WS/ROS2/ziad_ws/install/moveit2_tutorials/bin'
[1228.427s] [34mcolcon.colcon_core.shell[0m [1;30mINFO[0m Creating package script '/home/ziad/Ziad_WS/ROS2/ziad_ws/install/moveit2_tutorials/share/moveit2_tutorials/package.ps1'
[1228.428s] [34mcolcon.colcon_core.shell[0m [1;30mINFO[0m Creating package descriptor '/home/ziad/Ziad_WS/ROS2/ziad_ws/install/moveit2_tutorials/share/moveit2_tutorials/package.dsv'
[1228.436s] [34mcolcon.colcon_core.shell[0m [1;30mINFO[0m Creating package script '/home/ziad/Ziad_WS/ROS2/ziad_ws/install/moveit2_tutorials/share/moveit2_tutorials/package.sh'
[1228.437s] [34mcolcon.colcon_core.shell[0m [1;30mINFO[0m Creating package script '/home/ziad/Ziad_WS/ROS2/ziad_ws/install/moveit2_tutorials/share/moveit2_tutorials/package.bash'
[1228.438s] [34mcolcon.colcon_core.shell[0m [1;30mINFO[0m Creating package script '/home/ziad/Ziad_WS/ROS2/ziad_ws/install/moveit2_tutorials/share/moveit2_tutorials/package.zsh'
[1228.439s] [34mcolcon.colcon_core.environment[0m [1;30mLevel 1[0m create_file_with_runtime_dependencies(/home/ziad/Ziad_WS/ROS2/ziad_ws/install/moveit2_tutorials/share/colcon-core/packages/moveit2_tutorials)
[1248.810s] [34mcolcon.colcon_core.event_handler.log_command[0m [1;30mDEBUG[0m [32mInvoked command in '/home/ziad/Ziad_WS/ROS2/ziad_ws/build/moveit_task_constructor_visualization' returned '0': AMENT_PREFIX_PATH=/home/ziad/Ziad_WS/ROS2/ziad_ws/install/moveit_task_constructor_core:/home/ziad/Ziad_WS/ROS2/ziad_ws/install/rviz_marker_tools:/home/ziad/Ziad_WS/ROS2/ziad_ws/install/moveit_task_constructor_msgs:${AMENT_PREFIX_PATH} CMAKE_MODULE_PATH=/home/ziad/Ziad_WS/ROS2/ziad_ws/install/moveit_task_constructor_core/share/moveit_task_constructor_core/cmake CMAKE_PREFIX_PATH=/home/ziad/Ziad_WS/ROS2/ziad_ws/install/moveit_task_constructor_core:/home/ziad/Ziad_WS/ROS2/ziad_ws/install/rviz_marker_tools:/home/ziad/Ziad_WS/ROS2/ziad_ws/install/moveit_task_constructor_msgs:/home/ziad/Ziad_WS/ROS2/ziad_ws/install/move_program:/home/ziad/Ziad_WS/ROS2/ziad_ws/install/custom_turtleBot3:/home/ziad/Ziad_WS/ROS2/ziad_ws/install/custom_panda_controller:/home/ziad/Ziad_WS/ROS2/ziad_ws/install/bt_demo:/opt/ros/humble LD_LIBRARY_PATH=/home/ziad/Ziad_WS/ROS2/ziad_ws/install/moveit_task_constructor_core/lib:/home/ziad/Ziad_WS/ROS2/ziad_ws/install/rviz_marker_tools/lib:/home/ziad/Ziad_WS/ROS2/ziad_ws/install/moveit_task_constructor_msgs/lib:/usr/lib/x86_64-linux-gnu/gazebo-11/plugins:/opt/ros/humble/opt/rviz_ogre_vendor/lib:/opt/ros/humble/lib/x86_64-linux-gnu:/opt/ros/humble/lib:/usr/lib/x86_64-linux-gnu/gazebo-11/plugins PYTHONPATH=/home/ziad/Ziad_WS/ROS2/ziad_ws/install/moveit_task_constructor_core/local/lib/python3.10/dist-packages:/home/ziad/Ziad_WS/ROS2/ziad_ws/install/moveit_task_constructor_msgs/local/lib/python3.10/dist-packages:${PYTHONPATH} /usr/bin/cmake --build /home/ziad/Ziad_WS/ROS2/ziad_ws/build/moveit_task_constructor_visualization -- -j4 -l4[0m
[1248.820s] [34mcolcon.colcon_core.event_handler.log_command[0m [1;30mDEBUG[0m [32mInvoking command in '/home/ziad/Ziad_WS/ROS2/ziad_ws/build/moveit_task_constructor_visualization': AMENT_PREFIX_PATH=/home/ziad/Ziad_WS/ROS2/ziad_ws/install/moveit_task_constructor_core:/home/ziad/Ziad_WS/ROS2/ziad_ws/install/rviz_marker_tools:/home/ziad/Ziad_WS/ROS2/ziad_ws/install/moveit_task_constructor_msgs:${AMENT_PREFIX_PATH} CMAKE_MODULE_PATH=/home/ziad/Ziad_WS/ROS2/ziad_ws/install/moveit_task_constructor_core/share/moveit_task_constructor_core/cmake CMAKE_PREFIX_PATH=/home/ziad/Ziad_WS/ROS2/ziad_ws/install/moveit_task_constructor_core:/home/ziad/Ziad_WS/ROS2/ziad_ws/install/rviz_marker_tools:/home/ziad/Ziad_WS/ROS2/ziad_ws/install/moveit_task_constructor_msgs:/home/ziad/Ziad_WS/ROS2/ziad_ws/install/move_program:/home/ziad/Ziad_WS/ROS2/ziad_ws/install/custom_turtleBot3:/home/ziad/Ziad_WS/ROS2/ziad_ws/install/custom_panda_controller:/home/ziad/Ziad_WS/ROS2/ziad_ws/install/bt_demo:/opt/ros/humble LD_LIBRARY_PATH=/home/ziad/Ziad_WS/ROS2/ziad_ws/install/moveit_task_constructor_core/lib:/home/ziad/Ziad_WS/ROS2/ziad_ws/install/rviz_marker_tools/lib:/home/ziad/Ziad_WS/ROS2/ziad_ws/install/moveit_task_constructor_msgs/lib:/usr/lib/x86_64-linux-gnu/gazebo-11/plugins:/opt/ros/humble/opt/rviz_ogre_vendor/lib:/opt/ros/humble/lib/x86_64-linux-gnu:/opt/ros/humble/lib:/usr/lib/x86_64-linux-gnu/gazebo-11/plugins PYTHONPATH=/home/ziad/Ziad_WS/ROS2/ziad_ws/install/moveit_task_constructor_core/local/lib/python3.10/dist-packages:/home/ziad/Ziad_WS/ROS2/ziad_ws/install/moveit_task_constructor_msgs/local/lib/python3.10/dist-packages:${PYTHONPATH} /usr/bin/cmake --install /home/ziad/Ziad_WS/ROS2/ziad_ws/build/moveit_task_constructor_visualization[0m
[1249.261s] [34mcolcon.colcon_core.environment[0m [1;30mLevel 1[0m create_environment_scripts_only(moveit_task_constructor_visualization)
[1249.262s] [34mcolcon.colcon_core.environment[0m [1;30mLevel 1[0m checking '/home/ziad/Ziad_WS/ROS2/ziad_ws/install/moveit_task_constructor_visualization' for CMake module files
[1249.263s] [34mcolcon.colcon_core.event_handler.log_command[0m [1;30mDEBUG[0m [32mInvoked command in '/home/ziad/Ziad_WS/ROS2/ziad_ws/build/moveit_task_constructor_visualization' returned '0': AMENT_PREFIX_PATH=/home/ziad/Ziad_WS/ROS2/ziad_ws/install/moveit_task_constructor_core:/home/ziad/Ziad_WS/ROS2/ziad_ws/install/rviz_marker_tools:/home/ziad/Ziad_WS/ROS2/ziad_ws/install/moveit_task_constructor_msgs:${AMENT_PREFIX_PATH} CMAKE_MODULE_PATH=/home/ziad/Ziad_WS/ROS2/ziad_ws/install/moveit_task_constructor_core/share/moveit_task_constructor_core/cmake CMAKE_PREFIX_PATH=/home/ziad/Ziad_WS/ROS2/ziad_ws/install/moveit_task_constructor_core:/home/ziad/Ziad_WS/ROS2/ziad_ws/install/rviz_marker_tools:/home/ziad/Ziad_WS/ROS2/ziad_ws/install/moveit_task_constructor_msgs:/home/ziad/Ziad_WS/ROS2/ziad_ws/install/move_program:/home/ziad/Ziad_WS/ROS2/ziad_ws/install/custom_turtleBot3:/home/ziad/Ziad_WS/ROS2/ziad_ws/install/custom_panda_controller:/home/ziad/Ziad_WS/ROS2/ziad_ws/install/bt_demo:/opt/ros/humble LD_LIBRARY_PATH=/home/ziad/Ziad_WS/ROS2/ziad_ws/install/moveit_task_constructor_core/lib:/home/ziad/Ziad_WS/ROS2/ziad_ws/install/rviz_marker_tools/lib:/home/ziad/Ziad_WS/ROS2/ziad_ws/install/moveit_task_constructor_msgs/lib:/usr/lib/x86_64-linux-gnu/gazebo-11/plugins:/opt/ros/humble/opt/rviz_ogre_vendor/lib:/opt/ros/humble/lib/x86_64-linux-gnu:/opt/ros/humble/lib:/usr/lib/x86_64-linux-gnu/gazebo-11/plugins PYTHONPATH=/home/ziad/Ziad_WS/ROS2/ziad_ws/install/moveit_task_constructor_core/local/lib/python3.10/dist-packages:/home/ziad/Ziad_WS/ROS2/ziad_ws/install/moveit_task_constructor_msgs/local/lib/python3.10/dist-packages:${PYTHONPATH} /usr/bin/cmake --install /home/ziad/Ziad_WS/ROS2/ziad_ws/build/moveit_task_constructor_visualization[0m
[1249.265s] [34mcolcon.colcon_core.environment[0m [1;30mLevel 1[0m checking '/home/ziad/Ziad_WS/ROS2/ziad_ws/install/moveit_task_constructor_visualization' for CMake config files
[1249.265s] [34mcolcon.colcon_core.shell[0m [1;30mLevel 1[0m create_environment_hook('moveit_task_constructor_visualization', 'cmake_prefix_path')
[1249.266s] [34mcolcon.colcon_core.shell[0m [1;30mINFO[0m Creating environment hook '/home/ziad/Ziad_WS/ROS2/ziad_ws/install/moveit_task_constructor_visualization/share/moveit_task_constructor_visualization/hook/cmake_prefix_path.ps1'
[1249.267s] [34mcolcon.colcon_core.shell[0m [1;30mINFO[0m Creating environment descriptor '/home/ziad/Ziad_WS/ROS2/ziad_ws/install/moveit_task_constructor_visualization/share/moveit_task_constructor_visualization/hook/cmake_prefix_path.dsv'
[1249.267s] [34mcolcon.colcon_core.shell[0m [1;30mINFO[0m Creating environment hook '/home/ziad/Ziad_WS/ROS2/ziad_ws/install/moveit_task_constructor_visualization/share/moveit_task_constructor_visualization/hook/cmake_prefix_path.sh'
[1249.275s] [34mcolcon.colcon_core.environment[0m [1;30mLevel 1[0m checking '/home/ziad/Ziad_WS/ROS2/ziad_ws/install/moveit_task_constructor_visualization/lib'
[1249.277s] [34mcolcon.colcon_core.shell[0m [1;30mLevel 1[0m create_environment_hook('moveit_task_constructor_visualization', 'ld_library_path_lib')
[1249.289s] [34mcolcon.colcon_core.shell[0m [1;30mINFO[0m Creating environment hook '/home/ziad/Ziad_WS/ROS2/ziad_ws/install/moveit_task_constructor_visualization/share/moveit_task_constructor_visualization/hook/ld_library_path_lib.ps1'
[1249.289s] [34mcolcon.colcon_core.shell[0m [1;30mINFO[0m Creating environment descriptor '/home/ziad/Ziad_WS/ROS2/ziad_ws/install/moveit_task_constructor_visualization/share/moveit_task_constructor_visualization/hook/ld_library_path_lib.dsv'
[1249.290s] [34mcolcon.colcon_core.shell[0m [1;30mINFO[0m Creating environment hook '/home/ziad/Ziad_WS/ROS2/ziad_ws/install/moveit_task_constructor_visualization/share/moveit_task_constructor_visualization/hook/ld_library_path_lib.sh'
[1249.291s] [34mcolcon.colcon_core.environment[0m [1;30mLevel 1[0m checking '/home/ziad/Ziad_WS/ROS2/ziad_ws/install/moveit_task_constructor_visualization/bin'
[1249.291s] [34mcolcon.colcon_core.environment[0m [1;30mLevel 1[0m checking '/home/ziad/Ziad_WS/ROS2/ziad_ws/install/moveit_task_constructor_visualization/lib/pkgconfig/moveit_task_constructor_visualization.pc'
[1249.291s] [34mcolcon.colcon_core.environment[0m [1;30mLevel 1[0m checking '/home/ziad/Ziad_WS/ROS2/ziad_ws/install/moveit_task_constructor_visualization/lib/python3.10/site-packages'
[1249.292s] [34mcolcon.colcon_core.environment[0m [1;30mLevel 1[0m checking '/home/ziad/Ziad_WS/ROS2/ziad_ws/install/moveit_task_constructor_visualization/bin'
[1249.292s] [34mcolcon.colcon_core.shell[0m [1;30mINFO[0m Creating package script '/home/ziad/Ziad_WS/ROS2/ziad_ws/install/moveit_task_constructor_visualization/share/moveit_task_constructor_visualization/package.ps1'
[1249.294s] [34mcolcon.colcon_core.shell[0m [1;30mINFO[0m Creating package descriptor '/home/ziad/Ziad_WS/ROS2/ziad_ws/install/moveit_task_constructor_visualization/share/moveit_task_constructor_visualization/package.dsv'
[1249.295s] [34mcolcon.colcon_core.shell[0m [1;30mINFO[0m Creating package script '/home/ziad/Ziad_WS/ROS2/ziad_ws/install/moveit_task_constructor_visualization/share/moveit_task_constructor_visualization/package.sh'
[1249.296s] [34mcolcon.colcon_core.shell[0m [1;30mINFO[0m Creating package script '/home/ziad/Ziad_WS/ROS2/ziad_ws/install/moveit_task_constructor_visualization/share/moveit_task_constructor_visualization/package.bash'
[1249.297s] [34mcolcon.colcon_core.shell[0m [1;30mINFO[0m Creating package script '/home/ziad/Ziad_WS/ROS2/ziad_ws/install/moveit_task_constructor_visualization/share/moveit_task_constructor_visualization/package.zsh'
[1249.298s] [34mcolcon.colcon_core.environment[0m [1;30mLevel 1[0m create_file_with_runtime_dependencies(/home/ziad/Ziad_WS/ROS2/ziad_ws/install/moveit_task_constructor_visualization/share/colcon-core/packages/moveit_task_constructor_visualization)
[1249.300s] [34mcolcon.colcon_core.environment[0m [1;30mLevel 1[0m create_environment_scripts_only(moveit_task_constructor_visualization)
[1249.301s] [34mcolcon.colcon_core.environment[0m [1;30mLevel 1[0m checking '/home/ziad/Ziad_WS/ROS2/ziad_ws/install/moveit_task_constructor_visualization' for CMake module files
[1249.302s] [34mcolcon.colcon_core.environment[0m [1;30mLevel 1[0m checking '/home/ziad/Ziad_WS/ROS2/ziad_ws/install/moveit_task_constructor_visualization' for CMake config files
[1249.303s] [34mcolcon.colcon_core.shell[0m [1;30mLevel 1[0m create_environment_hook('moveit_task_constructor_visualization', 'cmake_prefix_path')
[1249.303s] [34mcolcon.colcon_core.shell[0m [1;30mINFO[0m Creating environment hook '/home/ziad/Ziad_WS/ROS2/ziad_ws/install/moveit_task_constructor_visualization/share/moveit_task_constructor_visualization/hook/cmake_prefix_path.ps1'
[1249.304s] [34mcolcon.colcon_core.shell[0m [1;30mINFO[0m Creating environment descriptor '/home/ziad/Ziad_WS/ROS2/ziad_ws/install/moveit_task_constructor_visualization/share/moveit_task_constructor_visualization/hook/cmake_prefix_path.dsv'
[1249.305s] [34mcolcon.colcon_core.shell[0m [1;30mINFO[0m Creating environment hook '/home/ziad/Ziad_WS/ROS2/ziad_ws/install/moveit_task_constructor_visualization/share/moveit_task_constructor_visualization/hook/cmake_prefix_path.sh'
[1249.306s] [34mcolcon.colcon_core.environment[0m [1;30mLevel 1[0m checking '/home/ziad/Ziad_WS/ROS2/ziad_ws/install/moveit_task_constructor_visualization/lib'
[1249.306s] [34mcolcon.colcon_core.shell[0m [1;30mLevel 1[0m create_environment_hook('moveit_task_constructor_visualization', 'ld_library_path_lib')
[1249.307s] [34mcolcon.colcon_core.shell[0m [1;30mINFO[0m Creating environment hook '/home/ziad/Ziad_WS/ROS2/ziad_ws/install/moveit_task_constructor_visualization/share/moveit_task_constructor_visualization/hook/ld_library_path_lib.ps1'
[1249.307s] [34mcolcon.colcon_core.shell[0m [1;30mINFO[0m Creating environment descriptor '/home/ziad/Ziad_WS/ROS2/ziad_ws/install/moveit_task_constructor_visualization/share/moveit_task_constructor_visualization/hook/ld_library_path_lib.dsv'
[1249.308s] [34mcolcon.colcon_core.shell[0m [1;30mINFO[0m Creating environment hook '/home/ziad/Ziad_WS/ROS2/ziad_ws/install/moveit_task_constructor_visualization/share/moveit_task_constructor_visualization/hook/ld_library_path_lib.sh'
[1249.308s] [34mcolcon.colcon_core.environment[0m [1;30mLevel 1[0m checking '/home/ziad/Ziad_WS/ROS2/ziad_ws/install/moveit_task_constructor_visualization/bin'
[1249.309s] [34mcolcon.colcon_core.environment[0m [1;30mLevel 1[0m checking '/home/ziad/Ziad_WS/ROS2/ziad_ws/install/moveit_task_constructor_visualization/lib/pkgconfig/moveit_task_constructor_visualization.pc'
[1249.309s] [34mcolcon.colcon_core.environment[0m [1;30mLevel 1[0m checking '/home/ziad/Ziad_WS/ROS2/ziad_ws/install/moveit_task_constructor_visualization/lib/python3.10/site-packages'
[1249.309s] [34mcolcon.colcon_core.environment[0m [1;30mLevel 1[0m checking '/home/ziad/Ziad_WS/ROS2/ziad_ws/install/moveit_task_constructor_visualization/bin'
[1249.310s] [34mcolcon.colcon_core.shell[0m [1;30mINFO[0m Creating package script '/home/ziad/Ziad_WS/ROS2/ziad_ws/install/moveit_task_constructor_visualization/share/moveit_task_constructor_visualization/package.ps1'
[1249.311s] [34mcolcon.colcon_core.shell[0m [1;30mINFO[0m Creating package descriptor '/home/ziad/Ziad_WS/ROS2/ziad_ws/install/moveit_task_constructor_visualization/share/moveit_task_constructor_visualization/package.dsv'
[1249.311s] [34mcolcon.colcon_core.shell[0m [1;30mINFO[0m Creating package script '/home/ziad/Ziad_WS/ROS2/ziad_ws/install/moveit_task_constructor_visualization/share/moveit_task_constructor_visualization/package.sh'
[1249.312s] [34mcolcon.colcon_core.shell[0m [1;30mINFO[0m Creating package script '/home/ziad/Ziad_WS/ROS2/ziad_ws/install/moveit_task_constructor_visualization/share/moveit_task_constructor_visualization/package.bash'
[1249.313s] [34mcolcon.colcon_core.shell[0m [1;30mINFO[0m Creating package script '/home/ziad/Ziad_WS/ROS2/ziad_ws/install/moveit_task_constructor_visualization/share/moveit_task_constructor_visualization/package.zsh'
[1249.314s] [34mcolcon.colcon_core.environment[0m [1;30mLevel 1[0m create_file_with_runtime_dependencies(/home/ziad/Ziad_WS/ROS2/ziad_ws/install/moveit_task_constructor_visualization/share/colcon-core/packages/moveit_task_constructor_visualization)
[1249.317s] [34mcolcon.colcon_parallel_executor.executor.parallel[0m [1;30mDEBUG[0m [32mclosing loop[0m
[1249.321s] [34mcolcon.colcon_parallel_executor.executor.parallel[0m [1;30mDEBUG[0m [32mloop closed[0m
[1249.322s] [34mcolcon.colcon_parallel_executor.executor.parallel[0m [1;30mDEBUG[0m [32mrun_until_complete finished with '0'[0m
[1249.324s] [34mcolcon.colcon_core.event_reactor[0m [1;30mDEBUG[0m [32mjoining thread[0m
[1249.459s] [34mcolcon.colcon_core.plugin_system[0m [1;30mINFO[0m Skipping extension 'colcon_notification.desktop_notification.terminal_notifier': Not used on non-Darwin systems
[1249.460s] [34mcolcon.colcon_core.plugin_system[0m [1;30mINFO[0m Skipping extension 'colcon_notification.desktop_notification.win32': Not used on non-Windows systems
[1249.466s] [34mcolcon.colcon_notification.desktop_notification[0m [1;30mINFO[0m Sending desktop notification using 'notify2'
[1249.775s] [34mcolcon.colcon_core.event_reactor[0m [1;30mDEBUG[0m [32mjoined thread[0m
[1249.778s] [34mcolcon.colcon_core.shell[0m [1;30mINFO[0m Creating prefix script '/home/ziad/Ziad_WS/ROS2/ziad_ws/install/local_setup.ps1'
[1249.782s] [34mcolcon.colcon_core.shell[0m [1;30mINFO[0m Creating prefix util module '/home/ziad/Ziad_WS/ROS2/ziad_ws/install/_local_setup_util_ps1.py'
[1249.790s] [34mcolcon.colcon_core.shell[0m [1;30mINFO[0m Creating prefix chain script '/home/ziad/Ziad_WS/ROS2/ziad_ws/install/setup.ps1'
[1249.795s] [34mcolcon.colcon_core.shell[0m [1;30mINFO[0m Creating prefix script '/home/ziad/Ziad_WS/ROS2/ziad_ws/install/local_setup.sh'
[1249.796s] [34mcolcon.colcon_core.shell[0m [1;30mINFO[0m Creating prefix util module '/home/ziad/Ziad_WS/ROS2/ziad_ws/install/_local_setup_util_sh.py'
[1249.797s] [34mcolcon.colcon_core.shell[0m [1;30mINFO[0m Creating prefix chain script '/home/ziad/Ziad_WS/ROS2/ziad_ws/install/setup.sh'
[1249.799s] [34mcolcon.colcon_core.shell[0m [1;30mINFO[0m Creating prefix script '/home/ziad/Ziad_WS/ROS2/ziad_ws/install/local_setup.bash'
[1249.800s] [34mcolcon.colcon_core.shell[0m [1;30mINFO[0m Creating prefix chain script '/home/ziad/Ziad_WS/ROS2/ziad_ws/install/setup.bash'
[1249.802s] [34mcolcon.colcon_core.shell[0m [1;30mINFO[0m Creating prefix script '/home/ziad/Ziad_WS/ROS2/ziad_ws/install/local_setup.zsh'
[1249.803s] [34mcolcon.colcon_core.shell[0m [1;30mINFO[0m Creating prefix chain script '/home/ziad/Ziad_WS/ROS2/ziad_ws/install/setup.zsh'
