[0.063s] Invoking command in '/home/ziad/ziad_ws/ROS2/work_space/build/yahboom_rosmaster_gazebo': CMAKE_PREFIX_PATH=${CMAKE_PREFIX_PATH}:/home/ziad/ziad_ws/ROS2/turtlebot3_ws/install/turtlebot3_teleop:/home/ziad/ziad_ws/ROS2/turtlebot3_ws/install/turtlebot3_example:/opt/ros/jazzy DEBUGINFOD_URLS=https://debuginfod.ubuntu.com /usr/bin/cmake --build /home/ziad/ziad_ws/ROS2/work_space/build/yahboom_rosmaster_gazebo -- -j4 -l4
[0.435s] Invoked command in '/home/ziad/ziad_ws/ROS2/work_space/build/yahboom_rosmaster_gazebo' returned '0': CMAKE_PREFIX_PATH=${CMAKE_PREFIX_PATH}:/home/ziad/ziad_ws/ROS2/turtlebot3_ws/install/turtlebot3_teleop:/home/ziad/ziad_ws/ROS2/turtlebot3_ws/install/turtlebot3_example:/opt/ros/jazzy DEBUGINFOD_URLS=https://debuginfod.ubuntu.com /usr/bin/cmake --build /home/ziad/ziad_ws/ROS2/work_space/build/yahboom_rosmaster_gazebo -- -j4 -l4
[0.445s] Invoking command in '/home/ziad/ziad_ws/ROS2/work_space/build/yahboom_rosmaster_gazebo': CMAKE_PREFIX_PATH=${CMAKE_PREFIX_PATH}:/home/ziad/ziad_ws/ROS2/turtlebot3_ws/install/turtlebot3_teleop:/home/ziad/ziad_ws/ROS2/turtlebot3_ws/install/turtlebot3_example:/opt/ros/jazzy DEBUGINFOD_URLS=https://debuginfod.ubuntu.com /usr/bin/cmake --install /home/ziad/ziad_ws/ROS2/work_space/build/yahboom_rosmaster_gazebo
[0.461s] -- Install configuration: ""
[0.462s] -- Execute custom install script
[0.469s] -- Up-to-date symlink: /home/ziad/ziad_ws/ROS2/work_space/install/yahboom_rosmaster_gazebo/share/yahboom_rosmaster_gazebo/config/ros_gz_bridge.yaml
[0.478s] -- Up-to-date symlink: /home/ziad/ziad_ws/ROS2/work_space/install/yahboom_rosmaster_gazebo/share/yahboom_rosmaster_gazebo/launch/yahboom_rosmaster.gazebo.launch.py
[1.115s] -- Up-to-date symlink: /home/ziad/ziad_ws/ROS2/work_space/install/yahboom_rosmaster_gazebo/share/yahboom_rosmaster_gazebo/models/Apriltag36_11_00000/materials/textures/tag36_11_00000.png
[1.123s] -- Up-to-date symlink: /home/ziad/ziad_ws/ROS2/work_space/install/yahboom_rosmaster_gazebo/share/yahboom_rosmaster_gazebo/models/Apriltag36_11_00000/meshes/tag36_11_00000.dae
[1.123s] -- Up-to-date symlink: /home/ziad/ziad_ws/ROS2/work_space/install/yahboom_rosmaster_gazebo/share/yahboom_rosmaster_gazebo/models/Apriltag36_11_00000/model.config
[1.123s] -- Up-to-date symlink: /home/ziad/ziad_ws/ROS2/work_space/install/yahboom_rosmaster_gazebo/share/yahboom_rosmaster_gazebo/models/Apriltag36_11_00000/model.sdf
[1.137s] -- Up-to-date symlink: /home/ziad/ziad_ws/ROS2/work_space/install/yahboom_rosmaster_gazebo/share/yahboom_rosmaster_gazebo/models/aws_robomaker_residential_AirconditionerA_01/materials/textures/aws_AirconditionerA_01.png
[1.140s] -- Up-to-date symlink: /home/ziad/ziad_ws/ROS2/work_space/install/yahboom_rosmaster_gazebo/share/yahboom_rosmaster_gazebo/models/aws_robomaker_residential_AirconditionerA_01/meshes/aws_AirconditionerA_01_collision.DAE
[1.145s] -- Up-to-date symlink: /home/ziad/ziad_ws/ROS2/work_space/install/yahboom_rosmaster_gazebo/share/yahboom_rosmaster_gazebo/models/aws_robomaker_residential_AirconditionerA_01/meshes/aws_AirconditionerA_01_visual.DAE
[1.146s] -- Up-to-date symlink: /home/ziad/ziad_ws/ROS2/work_space/install/yahboom_rosmaster_gazebo/share/yahboom_rosmaster_gazebo/models/aws_robomaker_residential_AirconditionerA_01/model.config
[1.146s] -- Up-to-date symlink: /home/ziad/ziad_ws/ROS2/work_space/install/yahboom_rosmaster_gazebo/share/yahboom_rosmaster_gazebo/models/aws_robomaker_residential_AirconditionerA_01/model.sdf
[1.158s] -- Up-to-date symlink: /home/ziad/ziad_ws/ROS2/work_space/install/yahboom_rosmaster_gazebo/share/yahboom_rosmaster_gazebo/models/aws_robomaker_residential_AirconditionerB_01/materials/textures/aws_AirconditionerB_01.png
[1.164s] -- Up-to-date symlink: /home/ziad/ziad_ws/ROS2/work_space/install/yahboom_rosmaster_gazebo/share/yahboom_rosmaster_gazebo/models/aws_robomaker_residential_AirconditionerB_01/meshes/aws_AirconditionerB_01_collision.DAE
[1.170s] -- Up-to-date symlink: /home/ziad/ziad_ws/ROS2/work_space/install/yahboom_rosmaster_gazebo/share/yahboom_rosmaster_gazebo/models/aws_robomaker_residential_AirconditionerB_01/meshes/aws_AirconditionerB_01_visual.DAE
[1.170s] -- Up-to-date symlink: /home/ziad/ziad_ws/ROS2/work_space/install/yahboom_rosmaster_gazebo/share/yahboom_rosmaster_gazebo/models/aws_robomaker_residential_AirconditionerB_01/model.config
[1.178s] -- Up-to-date symlink: /home/ziad/ziad_ws/ROS2/work_space/install/yahboom_rosmaster_gazebo/share/yahboom_rosmaster_gazebo/models/aws_robomaker_residential_AirconditionerB_01/model.sdf
[1.182s] -- Up-to-date symlink: /home/ziad/ziad_ws/ROS2/work_space/install/yahboom_rosmaster_gazebo/share/yahboom_rosmaster_gazebo/models/aws_robomaker_residential_BalconyTable_01/materials/textures/aws_BalconyTable_01.png
[1.188s] -- Up-to-date symlink: /home/ziad/ziad_ws/ROS2/work_space/install/yahboom_rosmaster_gazebo/share/yahboom_rosmaster_gazebo/models/aws_robomaker_residential_BalconyTable_01/meshes/aws_BalconyTable_01_collision.DAE
[1.190s] -- Up-to-date symlink: /home/ziad/ziad_ws/ROS2/work_space/install/yahboom_rosmaster_gazebo/share/yahboom_rosmaster_gazebo/models/aws_robomaker_residential_BalconyTable_01/meshes/aws_BalconyTable_01_visual.DAE
[1.193s] -- Up-to-date symlink: /home/ziad/ziad_ws/ROS2/work_space/install/yahboom_rosmaster_gazebo/share/yahboom_rosmaster_gazebo/models/aws_robomaker_residential_BalconyTable_01/model.config
[1.199s] -- Up-to-date symlink: /home/ziad/ziad_ws/ROS2/work_space/install/yahboom_rosmaster_gazebo/share/yahboom_rosmaster_gazebo/models/aws_robomaker_residential_BalconyTable_01/model.sdf
[1.202s] -- Up-to-date symlink: /home/ziad/ziad_ws/ROS2/work_space/install/yahboom_rosmaster_gazebo/share/yahboom_rosmaster_gazebo/models/aws_robomaker_residential_Ball_01/materials/textures/aws_Ball_01.png
[1.202s] -- Up-to-date symlink: /home/ziad/ziad_ws/ROS2/work_space/install/yahboom_rosmaster_gazebo/share/yahboom_rosmaster_gazebo/models/aws_robomaker_residential_Ball_01/meshes/aws_Ball_01_collision.DAE
[1.207s] -- Up-to-date symlink: /home/ziad/ziad_ws/ROS2/work_space/install/yahboom_rosmaster_gazebo/share/yahboom_rosmaster_gazebo/models/aws_robomaker_residential_Ball_01/meshes/aws_Ball_01_visual.DAE
[1.209s] -- Up-to-date symlink: /home/ziad/ziad_ws/ROS2/work_space/install/yahboom_rosmaster_gazebo/share/yahboom_rosmaster_gazebo/models/aws_robomaker_residential_Ball_01/model.config
[1.209s] -- Up-to-date symlink: /home/ziad/ziad_ws/ROS2/work_space/install/yahboom_rosmaster_gazebo/share/yahboom_rosmaster_gazebo/models/aws_robomaker_residential_Ball_01/model.sdf
[1.216s] -- Up-to-date symlink: /home/ziad/ziad_ws/ROS2/work_space/install/yahboom_rosmaster_gazebo/share/yahboom_rosmaster_gazebo/models/aws_robomaker_residential_Bed_01/materials/textures/aws_BedA_01.png
[1.218s] -- Up-to-date symlink: /home/ziad/ziad_ws/ROS2/work_space/install/yahboom_rosmaster_gazebo/share/yahboom_rosmaster_gazebo/models/aws_robomaker_residential_Bed_01/materials/textures/aws_BedB_01.png
[1.223s] -- Up-to-date symlink: /home/ziad/ziad_ws/ROS2/work_space/install/yahboom_rosmaster_gazebo/share/yahboom_rosmaster_gazebo/models/aws_robomaker_residential_Bed_01/materials/textures/aws_BedC_01.png
[1.224s] -- Up-to-date symlink: /home/ziad/ziad_ws/ROS2/work_space/install/yahboom_rosmaster_gazebo/share/yahboom_rosmaster_gazebo/models/aws_robomaker_residential_Bed_01/materials/textures/aws_Bed_01.png
[1.227s] -- Up-to-date symlink: /home/ziad/ziad_ws/ROS2/work_space/install/yahboom_rosmaster_gazebo/share/yahboom_rosmaster_gazebo/models/aws_robomaker_residential_Bed_01/meshes/aws_Bed_01_collision.DAE
[1.229s] -- Up-to-date symlink: /home/ziad/ziad_ws/ROS2/work_space/install/yahboom_rosmaster_gazebo/share/yahboom_rosmaster_gazebo/models/aws_robomaker_residential_Bed_01/meshes/aws_Bed_01_visual.DAE
[1.234s] -- Up-to-date symlink: /home/ziad/ziad_ws/ROS2/work_space/install/yahboom_rosmaster_gazebo/share/yahboom_rosmaster_gazebo/models/aws_robomaker_residential_Bed_01/model.config
[1.239s] -- Up-to-date symlink: /home/ziad/ziad_ws/ROS2/work_space/install/yahboom_rosmaster_gazebo/share/yahboom_rosmaster_gazebo/models/aws_robomaker_residential_Bed_01/model.sdf
[1.241s] -- Up-to-date symlink: /home/ziad/ziad_ws/ROS2/work_space/install/yahboom_rosmaster_gazebo/share/yahboom_rosmaster_gazebo/models/aws_robomaker_residential_Board_01/materials/textures/aws_Board_01.png
[1.247s] -- Up-to-date symlink: /home/ziad/ziad_ws/ROS2/work_space/install/yahboom_rosmaster_gazebo/share/yahboom_rosmaster_gazebo/models/aws_robomaker_residential_Board_01/meshes/aws_Board_01_collision.DAE
[1.248s] -- Up-to-date symlink: /home/ziad/ziad_ws/ROS2/work_space/install/yahboom_rosmaster_gazebo/share/yahboom_rosmaster_gazebo/models/aws_robomaker_residential_Board_01/meshes/aws_Board_01_visual.DAE
[1.249s] -- Up-to-date symlink: /home/ziad/ziad_ws/ROS2/work_space/install/yahboom_rosmaster_gazebo/share/yahboom_rosmaster_gazebo/models/aws_robomaker_residential_Board_01/model.config
[1.250s] -- Up-to-date symlink: /home/ziad/ziad_ws/ROS2/work_space/install/yahboom_rosmaster_gazebo/share/yahboom_rosmaster_gazebo/models/aws_robomaker_residential_Board_01/model.sdf
[1.258s] -- Up-to-date symlink: /home/ziad/ziad_ws/ROS2/work_space/install/yahboom_rosmaster_gazebo/share/yahboom_rosmaster_gazebo/models/aws_robomaker_residential_Carpet_01/materials/textures/aws_Carpet_01.png
[1.266s] -- Up-to-date symlink: /home/ziad/ziad_ws/ROS2/work_space/install/yahboom_rosmaster_gazebo/share/yahboom_rosmaster_gazebo/models/aws_robomaker_residential_Carpet_01/meshes/aws_Carpet_01_collision.DAE
[1.266s] -- Up-to-date symlink: /home/ziad/ziad_ws/ROS2/work_space/install/yahboom_rosmaster_gazebo/share/yahboom_rosmaster_gazebo/models/aws_robomaker_residential_Carpet_01/meshes/aws_Carpet_01_visual.DAE
[1.266s] -- Up-to-date symlink: /home/ziad/ziad_ws/ROS2/work_space/install/yahboom_rosmaster_gazebo/share/yahboom_rosmaster_gazebo/models/aws_robomaker_residential_Carpet_01/model.config
[1.267s] -- Up-to-date symlink: /home/ziad/ziad_ws/ROS2/work_space/install/yahboom_rosmaster_gazebo/share/yahboom_rosmaster_gazebo/models/aws_robomaker_residential_Carpet_01/model.sdf
[1.275s] -- Up-to-date symlink: /home/ziad/ziad_ws/ROS2/work_space/install/yahboom_rosmaster_gazebo/share/yahboom_rosmaster_gazebo/models/aws_robomaker_residential_ChairA_01/materials/textures/aws_ChairA_01.png
[1.275s] -- Up-to-date symlink: /home/ziad/ziad_ws/ROS2/work_space/install/yahboom_rosmaster_gazebo/share/yahboom_rosmaster_gazebo/models/aws_robomaker_residential_ChairA_01/meshes/aws_ChairA_01_collision.DAE
[1.276s] -- Up-to-date symlink: /home/ziad/ziad_ws/ROS2/work_space/install/yahboom_rosmaster_gazebo/share/yahboom_rosmaster_gazebo/models/aws_robomaker_residential_ChairA_01/meshes/aws_ChairA_01_visual.DAE
[1.279s] -- Up-to-date symlink: /home/ziad/ziad_ws/ROS2/work_space/install/yahboom_rosmaster_gazebo/share/yahboom_rosmaster_gazebo/models/aws_robomaker_residential_ChairA_01/model.config
[1.279s] -- Up-to-date symlink: /home/ziad/ziad_ws/ROS2/work_space/install/yahboom_rosmaster_gazebo/share/yahboom_rosmaster_gazebo/models/aws_robomaker_residential_ChairA_01/model.sdf
[1.292s] -- Up-to-date symlink: /home/ziad/ziad_ws/ROS2/work_space/install/yahboom_rosmaster_gazebo/share/yahboom_rosmaster_gazebo/models/aws_robomaker_residential_ChairD_01/materials/textures/aws_ChairD_01.png
[1.293s] -- Up-to-date symlink: /home/ziad/ziad_ws/ROS2/work_space/install/yahboom_rosmaster_gazebo/share/yahboom_rosmaster_gazebo/models/aws_robomaker_residential_ChairD_01/meshes/aws_ChairD_01_collision.DAE
[1.293s] -- Up-to-date symlink: /home/ziad/ziad_ws/ROS2/work_space/install/yahboom_rosmaster_gazebo/share/yahboom_rosmaster_gazebo/models/aws_robomaker_residential_ChairD_01/meshes/aws_ChairD_01_visual.DAE
[1.299s] -- Up-to-date symlink: /home/ziad/ziad_ws/ROS2/work_space/install/yahboom_rosmaster_gazebo/share/yahboom_rosmaster_gazebo/models/aws_robomaker_residential_ChairD_01/model.config
[1.300s] -- Up-to-date symlink: /home/ziad/ziad_ws/ROS2/work_space/install/yahboom_rosmaster_gazebo/share/yahboom_rosmaster_gazebo/models/aws_robomaker_residential_ChairD_01/model.sdf
[1.309s] -- Up-to-date symlink: /home/ziad/ziad_ws/ROS2/work_space/install/yahboom_rosmaster_gazebo/share/yahboom_rosmaster_gazebo/models/aws_robomaker_residential_Chandelier_01/materials/textures/aws_Chandelier_01.png
[1.315s] -- Up-to-date symlink: /home/ziad/ziad_ws/ROS2/work_space/install/yahboom_rosmaster_gazebo/share/yahboom_rosmaster_gazebo/models/aws_robomaker_residential_Chandelier_01/meshes/aws_Chandelier_01.DAE
[1.321s] -- Up-to-date symlink: /home/ziad/ziad_ws/ROS2/work_space/install/yahboom_rosmaster_gazebo/share/yahboom_rosmaster_gazebo/models/aws_robomaker_residential_Chandelier_01/meshes/aws_Chandelier_01_collision.DAE
[1.322s] -- Up-to-date symlink: /home/ziad/ziad_ws/ROS2/work_space/install/yahboom_rosmaster_gazebo/share/yahboom_rosmaster_gazebo/models/aws_robomaker_residential_Chandelier_01/meshes/aws_Chandelier_01_visual.DAE
[1.327s] -- Up-to-date symlink: /home/ziad/ziad_ws/ROS2/work_space/install/yahboom_rosmaster_gazebo/share/yahboom_rosmaster_gazebo/models/aws_robomaker_residential_Chandelier_01/model.config
[1.334s] -- Up-to-date symlink: /home/ziad/ziad_ws/ROS2/work_space/install/yahboom_rosmaster_gazebo/share/yahboom_rosmaster_gazebo/models/aws_robomaker_residential_Chandelier_01/model.sdf
[1.341s] -- Up-to-date symlink: /home/ziad/ziad_ws/ROS2/work_space/install/yahboom_rosmaster_gazebo/share/yahboom_rosmaster_gazebo/models/aws_robomaker_residential_CoffeeTable_01/materials/textures/aws_CoffeeTable_01.png
[1.348s] -- Up-to-date symlink: /home/ziad/ziad_ws/ROS2/work_space/install/yahboom_rosmaster_gazebo/share/yahboom_rosmaster_gazebo/models/aws_robomaker_residential_CoffeeTable_01/meshes/aws_CoffeeTable_01_collision.DAE
[1.349s] -- Up-to-date symlink: /home/ziad/ziad_ws/ROS2/work_space/install/yahboom_rosmaster_gazebo/share/yahboom_rosmaster_gazebo/models/aws_robomaker_residential_CoffeeTable_01/meshes/aws_CoffeeTable_01_visual.DAE
[1.354s] -- Up-to-date symlink: /home/ziad/ziad_ws/ROS2/work_space/install/yahboom_rosmaster_gazebo/share/yahboom_rosmaster_gazebo/models/aws_robomaker_residential_CoffeeTable_01/model.config
[1.357s] -- Up-to-date symlink: /home/ziad/ziad_ws/ROS2/work_space/install/yahboom_rosmaster_gazebo/share/yahboom_rosmaster_gazebo/models/aws_robomaker_residential_CoffeeTable_01/model.sdf
[1.358s] -- Up-to-date symlink: /home/ziad/ziad_ws/ROS2/work_space/install/yahboom_rosmaster_gazebo/share/yahboom_rosmaster_gazebo/models/aws_robomaker_residential_CookingBench_01/materials/textures/aws_CookingBench_01.png
[1.367s] -- Up-to-date symlink: /home/ziad/ziad_ws/ROS2/work_space/install/yahboom_rosmaster_gazebo/share/yahboom_rosmaster_gazebo/models/aws_robomaker_residential_CookingBench_01/meshes/aws_CookingBench_01.DAE
[1.370s] -- Up-to-date symlink: /home/ziad/ziad_ws/ROS2/work_space/install/yahboom_rosmaster_gazebo/share/yahboom_rosmaster_gazebo/models/aws_robomaker_residential_CookingBench_01/meshes/aws_CookingBench_01_collision.DAE
[1.374s] -- Up-to-date symlink: /home/ziad/ziad_ws/ROS2/work_space/install/yahboom_rosmaster_gazebo/share/yahboom_rosmaster_gazebo/models/aws_robomaker_residential_CookingBench_01/meshes/aws_CookingBench_01_visual.DAE
[1.375s] -- Up-to-date symlink: /home/ziad/ziad_ws/ROS2/work_space/install/yahboom_rosmaster_gazebo/share/yahboom_rosmaster_gazebo/models/aws_robomaker_residential_CookingBench_01/model.config
[1.378s] -- Up-to-date symlink: /home/ziad/ziad_ws/ROS2/work_space/install/yahboom_rosmaster_gazebo/share/yahboom_rosmaster_gazebo/models/aws_robomaker_residential_CookingBench_01/model.sdf
[1.388s] -- Up-to-date symlink: /home/ziad/ziad_ws/ROS2/work_space/install/yahboom_rosmaster_gazebo/share/yahboom_rosmaster_gazebo/models/aws_robomaker_residential_Curtain_01/materials/textures/aws_Curtain_01.png
[1.391s] -- Up-to-date symlink: /home/ziad/ziad_ws/ROS2/work_space/install/yahboom_rosmaster_gazebo/share/yahboom_rosmaster_gazebo/models/aws_robomaker_residential_Curtain_01/meshes/aws_Curtain_01_collision.DAE
[1.392s] -- Up-to-date symlink: /home/ziad/ziad_ws/ROS2/work_space/install/yahboom_rosmaster_gazebo/share/yahboom_rosmaster_gazebo/models/aws_robomaker_residential_Curtain_01/meshes/aws_Curtain_01_visual.DAE
[1.398s] -- Up-to-date symlink: /home/ziad/ziad_ws/ROS2/work_space/install/yahboom_rosmaster_gazebo/share/yahboom_rosmaster_gazebo/models/aws_robomaker_residential_Curtain_01/model.config
[1.405s] -- Up-to-date symlink: /home/ziad/ziad_ws/ROS2/work_space/install/yahboom_rosmaster_gazebo/share/yahboom_rosmaster_gazebo/models/aws_robomaker_residential_Curtain_01/model.sdf
[1.408s] -- Up-to-date symlink: /home/ziad/ziad_ws/ROS2/work_space/install/yahboom_rosmaster_gazebo/share/yahboom_rosmaster_gazebo/models/aws_robomaker_residential_DeskPortraitA_01/materials/textures/DeskPortraitA_01.jpg
[1.408s] -- Up-to-date symlink: /home/ziad/ziad_ws/ROS2/work_space/install/yahboom_rosmaster_gazebo/share/yahboom_rosmaster_gazebo/models/aws_robomaker_residential_DeskPortraitA_01/materials/textures/aws_DeskPortraitA_01.png
[1.409s] -- Up-to-date symlink: /home/ziad/ziad_ws/ROS2/work_space/install/yahboom_rosmaster_gazebo/share/yahboom_rosmaster_gazebo/models/aws_robomaker_residential_DeskPortraitA_01/materials/textures/aws_DeskPortraitA_02.png
[1.416s] -- Up-to-date symlink: /home/ziad/ziad_ws/ROS2/work_space/install/yahboom_rosmaster_gazebo/share/yahboom_rosmaster_gazebo/models/aws_robomaker_residential_DeskPortraitA_01/meshes/aws_DeskPortraitA_01_collision.DAE
[1.416s] -- Up-to-date symlink: /home/ziad/ziad_ws/ROS2/work_space/install/yahboom_rosmaster_gazebo/share/yahboom_rosmaster_gazebo/models/aws_robomaker_residential_DeskPortraitA_01/meshes/aws_DeskPortraitA_01_visual.DAE
[1.417s] -- Up-to-date symlink: /home/ziad/ziad_ws/ROS2/work_space/install/yahboom_rosmaster_gazebo/share/yahboom_rosmaster_gazebo/models/aws_robomaker_residential_DeskPortraitA_01/model.config
[1.418s] -- Up-to-date symlink: /home/ziad/ziad_ws/ROS2/work_space/install/yahboom_rosmaster_gazebo/share/yahboom_rosmaster_gazebo/models/aws_robomaker_residential_DeskPortraitA_01/model.sdf
[1.419s] -- Up-to-date symlink: /home/ziad/ziad_ws/ROS2/work_space/install/yahboom_rosmaster_gazebo/share/yahboom_rosmaster_gazebo/models/aws_robomaker_residential_DeskPortraitA_02/materials/textures/DeskPortraitA_02.jpg
[1.420s] -- Up-to-date symlink: /home/ziad/ziad_ws/ROS2/work_space/install/yahboom_rosmaster_gazebo/share/yahboom_rosmaster_gazebo/models/aws_robomaker_residential_DeskPortraitA_02/materials/textures/aws_DeskPortraitA_01.png
[1.420s] -- Up-to-date symlink: /home/ziad/ziad_ws/ROS2/work_space/install/yahboom_rosmaster_gazebo/share/yahboom_rosmaster_gazebo/models/aws_robomaker_residential_DeskPortraitA_02/materials/textures/aws_DeskPortraitA_02.png
[1.422s] -- Up-to-date symlink: /home/ziad/ziad_ws/ROS2/work_space/install/yahboom_rosmaster_gazebo/share/yahboom_rosmaster_gazebo/models/aws_robomaker_residential_DeskPortraitA_02/meshes/aws_DeskPortraitA_01_collision.DAE
[1.422s] -- Up-to-date symlink: /home/ziad/ziad_ws/ROS2/work_space/install/yahboom_rosmaster_gazebo/share/yahboom_rosmaster_gazebo/models/aws_robomaker_residential_DeskPortraitA_02/meshes/aws_DeskPortraitA_01_visual.DAE
[1.424s] -- Up-to-date symlink: /home/ziad/ziad_ws/ROS2/work_space/install/yahboom_rosmaster_gazebo/share/yahboom_rosmaster_gazebo/models/aws_robomaker_residential_DeskPortraitA_02/model.config
[1.424s] -- Up-to-date symlink: /home/ziad/ziad_ws/ROS2/work_space/install/yahboom_rosmaster_gazebo/share/yahboom_rosmaster_gazebo/models/aws_robomaker_residential_DeskPortraitA_02/model.sdf
[1.426s] -- Up-to-date symlink: /home/ziad/ziad_ws/ROS2/work_space/install/yahboom_rosmaster_gazebo/share/yahboom_rosmaster_gazebo/models/aws_robomaker_residential_DeskPortraitB_01/materials/textures/DeskPortraitB_01.jpg
[1.426s] -- Up-to-date symlink: /home/ziad/ziad_ws/ROS2/work_space/install/yahboom_rosmaster_gazebo/share/yahboom_rosmaster_gazebo/models/aws_robomaker_residential_DeskPortraitB_01/materials/textures/aws_DeskPortraitB_01.png
[1.427s] -- Up-to-date symlink: /home/ziad/ziad_ws/ROS2/work_space/install/yahboom_rosmaster_gazebo/share/yahboom_rosmaster_gazebo/models/aws_robomaker_residential_DeskPortraitB_01/materials/textures/aws_DeskPortraitB_02.png
[1.429s] -- Up-to-date symlink: /home/ziad/ziad_ws/ROS2/work_space/install/yahboom_rosmaster_gazebo/share/yahboom_rosmaster_gazebo/models/aws_robomaker_residential_DeskPortraitB_01/meshes/aws_DeskPortraitB_01_collision.DAE
[1.430s] -- Up-to-date symlink: /home/ziad/ziad_ws/ROS2/work_space/install/yahboom_rosmaster_gazebo/share/yahboom_rosmaster_gazebo/models/aws_robomaker_residential_DeskPortraitB_01/meshes/aws_DeskPortraitB_01_visual.DAE
[1.431s] -- Up-to-date symlink: /home/ziad/ziad_ws/ROS2/work_space/install/yahboom_rosmaster_gazebo/share/yahboom_rosmaster_gazebo/models/aws_robomaker_residential_DeskPortraitB_01/model.config
[1.431s] -- Up-to-date symlink: /home/ziad/ziad_ws/ROS2/work_space/install/yahboom_rosmaster_gazebo/share/yahboom_rosmaster_gazebo/models/aws_robomaker_residential_DeskPortraitB_01/model.sdf
[1.433s] -- Up-to-date symlink: /home/ziad/ziad_ws/ROS2/work_space/install/yahboom_rosmaster_gazebo/share/yahboom_rosmaster_gazebo/models/aws_robomaker_residential_DeskPortraitB_02/materials/textures/DeskPortraitB_02.jpg
[1.433s] -- Up-to-date symlink: /home/ziad/ziad_ws/ROS2/work_space/install/yahboom_rosmaster_gazebo/share/yahboom_rosmaster_gazebo/models/aws_robomaker_residential_DeskPortraitB_02/materials/textures/aws_DeskPortraitB_01.png
[1.434s] -- Up-to-date symlink: /home/ziad/ziad_ws/ROS2/work_space/install/yahboom_rosmaster_gazebo/share/yahboom_rosmaster_gazebo/models/aws_robomaker_residential_DeskPortraitB_02/materials/textures/aws_DeskPortraitB_02.png
[1.435s] -- Up-to-date symlink: /home/ziad/ziad_ws/ROS2/work_space/install/yahboom_rosmaster_gazebo/share/yahboom_rosmaster_gazebo/models/aws_robomaker_residential_DeskPortraitB_02/meshes/aws_DeskPortraitB_01_collision.DAE
[1.437s] -- Up-to-date symlink: /home/ziad/ziad_ws/ROS2/work_space/install/yahboom_rosmaster_gazebo/share/yahboom_rosmaster_gazebo/models/aws_robomaker_residential_DeskPortraitB_02/meshes/aws_DeskPortraitB_01_visual.DAE
[1.438s] -- Up-to-date symlink: /home/ziad/ziad_ws/ROS2/work_space/install/yahboom_rosmaster_gazebo/share/yahboom_rosmaster_gazebo/models/aws_robomaker_residential_DeskPortraitB_02/model.config
[1.438s] -- Up-to-date symlink: /home/ziad/ziad_ws/ROS2/work_space/install/yahboom_rosmaster_gazebo/share/yahboom_rosmaster_gazebo/models/aws_robomaker_residential_DeskPortraitB_02/model.sdf
[1.439s] -- Up-to-date symlink: /home/ziad/ziad_ws/ROS2/work_space/install/yahboom_rosmaster_gazebo/share/yahboom_rosmaster_gazebo/models/aws_robomaker_residential_DeskPortraitC_01/materials/textures/DeskPortraitC_01.jpg
[1.440s] -- Up-to-date symlink: /home/ziad/ziad_ws/ROS2/work_space/install/yahboom_rosmaster_gazebo/share/yahboom_rosmaster_gazebo/models/aws_robomaker_residential_DeskPortraitC_01/materials/textures/aws_DeskPortraitC_01.png
[1.442s] -- Up-to-date symlink: /home/ziad/ziad_ws/ROS2/work_space/install/yahboom_rosmaster_gazebo/share/yahboom_rosmaster_gazebo/models/aws_robomaker_residential_DeskPortraitC_01/materials/textures/aws_DeskPortraitC_02.png
[1.442s] -- Up-to-date symlink: /home/ziad/ziad_ws/ROS2/work_space/install/yahboom_rosmaster_gazebo/share/yahboom_rosmaster_gazebo/models/aws_robomaker_residential_DeskPortraitC_01/meshes/aws_DeskPortraitC_01_collision.DAE
[1.443s] -- Up-to-date symlink: /home/ziad/ziad_ws/ROS2/work_space/install/yahboom_rosmaster_gazebo/share/yahboom_rosmaster_gazebo/models/aws_robomaker_residential_DeskPortraitC_01/meshes/aws_DeskPortraitC_01_visual.DAE
[1.444s] -- Up-to-date symlink: /home/ziad/ziad_ws/ROS2/work_space/install/yahboom_rosmaster_gazebo/share/yahboom_rosmaster_gazebo/models/aws_robomaker_residential_DeskPortraitC_01/model.config
[1.444s] -- Up-to-date symlink: /home/ziad/ziad_ws/ROS2/work_space/install/yahboom_rosmaster_gazebo/share/yahboom_rosmaster_gazebo/models/aws_robomaker_residential_DeskPortraitC_01/model.sdf
[1.445s] -- Up-to-date symlink: /home/ziad/ziad_ws/ROS2/work_space/install/yahboom_rosmaster_gazebo/share/yahboom_rosmaster_gazebo/models/aws_robomaker_residential_DeskPortraitC_02/materials/textures/DeskPortraitC_02.jpg
[1.446s] -- Up-to-date symlink: /home/ziad/ziad_ws/ROS2/work_space/install/yahboom_rosmaster_gazebo/share/yahboom_rosmaster_gazebo/models/aws_robomaker_residential_DeskPortraitC_02/materials/textures/aws_DeskPortraitC_01.png
[1.446s] -- Up-to-date symlink: /home/ziad/ziad_ws/ROS2/work_space/install/yahboom_rosmaster_gazebo/share/yahboom_rosmaster_gazebo/models/aws_robomaker_residential_DeskPortraitC_02/materials/textures/aws_DeskPortraitC_02.png
[1.447s] -- Up-to-date symlink: /home/ziad/ziad_ws/ROS2/work_space/install/yahboom_rosmaster_gazebo/share/yahboom_rosmaster_gazebo/models/aws_robomaker_residential_DeskPortraitC_02/meshes/aws_DeskPortraitC_01_collision.DAE
[1.448s] -- Up-to-date symlink: /home/ziad/ziad_ws/ROS2/work_space/install/yahboom_rosmaster_gazebo/share/yahboom_rosmaster_gazebo/models/aws_robomaker_residential_DeskPortraitC_02/meshes/aws_DeskPortraitC_01_visual.DAE
[1.448s] -- Up-to-date symlink: /home/ziad/ziad_ws/ROS2/work_space/install/yahboom_rosmaster_gazebo/share/yahboom_rosmaster_gazebo/models/aws_robomaker_residential_DeskPortraitC_02/model.config
[1.449s] -- Up-to-date symlink: /home/ziad/ziad_ws/ROS2/work_space/install/yahboom_rosmaster_gazebo/share/yahboom_rosmaster_gazebo/models/aws_robomaker_residential_DeskPortraitC_02/model.sdf
[1.450s] -- Up-to-date symlink: /home/ziad/ziad_ws/ROS2/work_space/install/yahboom_rosmaster_gazebo/share/yahboom_rosmaster_gazebo/models/aws_robomaker_residential_DeskPortraitD_01/materials/textures/DeskPortraitD_01.jpg
[1.451s] -- Up-to-date symlink: /home/ziad/ziad_ws/ROS2/work_space/install/yahboom_rosmaster_gazebo/share/yahboom_rosmaster_gazebo/models/aws_robomaker_residential_DeskPortraitD_01/materials/textures/aws_DeskPortraitD_01.png
[1.451s] -- Up-to-date symlink: /home/ziad/ziad_ws/ROS2/work_space/install/yahboom_rosmaster_gazebo/share/yahboom_rosmaster_gazebo/models/aws_robomaker_residential_DeskPortraitD_01/materials/textures/aws_DeskPortraitD_02.png
[1.452s] -- Up-to-date symlink: /home/ziad/ziad_ws/ROS2/work_space/install/yahboom_rosmaster_gazebo/share/yahboom_rosmaster_gazebo/models/aws_robomaker_residential_DeskPortraitD_01/meshes/aws_DeskPortraitD_01_collision.DAE
[1.453s] -- Up-to-date symlink: /home/ziad/ziad_ws/ROS2/work_space/install/yahboom_rosmaster_gazebo/share/yahboom_rosmaster_gazebo/models/aws_robomaker_residential_DeskPortraitD_01/meshes/aws_DeskPortraitD_01_visual.DAE
[1.453s] -- Up-to-date symlink: /home/ziad/ziad_ws/ROS2/work_space/install/yahboom_rosmaster_gazebo/share/yahboom_rosmaster_gazebo/models/aws_robomaker_residential_DeskPortraitD_01/model.config
[1.454s] -- Up-to-date symlink: /home/ziad/ziad_ws/ROS2/work_space/install/yahboom_rosmaster_gazebo/share/yahboom_rosmaster_gazebo/models/aws_robomaker_residential_DeskPortraitD_01/model.sdf
[1.456s] -- Up-to-date symlink: /home/ziad/ziad_ws/ROS2/work_space/install/yahboom_rosmaster_gazebo/share/yahboom_rosmaster_gazebo/models/aws_robomaker_residential_DeskPortraitD_02/materials/textures/DeskPortraitD_02.jpg
[1.456s] -- Up-to-date symlink: /home/ziad/ziad_ws/ROS2/work_space/install/yahboom_rosmaster_gazebo/share/yahboom_rosmaster_gazebo/models/aws_robomaker_residential_DeskPortraitD_02/materials/textures/aws_DeskPortraitD_01.png
[1.457s] -- Up-to-date symlink: /home/ziad/ziad_ws/ROS2/work_space/install/yahboom_rosmaster_gazebo/share/yahboom_rosmaster_gazebo/models/aws_robomaker_residential_DeskPortraitD_02/materials/textures/aws_DeskPortraitD_02.png
[1.458s] -- Up-to-date symlink: /home/ziad/ziad_ws/ROS2/work_space/install/yahboom_rosmaster_gazebo/share/yahboom_rosmaster_gazebo/models/aws_robomaker_residential_DeskPortraitD_02/meshes/aws_DeskPortraitD_01_collision.DAE
[1.460s] -- Up-to-date symlink: /home/ziad/ziad_ws/ROS2/work_space/install/yahboom_rosmaster_gazebo/share/yahboom_rosmaster_gazebo/models/aws_robomaker_residential_DeskPortraitD_02/meshes/aws_DeskPortraitD_01_visual.DAE
[1.460s] -- Up-to-date symlink: /home/ziad/ziad_ws/ROS2/work_space/install/yahboom_rosmaster_gazebo/share/yahboom_rosmaster_gazebo/models/aws_robomaker_residential_DeskPortraitD_02/model.config
[1.461s] -- Up-to-date symlink: /home/ziad/ziad_ws/ROS2/work_space/install/yahboom_rosmaster_gazebo/share/yahboom_rosmaster_gazebo/models/aws_robomaker_residential_DeskPortraitD_02/model.sdf
[1.461s] -- Up-to-date symlink: /home/ziad/ziad_ws/ROS2/work_space/install/yahboom_rosmaster_gazebo/share/yahboom_rosmaster_gazebo/models/aws_robomaker_residential_DeskPortraitD_03/materials/textures/DeskPortraitD_03.jpg
[1.461s] -- Up-to-date symlink: /home/ziad/ziad_ws/ROS2/work_space/install/yahboom_rosmaster_gazebo/share/yahboom_rosmaster_gazebo/models/aws_robomaker_residential_DeskPortraitD_03/materials/textures/aws_DeskPortraitD_01.png
[1.461s] -- Up-to-date symlink: /home/ziad/ziad_ws/ROS2/work_space/install/yahboom_rosmaster_gazebo/share/yahboom_rosmaster_gazebo/models/aws_robomaker_residential_DeskPortraitD_03/materials/textures/aws_DeskPortraitD_02.png
[1.462s] -- Up-to-date symlink: /home/ziad/ziad_ws/ROS2/work_space/install/yahboom_rosmaster_gazebo/share/yahboom_rosmaster_gazebo/models/aws_robomaker_residential_DeskPortraitD_03/meshes/aws_DeskPortraitD_01_collision.DAE
[1.462s] -- Up-to-date symlink: /home/ziad/ziad_ws/ROS2/work_space/install/yahboom_rosmaster_gazebo/share/yahboom_rosmaster_gazebo/models/aws_robomaker_residential_DeskPortraitD_03/meshes/aws_DeskPortraitD_01_visual.DAE
[1.464s] -- Up-to-date symlink: /home/ziad/ziad_ws/ROS2/work_space/install/yahboom_rosmaster_gazebo/share/yahboom_rosmaster_gazebo/models/aws_robomaker_residential_DeskPortraitD_03/model.config
[1.464s] -- Up-to-date symlink: /home/ziad/ziad_ws/ROS2/work_space/install/yahboom_rosmaster_gazebo/share/yahboom_rosmaster_gazebo/models/aws_robomaker_residential_DeskPortraitD_03/model.sdf
[1.465s] -- Up-to-date symlink: /home/ziad/ziad_ws/ROS2/work_space/install/yahboom_rosmaster_gazebo/share/yahboom_rosmaster_gazebo/models/aws_robomaker_residential_DeskPortraitD_04/materials/textures/DeskPortraitD_04.jpg
[1.465s] -- Up-to-date symlink: /home/ziad/ziad_ws/ROS2/work_space/install/yahboom_rosmaster_gazebo/share/yahboom_rosmaster_gazebo/models/aws_robomaker_residential_DeskPortraitD_04/materials/textures/aws_DeskPortraitD_01.png
[1.465s] -- Up-to-date symlink: /home/ziad/ziad_ws/ROS2/work_space/install/yahboom_rosmaster_gazebo/share/yahboom_rosmaster_gazebo/models/aws_robomaker_residential_DeskPortraitD_04/materials/textures/aws_DeskPortraitD_02.png
[1.466s] -- Up-to-date symlink: /home/ziad/ziad_ws/ROS2/work_space/install/yahboom_rosmaster_gazebo/share/yahboom_rosmaster_gazebo/models/aws_robomaker_residential_DeskPortraitD_04/meshes/aws_DeskPortraitD_01_collision.DAE
[1.468s] -- Up-to-date symlink: /home/ziad/ziad_ws/ROS2/work_space/install/yahboom_rosmaster_gazebo/share/yahboom_rosmaster_gazebo/models/aws_robomaker_residential_DeskPortraitD_04/meshes/aws_DeskPortraitD_01_visual.DAE
[1.468s] -- Up-to-date symlink: /home/ziad/ziad_ws/ROS2/work_space/install/yahboom_rosmaster_gazebo/share/yahboom_rosmaster_gazebo/models/aws_robomaker_residential_DeskPortraitD_04/model.config
[1.468s] -- Up-to-date symlink: /home/ziad/ziad_ws/ROS2/work_space/install/yahboom_rosmaster_gazebo/share/yahboom_rosmaster_gazebo/models/aws_robomaker_residential_DeskPortraitD_04/model.sdf
[1.468s] -- Up-to-date symlink: /home/ziad/ziad_ws/ROS2/work_space/install/yahboom_rosmaster_gazebo/share/yahboom_rosmaster_gazebo/models/aws_robomaker_residential_Door_01/materials/textures/aws_Door_01.png
[1.469s] -- Up-to-date symlink: /home/ziad/ziad_ws/ROS2/work_space/install/yahboom_rosmaster_gazebo/share/yahboom_rosmaster_gazebo/models/aws_robomaker_residential_Door_01/meshes/aws_Door_01_collision.DAE
[1.470s] -- Up-to-date symlink: /home/ziad/ziad_ws/ROS2/work_space/install/yahboom_rosmaster_gazebo/share/yahboom_rosmaster_gazebo/models/aws_robomaker_residential_Door_01/meshes/aws_Door_01_visual.DAE
[1.470s] -- Up-to-date symlink: /home/ziad/ziad_ws/ROS2/work_space/install/yahboom_rosmaster_gazebo/share/yahboom_rosmaster_gazebo/models/aws_robomaker_residential_Door_01/model.config
[1.471s] -- Up-to-date symlink: /home/ziad/ziad_ws/ROS2/work_space/install/yahboom_rosmaster_gazebo/share/yahboom_rosmaster_gazebo/models/aws_robomaker_residential_Door_01/model.sdf
[1.472s] -- Up-to-date symlink: /home/ziad/ziad_ws/ROS2/work_space/install/yahboom_rosmaster_gazebo/share/yahboom_rosmaster_gazebo/models/aws_robomaker_residential_Dumbbell_01/materials/textures/aws_Dumbbell_01.png
[1.473s] -- Up-to-date symlink: /home/ziad/ziad_ws/ROS2/work_space/install/yahboom_rosmaster_gazebo/share/yahboom_rosmaster_gazebo/models/aws_robomaker_residential_Dumbbell_01/meshes/aws_Dumbbell_01_collision.DAE
[1.474s] -- Up-to-date symlink: /home/ziad/ziad_ws/ROS2/work_space/install/yahboom_rosmaster_gazebo/share/yahboom_rosmaster_gazebo/models/aws_robomaker_residential_Dumbbell_01/meshes/aws_Dumbbell_01_visual.DAE
[1.475s] -- Up-to-date symlink: /home/ziad/ziad_ws/ROS2/work_space/install/yahboom_rosmaster_gazebo/share/yahboom_rosmaster_gazebo/models/aws_robomaker_residential_Dumbbell_01/model.config
[1.475s] -- Up-to-date symlink: /home/ziad/ziad_ws/ROS2/work_space/install/yahboom_rosmaster_gazebo/share/yahboom_rosmaster_gazebo/models/aws_robomaker_residential_Dumbbell_01/model.sdf
[1.476s] -- Up-to-date symlink: /home/ziad/ziad_ws/ROS2/work_space/install/yahboom_rosmaster_gazebo/share/yahboom_rosmaster_gazebo/models/aws_robomaker_residential_FitnessEquipment_01/materials/textures/aws_FitnessEquipment_01.png
[1.477s] -- Up-to-date symlink: /home/ziad/ziad_ws/ROS2/work_space/install/yahboom_rosmaster_gazebo/share/yahboom_rosmaster_gazebo/models/aws_robomaker_residential_FitnessEquipment_01/meshes/aws_FitnessEquipment_01_collision.DAE
[1.478s] -- Up-to-date symlink: /home/ziad/ziad_ws/ROS2/work_space/install/yahboom_rosmaster_gazebo/share/yahboom_rosmaster_gazebo/models/aws_robomaker_residential_FitnessEquipment_01/meshes/aws_FitnessEquipment_01_visual.DAE
[1.479s] -- Up-to-date symlink: /home/ziad/ziad_ws/ROS2/work_space/install/yahboom_rosmaster_gazebo/share/yahboom_rosmaster_gazebo/models/aws_robomaker_residential_FitnessEquipment_01/model.config
[1.480s] -- Up-to-date symlink: /home/ziad/ziad_ws/ROS2/work_space/install/yahboom_rosmaster_gazebo/share/yahboom_rosmaster_gazebo/models/aws_robomaker_residential_FitnessEquipment_01/model.sdf
[1.481s] -- Up-to-date symlink: /home/ziad/ziad_ws/ROS2/work_space/install/yahboom_rosmaster_gazebo/share/yahboom_rosmaster_gazebo/models/aws_robomaker_residential_FloorB_01/materials/textures/aws_FloorB_01.png
[1.482s] -- Up-to-date symlink: /home/ziad/ziad_ws/ROS2/work_space/install/yahboom_rosmaster_gazebo/share/yahboom_rosmaster_gazebo/models/aws_robomaker_residential_FloorB_01/meshes/aws_FloorB_01_collision.DAE
[1.482s] -- Up-to-date symlink: /home/ziad/ziad_ws/ROS2/work_space/install/yahboom_rosmaster_gazebo/share/yahboom_rosmaster_gazebo/models/aws_robomaker_residential_FloorB_01/meshes/aws_FloorB_01_visual.DAE
[1.485s] -- Up-to-date symlink: /home/ziad/ziad_ws/ROS2/work_space/install/yahboom_rosmaster_gazebo/share/yahboom_rosmaster_gazebo/models/aws_robomaker_residential_FloorB_01/model.config
[1.485s] -- Up-to-date symlink: /home/ziad/ziad_ws/ROS2/work_space/install/yahboom_rosmaster_gazebo/share/yahboom_rosmaster_gazebo/models/aws_robomaker_residential_FloorB_01/model.sdf
[1.487s] -- Up-to-date symlink: /home/ziad/ziad_ws/ROS2/work_space/install/yahboom_rosmaster_gazebo/share/yahboom_rosmaster_gazebo/models/aws_robomaker_residential_FoldingDoor_01/materials/textures/aws_FoldingDoor_01.png
[1.488s] -- Up-to-date symlink: /home/ziad/ziad_ws/ROS2/work_space/install/yahboom_rosmaster_gazebo/share/yahboom_rosmaster_gazebo/models/aws_robomaker_residential_FoldingDoor_01/meshes/aws_FoldingDoor_01_collision.DAE
[1.488s] -- Up-to-date symlink: /home/ziad/ziad_ws/ROS2/work_space/install/yahboom_rosmaster_gazebo/share/yahboom_rosmaster_gazebo/models/aws_robomaker_residential_FoldingDoor_01/meshes/aws_FoldingDoor_01_visual.DAE
[1.489s] -- Up-to-date symlink: /home/ziad/ziad_ws/ROS2/work_space/install/yahboom_rosmaster_gazebo/share/yahboom_rosmaster_gazebo/models/aws_robomaker_residential_FoldingDoor_01/model.config
[1.490s] -- Up-to-date symlink: /home/ziad/ziad_ws/ROS2/work_space/install/yahboom_rosmaster_gazebo/share/yahboom_rosmaster_gazebo/models/aws_robomaker_residential_FoldingDoor_01/model.sdf
[1.491s] -- Up-to-date symlink: /home/ziad/ziad_ws/ROS2/work_space/install/yahboom_rosmaster_gazebo/share/yahboom_rosmaster_gazebo/models/aws_robomaker_residential_FoldingDoor_02/materials/textures/aws_FoldingDoor_02.png
[1.494s] -- Up-to-date symlink: /home/ziad/ziad_ws/ROS2/work_space/install/yahboom_rosmaster_gazebo/share/yahboom_rosmaster_gazebo/models/aws_robomaker_residential_FoldingDoor_02/meshes/aws_FoldingDoor_02_collision.DAE
[1.495s] -- Up-to-date symlink: /home/ziad/ziad_ws/ROS2/work_space/install/yahboom_rosmaster_gazebo/share/yahboom_rosmaster_gazebo/models/aws_robomaker_residential_FoldingDoor_02/meshes/aws_FoldingDoor_02_visual.DAE
[1.500s] -- Up-to-date symlink: /home/ziad/ziad_ws/ROS2/work_space/install/yahboom_rosmaster_gazebo/share/yahboom_rosmaster_gazebo/models/aws_robomaker_residential_FoldingDoor_02/model.config
[1.502s] -- Up-to-date symlink: /home/ziad/ziad_ws/ROS2/work_space/install/yahboom_rosmaster_gazebo/share/yahboom_rosmaster_gazebo/models/aws_robomaker_residential_FoldingDoor_02/model.sdf
[1.504s] -- Up-to-date symlink: /home/ziad/ziad_ws/ROS2/work_space/install/yahboom_rosmaster_gazebo/share/yahboom_rosmaster_gazebo/models/aws_robomaker_residential_Handle_01/materials/textures/aws_Handle_01.png
[1.504s] -- Up-to-date symlink: /home/ziad/ziad_ws/ROS2/work_space/install/yahboom_rosmaster_gazebo/share/yahboom_rosmaster_gazebo/models/aws_robomaker_residential_Handle_01/meshes/aws_Handle_01_collision.DAE
[1.505s] -- Up-to-date symlink: /home/ziad/ziad_ws/ROS2/work_space/install/yahboom_rosmaster_gazebo/share/yahboom_rosmaster_gazebo/models/aws_robomaker_residential_Handle_01/meshes/aws_Handle_01_visual.DAE
[1.506s] -- Up-to-date symlink: /home/ziad/ziad_ws/ROS2/work_space/install/yahboom_rosmaster_gazebo/share/yahboom_rosmaster_gazebo/models/aws_robomaker_residential_Handle_01/model.config
[1.507s] -- Up-to-date symlink: /home/ziad/ziad_ws/ROS2/work_space/install/yahboom_rosmaster_gazebo/share/yahboom_rosmaster_gazebo/models/aws_robomaker_residential_Handle_01/model.sdf
[1.508s] -- Up-to-date symlink: /home/ziad/ziad_ws/ROS2/work_space/install/yahboom_rosmaster_gazebo/share/yahboom_rosmaster_gazebo/models/aws_robomaker_residential_HouseWallB_01/materials/textures/aws_HouseWallB_01.png
[1.508s] -- Up-to-date symlink: /home/ziad/ziad_ws/ROS2/work_space/install/yahboom_rosmaster_gazebo/share/yahboom_rosmaster_gazebo/models/aws_robomaker_residential_HouseWallB_01/meshes/aws_HouseWallB_01_collision.DAE
[1.508s] -- Up-to-date symlink: /home/ziad/ziad_ws/ROS2/work_space/install/yahboom_rosmaster_gazebo/share/yahboom_rosmaster_gazebo/models/aws_robomaker_residential_HouseWallB_01/meshes/aws_HouseWallB_01_visual.DAE
[1.508s] -- Up-to-date symlink: /home/ziad/ziad_ws/ROS2/work_space/install/yahboom_rosmaster_gazebo/share/yahboom_rosmaster_gazebo/models/aws_robomaker_residential_HouseWallB_01/model.config
[1.508s] -- Up-to-date symlink: /home/ziad/ziad_ws/ROS2/work_space/install/yahboom_rosmaster_gazebo/share/yahboom_rosmaster_gazebo/models/aws_robomaker_residential_HouseWallB_01/model.sdf
[1.509s] -- Up-to-date symlink: /home/ziad/ziad_ws/ROS2/work_space/install/yahboom_rosmaster_gazebo/share/yahboom_rosmaster_gazebo/models/aws_robomaker_residential_KitchenCabinet_01/materials/textures/aws_KitchenCabinet_01.png
[1.509s] -- Up-to-date symlink: /home/ziad/ziad_ws/ROS2/work_space/install/yahboom_rosmaster_gazebo/share/yahboom_rosmaster_gazebo/models/aws_robomaker_residential_KitchenCabinet_01/meshes/aws_KitchenCabinet_01_collision.DAE
[1.509s] -- Up-to-date symlink: /home/ziad/ziad_ws/ROS2/work_space/install/yahboom_rosmaster_gazebo/share/yahboom_rosmaster_gazebo/models/aws_robomaker_residential_KitchenCabinet_01/meshes/aws_KitchenCabinet_01_visual.DAE
[1.510s] -- Up-to-date symlink: /home/ziad/ziad_ws/ROS2/work_space/install/yahboom_rosmaster_gazebo/share/yahboom_rosmaster_gazebo/models/aws_robomaker_residential_KitchenCabinet_01/model.config
[1.510s] -- Up-to-date symlink: /home/ziad/ziad_ws/ROS2/work_space/install/yahboom_rosmaster_gazebo/share/yahboom_rosmaster_gazebo/models/aws_robomaker_residential_KitchenCabinet_01/model.sdf
[1.510s] -- Up-to-date symlink: /home/ziad/ziad_ws/ROS2/work_space/install/yahboom_rosmaster_gazebo/share/yahboom_rosmaster_gazebo/models/aws_robomaker_residential_KitchenTable_01/materials/textures/aws_KitchenTable_01.png
[1.511s] -- Up-to-date symlink: /home/ziad/ziad_ws/ROS2/work_space/install/yahboom_rosmaster_gazebo/share/yahboom_rosmaster_gazebo/models/aws_robomaker_residential_KitchenTable_01/meshes/aws_KitchenTable_01_collision.DAE
[1.511s] -- Up-to-date symlink: /home/ziad/ziad_ws/ROS2/work_space/install/yahboom_rosmaster_gazebo/share/yahboom_rosmaster_gazebo/models/aws_robomaker_residential_KitchenTable_01/meshes/aws_KitchenTable_01_visual.DAE
[1.511s] -- Up-to-date symlink: /home/ziad/ziad_ws/ROS2/work_space/install/yahboom_rosmaster_gazebo/share/yahboom_rosmaster_gazebo/models/aws_robomaker_residential_KitchenTable_01/model.config
[1.511s] -- Up-to-date symlink: /home/ziad/ziad_ws/ROS2/work_space/install/yahboom_rosmaster_gazebo/share/yahboom_rosmaster_gazebo/models/aws_robomaker_residential_KitchenTable_01/model.sdf
[1.511s] -- Up-to-date symlink: /home/ziad/ziad_ws/ROS2/work_space/install/yahboom_rosmaster_gazebo/share/yahboom_rosmaster_gazebo/models/aws_robomaker_residential_KitchenUtensils_01/materials/textures/aws_KitchenUtensils_01.png
[1.511s] -- Up-to-date symlink: /home/ziad/ziad_ws/ROS2/work_space/install/yahboom_rosmaster_gazebo/share/yahboom_rosmaster_gazebo/models/aws_robomaker_residential_KitchenUtensils_01/meshes/aws_KitchenUtensils_01_collision.DAE
[1.511s] -- Up-to-date symlink: /home/ziad/ziad_ws/ROS2/work_space/install/yahboom_rosmaster_gazebo/share/yahboom_rosmaster_gazebo/models/aws_robomaker_residential_KitchenUtensils_01/meshes/aws_KitchenUtensils_01_visual.DAE
[1.512s] -- Up-to-date symlink: /home/ziad/ziad_ws/ROS2/work_space/install/yahboom_rosmaster_gazebo/share/yahboom_rosmaster_gazebo/models/aws_robomaker_residential_KitchenUtensils_01/model.config
[1.512s] -- Up-to-date symlink: /home/ziad/ziad_ws/ROS2/work_space/install/yahboom_rosmaster_gazebo/share/yahboom_rosmaster_gazebo/models/aws_robomaker_residential_KitchenUtensils_01/model.sdf
[1.512s] -- Up-to-date symlink: /home/ziad/ziad_ws/ROS2/work_space/install/yahboom_rosmaster_gazebo/share/yahboom_rosmaster_gazebo/models/aws_robomaker_residential_LightC_01/materials/textures/aws_LightC_01.png
[1.513s] -- Up-to-date symlink: /home/ziad/ziad_ws/ROS2/work_space/install/yahboom_rosmaster_gazebo/share/yahboom_rosmaster_gazebo/models/aws_robomaker_residential_LightC_01/meshes/aws_LightC_01_collision.DAE
[1.514s] -- Up-to-date symlink: /home/ziad/ziad_ws/ROS2/work_space/install/yahboom_rosmaster_gazebo/share/yahboom_rosmaster_gazebo/models/aws_robomaker_residential_LightC_01/meshes/aws_LightC_01_visual.DAE
[1.515s] -- Up-to-date symlink: /home/ziad/ziad_ws/ROS2/work_space/install/yahboom_rosmaster_gazebo/share/yahboom_rosmaster_gazebo/models/aws_robomaker_residential_LightC_01/model.config
[1.516s] -- Up-to-date symlink: /home/ziad/ziad_ws/ROS2/work_space/install/yahboom_rosmaster_gazebo/share/yahboom_rosmaster_gazebo/models/aws_robomaker_residential_LightC_01/model.sdf
[1.517s] -- Up-to-date symlink: /home/ziad/ziad_ws/ROS2/work_space/install/yahboom_rosmaster_gazebo/share/yahboom_rosmaster_gazebo/models/aws_robomaker_residential_NightStand_01/materials/textures/aws_NightStand_01.png
[1.518s] -- Up-to-date symlink: /home/ziad/ziad_ws/ROS2/work_space/install/yahboom_rosmaster_gazebo/share/yahboom_rosmaster_gazebo/models/aws_robomaker_residential_NightStand_01/meshes/aws_NightStand_01_collision.DAE
[1.519s] -- Up-to-date symlink: /home/ziad/ziad_ws/ROS2/work_space/install/yahboom_rosmaster_gazebo/share/yahboom_rosmaster_gazebo/models/aws_robomaker_residential_NightStand_01/meshes/aws_NightStand_01_visual.DAE
[1.521s] -- Up-to-date symlink: /home/ziad/ziad_ws/ROS2/work_space/install/yahboom_rosmaster_gazebo/share/yahboom_rosmaster_gazebo/models/aws_robomaker_residential_NightStand_01/model.config
[1.521s] -- Up-to-date symlink: /home/ziad/ziad_ws/ROS2/work_space/install/yahboom_rosmaster_gazebo/share/yahboom_rosmaster_gazebo/models/aws_robomaker_residential_NightStand_01/model.sdf
[1.523s] -- Up-to-date symlink: /home/ziad/ziad_ws/ROS2/work_space/install/yahboom_rosmaster_gazebo/share/yahboom_rosmaster_gazebo/models/aws_robomaker_residential_Pillow_01/materials/textures/aws_Pillow_01.png
[1.524s] -- Up-to-date symlink: /home/ziad/ziad_ws/ROS2/work_space/install/yahboom_rosmaster_gazebo/share/yahboom_rosmaster_gazebo/models/aws_robomaker_residential_Pillow_01/meshes/aws_Pillow_01_collision.DAE
[1.524s] -- Up-to-date symlink: /home/ziad/ziad_ws/ROS2/work_space/install/yahboom_rosmaster_gazebo/share/yahboom_rosmaster_gazebo/models/aws_robomaker_residential_Pillow_01/meshes/aws_Pillow_01_visual.DAE
[1.525s] -- Up-to-date symlink: /home/ziad/ziad_ws/ROS2/work_space/install/yahboom_rosmaster_gazebo/share/yahboom_rosmaster_gazebo/models/aws_robomaker_residential_Pillow_01/model.config
[1.526s] -- Up-to-date symlink: /home/ziad/ziad_ws/ROS2/work_space/install/yahboom_rosmaster_gazebo/share/yahboom_rosmaster_gazebo/models/aws_robomaker_residential_Pillow_01/model.sdf
[1.527s] -- Up-to-date symlink: /home/ziad/ziad_ws/ROS2/work_space/install/yahboom_rosmaster_gazebo/share/yahboom_rosmaster_gazebo/models/aws_robomaker_residential_PortraitA_01/materials/textures/PortraitA_01.jpg
[1.527s] -- Up-to-date symlink: /home/ziad/ziad_ws/ROS2/work_space/install/yahboom_rosmaster_gazebo/share/yahboom_rosmaster_gazebo/models/aws_robomaker_residential_PortraitA_01/materials/textures/aws_PortraitA_01.png
[1.528s] -- Up-to-date symlink: /home/ziad/ziad_ws/ROS2/work_space/install/yahboom_rosmaster_gazebo/share/yahboom_rosmaster_gazebo/models/aws_robomaker_residential_PortraitA_01/materials/textures/aws_PortraitA_02.png
[1.528s] -- Up-to-date symlink: /home/ziad/ziad_ws/ROS2/work_space/install/yahboom_rosmaster_gazebo/share/yahboom_rosmaster_gazebo/models/aws_robomaker_residential_PortraitA_01/meshes/aws_PortraitA_01_collision.DAE
[1.529s] -- Up-to-date symlink: /home/ziad/ziad_ws/ROS2/work_space/install/yahboom_rosmaster_gazebo/share/yahboom_rosmaster_gazebo/models/aws_robomaker_residential_PortraitA_01/meshes/aws_PortraitA_01_visual.DAE
[1.529s] -- Up-to-date symlink: /home/ziad/ziad_ws/ROS2/work_space/install/yahboom_rosmaster_gazebo/share/yahboom_rosmaster_gazebo/models/aws_robomaker_residential_PortraitA_01/model.config
[1.530s] -- Up-to-date symlink: /home/ziad/ziad_ws/ROS2/work_space/install/yahboom_rosmaster_gazebo/share/yahboom_rosmaster_gazebo/models/aws_robomaker_residential_PortraitA_01/model.sdf
[1.533s] -- Up-to-date symlink: /home/ziad/ziad_ws/ROS2/work_space/install/yahboom_rosmaster_gazebo/share/yahboom_rosmaster_gazebo/models/aws_robomaker_residential_PortraitA_02/materials/textures/PortraitA_02.jpg
[1.534s] -- Up-to-date symlink: /home/ziad/ziad_ws/ROS2/work_space/install/yahboom_rosmaster_gazebo/share/yahboom_rosmaster_gazebo/models/aws_robomaker_residential_PortraitA_02/materials/textures/aws_PortraitA_01.png
[1.535s] -- Up-to-date symlink: /home/ziad/ziad_ws/ROS2/work_space/install/yahboom_rosmaster_gazebo/share/yahboom_rosmaster_gazebo/models/aws_robomaker_residential_PortraitA_02/materials/textures/aws_PortraitA_02.png
[1.535s] -- Up-to-date symlink: /home/ziad/ziad_ws/ROS2/work_space/install/yahboom_rosmaster_gazebo/share/yahboom_rosmaster_gazebo/models/aws_robomaker_residential_PortraitA_02/meshes/aws_PortraitA_01_collision.DAE
[1.536s] -- Up-to-date symlink: /home/ziad/ziad_ws/ROS2/work_space/install/yahboom_rosmaster_gazebo/share/yahboom_rosmaster_gazebo/models/aws_robomaker_residential_PortraitA_02/meshes/aws_PortraitA_01_visual.DAE
[1.536s] -- Up-to-date symlink: /home/ziad/ziad_ws/ROS2/work_space/install/yahboom_rosmaster_gazebo/share/yahboom_rosmaster_gazebo/models/aws_robomaker_residential_PortraitA_02/model.config
[1.536s] -- Up-to-date symlink: /home/ziad/ziad_ws/ROS2/work_space/install/yahboom_rosmaster_gazebo/share/yahboom_rosmaster_gazebo/models/aws_robomaker_residential_PortraitA_02/model.sdf
[1.539s] -- Up-to-date symlink: /home/ziad/ziad_ws/ROS2/work_space/install/yahboom_rosmaster_gazebo/share/yahboom_rosmaster_gazebo/models/aws_robomaker_residential_PortraitB_01/materials/textures/PortraitB_01.jpg
[1.540s] -- Up-to-date symlink: /home/ziad/ziad_ws/ROS2/work_space/install/yahboom_rosmaster_gazebo/share/yahboom_rosmaster_gazebo/models/aws_robomaker_residential_PortraitB_01/materials/textures/aws_PortraitB_01.png
[1.540s] -- Up-to-date symlink: /home/ziad/ziad_ws/ROS2/work_space/install/yahboom_rosmaster_gazebo/share/yahboom_rosmaster_gazebo/models/aws_robomaker_residential_PortraitB_01/materials/textures/aws_PortraitB_02.png
[1.545s] -- Up-to-date symlink: /home/ziad/ziad_ws/ROS2/work_space/install/yahboom_rosmaster_gazebo/share/yahboom_rosmaster_gazebo/models/aws_robomaker_residential_PortraitB_01/meshes/aws_PortraitB_01_collision.DAE
[1.545s] -- Up-to-date symlink: /home/ziad/ziad_ws/ROS2/work_space/install/yahboom_rosmaster_gazebo/share/yahboom_rosmaster_gazebo/models/aws_robomaker_residential_PortraitB_01/meshes/aws_PortraitB_01_visual.DAE
[1.546s] -- Up-to-date symlink: /home/ziad/ziad_ws/ROS2/work_space/install/yahboom_rosmaster_gazebo/share/yahboom_rosmaster_gazebo/models/aws_robomaker_residential_PortraitB_01/model.config
[1.548s] -- Up-to-date symlink: /home/ziad/ziad_ws/ROS2/work_space/install/yahboom_rosmaster_gazebo/share/yahboom_rosmaster_gazebo/models/aws_robomaker_residential_PortraitB_01/model.sdf
[1.548s] -- Up-to-date symlink: /home/ziad/ziad_ws/ROS2/work_space/install/yahboom_rosmaster_gazebo/share/yahboom_rosmaster_gazebo/models/aws_robomaker_residential_PortraitB_02/materials/textures/PortraitB_02.jpg
[1.549s] -- Up-to-date symlink: /home/ziad/ziad_ws/ROS2/work_space/install/yahboom_rosmaster_gazebo/share/yahboom_rosmaster_gazebo/models/aws_robomaker_residential_PortraitB_02/materials/textures/aws_PortraitB_01.png
[1.549s] -- Up-to-date symlink: /home/ziad/ziad_ws/ROS2/work_space/install/yahboom_rosmaster_gazebo/share/yahboom_rosmaster_gazebo/models/aws_robomaker_residential_PortraitB_02/materials/textures/aws_PortraitB_02.png
[1.549s] -- Up-to-date symlink: /home/ziad/ziad_ws/ROS2/work_space/install/yahboom_rosmaster_gazebo/share/yahboom_rosmaster_gazebo/models/aws_robomaker_residential_PortraitB_02/meshes/aws_PortraitB_01_collision.DAE
[1.551s] -- Up-to-date symlink: /home/ziad/ziad_ws/ROS2/work_space/install/yahboom_rosmaster_gazebo/share/yahboom_rosmaster_gazebo/models/aws_robomaker_residential_PortraitB_02/meshes/aws_PortraitB_01_visual.DAE
[1.552s] -- Up-to-date symlink: /home/ziad/ziad_ws/ROS2/work_space/install/yahboom_rosmaster_gazebo/share/yahboom_rosmaster_gazebo/models/aws_robomaker_residential_PortraitB_02/model.config
[1.552s] -- Up-to-date symlink: /home/ziad/ziad_ws/ROS2/work_space/install/yahboom_rosmaster_gazebo/share/yahboom_rosmaster_gazebo/models/aws_robomaker_residential_PortraitB_02/model.sdf
[1.554s] -- Up-to-date symlink: /home/ziad/ziad_ws/ROS2/work_space/install/yahboom_rosmaster_gazebo/share/yahboom_rosmaster_gazebo/models/aws_robomaker_residential_PortraitB_03/materials/textures/PortraitB_03.jpg
[1.554s] -- Up-to-date symlink: /home/ziad/ziad_ws/ROS2/work_space/install/yahboom_rosmaster_gazebo/share/yahboom_rosmaster_gazebo/models/aws_robomaker_residential_PortraitB_03/materials/textures/aws_PortraitB_01.png
[1.556s] -- Up-to-date symlink: /home/ziad/ziad_ws/ROS2/work_space/install/yahboom_rosmaster_gazebo/share/yahboom_rosmaster_gazebo/models/aws_robomaker_residential_PortraitB_03/materials/textures/aws_PortraitB_02.png
[1.556s] -- Up-to-date symlink: /home/ziad/ziad_ws/ROS2/work_space/install/yahboom_rosmaster_gazebo/share/yahboom_rosmaster_gazebo/models/aws_robomaker_residential_PortraitB_03/meshes/aws_PortraitB_01_collision.DAE
[1.556s] -- Up-to-date symlink: /home/ziad/ziad_ws/ROS2/work_space/install/yahboom_rosmaster_gazebo/share/yahboom_rosmaster_gazebo/models/aws_robomaker_residential_PortraitB_03/meshes/aws_PortraitB_01_visual.DAE
[1.557s] -- Up-to-date symlink: /home/ziad/ziad_ws/ROS2/work_space/install/yahboom_rosmaster_gazebo/share/yahboom_rosmaster_gazebo/models/aws_robomaker_residential_PortraitB_03/model.config
[1.557s] -- Up-to-date symlink: /home/ziad/ziad_ws/ROS2/work_space/install/yahboom_rosmaster_gazebo/share/yahboom_rosmaster_gazebo/models/aws_robomaker_residential_PortraitB_03/model.sdf
[1.558s] -- Up-to-date symlink: /home/ziad/ziad_ws/ROS2/work_space/install/yahboom_rosmaster_gazebo/share/yahboom_rosmaster_gazebo/models/aws_robomaker_residential_PortraitC_01/materials/textures/PortraitC_01.jpg
[1.558s] -- Up-to-date symlink: /home/ziad/ziad_ws/ROS2/work_space/install/yahboom_rosmaster_gazebo/share/yahboom_rosmaster_gazebo/models/aws_robomaker_residential_PortraitC_01/materials/textures/aws_PortraitC_01.png
[1.558s] -- Up-to-date symlink: /home/ziad/ziad_ws/ROS2/work_space/install/yahboom_rosmaster_gazebo/share/yahboom_rosmaster_gazebo/models/aws_robomaker_residential_PortraitC_01/materials/textures/aws_PortraitC_02.png
[1.558s] -- Up-to-date symlink: /home/ziad/ziad_ws/ROS2/work_space/install/yahboom_rosmaster_gazebo/share/yahboom_rosmaster_gazebo/models/aws_robomaker_residential_PortraitC_01/meshes/aws_PortraitC_01_collision.DAE
[1.558s] -- Up-to-date symlink: /home/ziad/ziad_ws/ROS2/work_space/install/yahboom_rosmaster_gazebo/share/yahboom_rosmaster_gazebo/models/aws_robomaker_residential_PortraitC_01/meshes/aws_PortraitC_01_visual.DAE
[1.559s] -- Up-to-date symlink: /home/ziad/ziad_ws/ROS2/work_space/install/yahboom_rosmaster_gazebo/share/yahboom_rosmaster_gazebo/models/aws_robomaker_residential_PortraitC_01/model.config
[1.559s] -- Up-to-date symlink: /home/ziad/ziad_ws/ROS2/work_space/install/yahboom_rosmaster_gazebo/share/yahboom_rosmaster_gazebo/models/aws_robomaker_residential_PortraitC_01/model.sdf
[1.559s] -- Up-to-date symlink: /home/ziad/ziad_ws/ROS2/work_space/install/yahboom_rosmaster_gazebo/share/yahboom_rosmaster_gazebo/models/aws_robomaker_residential_PortraitD_01/materials/textures/PortraitD_01.jpg
[1.559s] -- Up-to-date symlink: /home/ziad/ziad_ws/ROS2/work_space/install/yahboom_rosmaster_gazebo/share/yahboom_rosmaster_gazebo/models/aws_robomaker_residential_PortraitD_01/materials/textures/aws_PortraitD_01.png
[1.559s] -- Up-to-date symlink: /home/ziad/ziad_ws/ROS2/work_space/install/yahboom_rosmaster_gazebo/share/yahboom_rosmaster_gazebo/models/aws_robomaker_residential_PortraitD_01/materials/textures/aws_PortraitD_02.png
[1.559s] -- Up-to-date symlink: /home/ziad/ziad_ws/ROS2/work_space/install/yahboom_rosmaster_gazebo/share/yahboom_rosmaster_gazebo/models/aws_robomaker_residential_PortraitD_01/meshes/aws_PortraitD_01_collision.DAE
[1.559s] -- Up-to-date symlink: /home/ziad/ziad_ws/ROS2/work_space/install/yahboom_rosmaster_gazebo/share/yahboom_rosmaster_gazebo/models/aws_robomaker_residential_PortraitD_01/meshes/aws_PortraitD_01_visual.DAE
[1.560s] -- Up-to-date symlink: /home/ziad/ziad_ws/ROS2/work_space/install/yahboom_rosmaster_gazebo/share/yahboom_rosmaster_gazebo/models/aws_robomaker_residential_PortraitD_01/model.config
[1.561s] -- Up-to-date symlink: /home/ziad/ziad_ws/ROS2/work_space/install/yahboom_rosmaster_gazebo/share/yahboom_rosmaster_gazebo/models/aws_robomaker_residential_PortraitD_01/model.sdf
[1.561s] -- Up-to-date symlink: /home/ziad/ziad_ws/ROS2/work_space/install/yahboom_rosmaster_gazebo/share/yahboom_rosmaster_gazebo/models/aws_robomaker_residential_PortraitD_02/materials/textures/PortraitD_02.jpg
[1.562s] -- Up-to-date symlink: /home/ziad/ziad_ws/ROS2/work_space/install/yahboom_rosmaster_gazebo/share/yahboom_rosmaster_gazebo/models/aws_robomaker_residential_PortraitD_02/materials/textures/aws_PortraitD_01.png
[1.562s] -- Up-to-date symlink: /home/ziad/ziad_ws/ROS2/work_space/install/yahboom_rosmaster_gazebo/share/yahboom_rosmaster_gazebo/models/aws_robomaker_residential_PortraitD_02/materials/textures/aws_PortraitD_02.png
[1.563s] -- Up-to-date symlink: /home/ziad/ziad_ws/ROS2/work_space/install/yahboom_rosmaster_gazebo/share/yahboom_rosmaster_gazebo/models/aws_robomaker_residential_PortraitD_02/meshes/aws_PortraitD_01_collision.DAE
[1.565s] -- Up-to-date symlink: /home/ziad/ziad_ws/ROS2/work_space/install/yahboom_rosmaster_gazebo/share/yahboom_rosmaster_gazebo/models/aws_robomaker_residential_PortraitD_02/meshes/aws_PortraitD_01_visual.DAE
[1.565s] -- Up-to-date symlink: /home/ziad/ziad_ws/ROS2/work_space/install/yahboom_rosmaster_gazebo/share/yahboom_rosmaster_gazebo/models/aws_robomaker_residential_PortraitD_02/model.config
[1.566s] -- Up-to-date symlink: /home/ziad/ziad_ws/ROS2/work_space/install/yahboom_rosmaster_gazebo/share/yahboom_rosmaster_gazebo/models/aws_robomaker_residential_PortraitD_02/model.sdf
[1.566s] -- Up-to-date symlink: /home/ziad/ziad_ws/ROS2/work_space/install/yahboom_rosmaster_gazebo/share/yahboom_rosmaster_gazebo/models/aws_robomaker_residential_PortraitE_01/materials/textures/PortraitE_01.jpg
[1.566s] -- Up-to-date symlink: /home/ziad/ziad_ws/ROS2/work_space/install/yahboom_rosmaster_gazebo/share/yahboom_rosmaster_gazebo/models/aws_robomaker_residential_PortraitE_01/materials/textures/aws_PortraitE_01.png
[1.566s] -- Up-to-date symlink: /home/ziad/ziad_ws/ROS2/work_space/install/yahboom_rosmaster_gazebo/share/yahboom_rosmaster_gazebo/models/aws_robomaker_residential_PortraitE_01/materials/textures/aws_PortraitE_02.png
[1.568s] -- Up-to-date symlink: /home/ziad/ziad_ws/ROS2/work_space/install/yahboom_rosmaster_gazebo/share/yahboom_rosmaster_gazebo/models/aws_robomaker_residential_PortraitE_01/meshes/aws_PortraitE_01_collision.DAE
[1.570s] -- Up-to-date symlink: /home/ziad/ziad_ws/ROS2/work_space/install/yahboom_rosmaster_gazebo/share/yahboom_rosmaster_gazebo/models/aws_robomaker_residential_PortraitE_01/meshes/aws_PortraitE_01_visual.DAE
[1.571s] -- Up-to-date symlink: /home/ziad/ziad_ws/ROS2/work_space/install/yahboom_rosmaster_gazebo/share/yahboom_rosmaster_gazebo/models/aws_robomaker_residential_PortraitE_01/model.config
[1.572s] -- Up-to-date symlink: /home/ziad/ziad_ws/ROS2/work_space/install/yahboom_rosmaster_gazebo/share/yahboom_rosmaster_gazebo/models/aws_robomaker_residential_PortraitE_01/model.sdf
[1.573s] -- Up-to-date symlink: /home/ziad/ziad_ws/ROS2/work_space/install/yahboom_rosmaster_gazebo/share/yahboom_rosmaster_gazebo/models/aws_robomaker_residential_PortraitE_02/materials/textures/PortraitE_02.jpg
[1.573s] -- Up-to-date symlink: /home/ziad/ziad_ws/ROS2/work_space/install/yahboom_rosmaster_gazebo/share/yahboom_rosmaster_gazebo/models/aws_robomaker_residential_PortraitE_02/materials/textures/aws_PortraitE_01.png
[1.573s] -- Up-to-date symlink: /home/ziad/ziad_ws/ROS2/work_space/install/yahboom_rosmaster_gazebo/share/yahboom_rosmaster_gazebo/models/aws_robomaker_residential_PortraitE_02/materials/textures/aws_PortraitE_02.png
[1.574s] -- Up-to-date symlink: /home/ziad/ziad_ws/ROS2/work_space/install/yahboom_rosmaster_gazebo/share/yahboom_rosmaster_gazebo/models/aws_robomaker_residential_PortraitE_02/meshes/aws_PortraitE_01_collision.DAE
[1.575s] -- Up-to-date symlink: /home/ziad/ziad_ws/ROS2/work_space/install/yahboom_rosmaster_gazebo/share/yahboom_rosmaster_gazebo/models/aws_robomaker_residential_PortraitE_02/meshes/aws_PortraitE_01_visual.DAE
[1.575s] -- Up-to-date symlink: /home/ziad/ziad_ws/ROS2/work_space/install/yahboom_rosmaster_gazebo/share/yahboom_rosmaster_gazebo/models/aws_robomaker_residential_PortraitE_02/model.config
[1.575s] -- Up-to-date symlink: /home/ziad/ziad_ws/ROS2/work_space/install/yahboom_rosmaster_gazebo/share/yahboom_rosmaster_gazebo/models/aws_robomaker_residential_PortraitE_02/model.sdf
[1.575s] -- Up-to-date symlink: /home/ziad/ziad_ws/ROS2/work_space/install/yahboom_rosmaster_gazebo/share/yahboom_rosmaster_gazebo/models/aws_robomaker_residential_Quilt_01/materials/textures/aws_Quilt_01.png
[1.575s] -- Up-to-date symlink: /home/ziad/ziad_ws/ROS2/work_space/install/yahboom_rosmaster_gazebo/share/yahboom_rosmaster_gazebo/models/aws_robomaker_residential_Quilt_01/meshes/aws_Quilt_01_collision.DAE
[1.578s] -- Up-to-date symlink: /home/ziad/ziad_ws/ROS2/work_space/install/yahboom_rosmaster_gazebo/share/yahboom_rosmaster_gazebo/models/aws_robomaker_residential_Quilt_01/meshes/aws_Quilt_01_visual.DAE
[1.579s] -- Up-to-date symlink: /home/ziad/ziad_ws/ROS2/work_space/install/yahboom_rosmaster_gazebo/share/yahboom_rosmaster_gazebo/models/aws_robomaker_residential_Quilt_01/model.config
[1.579s] -- Up-to-date symlink: /home/ziad/ziad_ws/ROS2/work_space/install/yahboom_rosmaster_gazebo/share/yahboom_rosmaster_gazebo/models/aws_robomaker_residential_Quilt_01/model.sdf
[1.582s] -- Up-to-date symlink: /home/ziad/ziad_ws/ROS2/work_space/install/yahboom_rosmaster_gazebo/share/yahboom_rosmaster_gazebo/models/aws_robomaker_residential_Rangehood_01/materials/textures/aws_Rangehood_01.png
[1.588s] -- Up-to-date symlink: /home/ziad/ziad_ws/ROS2/work_space/install/yahboom_rosmaster_gazebo/share/yahboom_rosmaster_gazebo/models/aws_robomaker_residential_Rangehood_01/meshes/aws_Rangehood_01_collision.DAE
[1.592s] -- Up-to-date symlink: /home/ziad/ziad_ws/ROS2/work_space/install/yahboom_rosmaster_gazebo/share/yahboom_rosmaster_gazebo/models/aws_robomaker_residential_Rangehood_01/meshes/aws_Rangehood_01_visual.DAE
[1.592s] -- Up-to-date symlink: /home/ziad/ziad_ws/ROS2/work_space/install/yahboom_rosmaster_gazebo/share/yahboom_rosmaster_gazebo/models/aws_robomaker_residential_Rangehood_01/model.config
[1.593s] -- Up-to-date symlink: /home/ziad/ziad_ws/ROS2/work_space/install/yahboom_rosmaster_gazebo/share/yahboom_rosmaster_gazebo/models/aws_robomaker_residential_Rangehood_01/model.sdf
[1.593s] -- Up-to-date symlink: /home/ziad/ziad_ws/ROS2/work_space/install/yahboom_rosmaster_gazebo/share/yahboom_rosmaster_gazebo/models/aws_robomaker_residential_ReadingDesk_01/materials/textures/aws_ReadingDesk_01.png
[1.593s] -- Up-to-date symlink: /home/ziad/ziad_ws/ROS2/work_space/install/yahboom_rosmaster_gazebo/share/yahboom_rosmaster_gazebo/models/aws_robomaker_residential_ReadingDesk_01/meshes/aws_ReadingDesk_01_collision.DAE
[1.593s] -- Up-to-date symlink: /home/ziad/ziad_ws/ROS2/work_space/install/yahboom_rosmaster_gazebo/share/yahboom_rosmaster_gazebo/models/aws_robomaker_residential_ReadingDesk_01/meshes/aws_ReadingDesk_01_visual.DAE
[1.594s] -- Up-to-date symlink: /home/ziad/ziad_ws/ROS2/work_space/install/yahboom_rosmaster_gazebo/share/yahboom_rosmaster_gazebo/models/aws_robomaker_residential_ReadingDesk_01/model.config
[1.594s] -- Up-to-date symlink: /home/ziad/ziad_ws/ROS2/work_space/install/yahboom_rosmaster_gazebo/share/yahboom_rosmaster_gazebo/models/aws_robomaker_residential_ReadingDesk_01/model.sdf
[1.595s] -- Up-to-date symlink: /home/ziad/ziad_ws/ROS2/work_space/install/yahboom_rosmaster_gazebo/share/yahboom_rosmaster_gazebo/models/aws_robomaker_residential_Refrigerator_01/materials/textures/aws_Refrigerator_01.png
[1.595s] -- Up-to-date symlink: /home/ziad/ziad_ws/ROS2/work_space/install/yahboom_rosmaster_gazebo/share/yahboom_rosmaster_gazebo/models/aws_robomaker_residential_Refrigerator_01/materials/textures/aws_Refrigerator_02.png
[1.596s] -- Up-to-date symlink: /home/ziad/ziad_ws/ROS2/work_space/install/yahboom_rosmaster_gazebo/share/yahboom_rosmaster_gazebo/models/aws_robomaker_residential_Refrigerator_01/meshes/aws_Refrigerator_01.DAE
[1.596s] -- Up-to-date symlink: /home/ziad/ziad_ws/ROS2/work_space/install/yahboom_rosmaster_gazebo/share/yahboom_rosmaster_gazebo/models/aws_robomaker_residential_Refrigerator_01/meshes/aws_Refrigerator_01_collision.DAE
[1.597s] -- Up-to-date symlink: /home/ziad/ziad_ws/ROS2/work_space/install/yahboom_rosmaster_gazebo/share/yahboom_rosmaster_gazebo/models/aws_robomaker_residential_Refrigerator_01/meshes/aws_Refrigerator_01_visual.DAE
[1.597s] -- Up-to-date symlink: /home/ziad/ziad_ws/ROS2/work_space/install/yahboom_rosmaster_gazebo/share/yahboom_rosmaster_gazebo/models/aws_robomaker_residential_Refrigerator_01/model.config
[1.597s] -- Up-to-date symlink: /home/ziad/ziad_ws/ROS2/work_space/install/yahboom_rosmaster_gazebo/share/yahboom_rosmaster_gazebo/models/aws_robomaker_residential_Refrigerator_01/model.sdf
[1.597s] -- Up-to-date symlink: /home/ziad/ziad_ws/ROS2/work_space/install/yahboom_rosmaster_gazebo/share/yahboom_rosmaster_gazebo/models/aws_robomaker_residential_RoomCeiling_01/materials/textures/aws_RoomCeiling_01.png
[1.598s] -- Up-to-date symlink: /home/ziad/ziad_ws/ROS2/work_space/install/yahboom_rosmaster_gazebo/share/yahboom_rosmaster_gazebo/models/aws_robomaker_residential_RoomCeiling_01/meshes/aws_RoomCeiling_01_collision.DAE
[1.598s] -- Up-to-date symlink: /home/ziad/ziad_ws/ROS2/work_space/install/yahboom_rosmaster_gazebo/share/yahboom_rosmaster_gazebo/models/aws_robomaker_residential_RoomCeiling_01/meshes/aws_RoomCeiling_01_visual.DAE
[1.598s] -- Up-to-date symlink: /home/ziad/ziad_ws/ROS2/work_space/install/yahboom_rosmaster_gazebo/share/yahboom_rosmaster_gazebo/models/aws_robomaker_residential_RoomCeiling_01/model.config
[1.598s] -- Up-to-date symlink: /home/ziad/ziad_ws/ROS2/work_space/install/yahboom_rosmaster_gazebo/share/yahboom_rosmaster_gazebo/models/aws_robomaker_residential_RoomCeiling_01/model.sdf
[1.599s] -- Up-to-date symlink: /home/ziad/ziad_ws/ROS2/work_space/install/yahboom_rosmaster_gazebo/share/yahboom_rosmaster_gazebo/models/aws_robomaker_residential_RoomWall_01/materials/textures/aws_RoomWall_01.png
[1.599s] -- Up-to-date symlink: /home/ziad/ziad_ws/ROS2/work_space/install/yahboom_rosmaster_gazebo/share/yahboom_rosmaster_gazebo/models/aws_robomaker_residential_RoomWall_01/meshes/aws_RoomWall_01_collision.DAE
[1.599s] -- Up-to-date symlink: /home/ziad/ziad_ws/ROS2/work_space/install/yahboom_rosmaster_gazebo/share/yahboom_rosmaster_gazebo/models/aws_robomaker_residential_RoomWall_01/meshes/aws_RoomWall_01_visual.DAE
[1.599s] -- Up-to-date symlink: /home/ziad/ziad_ws/ROS2/work_space/install/yahboom_rosmaster_gazebo/share/yahboom_rosmaster_gazebo/models/aws_robomaker_residential_RoomWall_01/model.config
[1.599s] -- Up-to-date symlink: /home/ziad/ziad_ws/ROS2/work_space/install/yahboom_rosmaster_gazebo/share/yahboom_rosmaster_gazebo/models/aws_robomaker_residential_RoomWall_01/model.sdf
[1.599s] -- Up-to-date symlink: /home/ziad/ziad_ws/ROS2/work_space/install/yahboom_rosmaster_gazebo/share/yahboom_rosmaster_gazebo/models/aws_robomaker_residential_RoomWindow_01/materials/textures/aws_RoomWindow_01.png
[1.603s] -- Up-to-date symlink: /home/ziad/ziad_ws/ROS2/work_space/install/yahboom_rosmaster_gazebo/share/yahboom_rosmaster_gazebo/models/aws_robomaker_residential_RoomWindow_01/meshes/aws_RoomWindow_01_collision.DAE
[1.603s] -- Up-to-date symlink: /home/ziad/ziad_ws/ROS2/work_space/install/yahboom_rosmaster_gazebo/share/yahboom_rosmaster_gazebo/models/aws_robomaker_residential_RoomWindow_01/meshes/aws_RoomWindow_01_visual.DAE
[1.603s] -- Up-to-date symlink: /home/ziad/ziad_ws/ROS2/work_space/install/yahboom_rosmaster_gazebo/share/yahboom_rosmaster_gazebo/models/aws_robomaker_residential_RoomWindow_01/model.config
[1.603s] -- Up-to-date symlink: /home/ziad/ziad_ws/ROS2/work_space/install/yahboom_rosmaster_gazebo/share/yahboom_rosmaster_gazebo/models/aws_robomaker_residential_RoomWindow_01/model.sdf
[1.604s] -- Up-to-date symlink: /home/ziad/ziad_ws/ROS2/work_space/install/yahboom_rosmaster_gazebo/share/yahboom_rosmaster_gazebo/models/aws_robomaker_residential_SeasoningBox_01/materials/textures/aws_SeasoningBox_01.png
[1.604s] -- Up-to-date symlink: /home/ziad/ziad_ws/ROS2/work_space/install/yahboom_rosmaster_gazebo/share/yahboom_rosmaster_gazebo/models/aws_robomaker_residential_SeasoningBox_01/meshes/aws_SeasoningBox_01_collision.DAE
[1.604s] -- Up-to-date symlink: /home/ziad/ziad_ws/ROS2/work_space/install/yahboom_rosmaster_gazebo/share/yahboom_rosmaster_gazebo/models/aws_robomaker_residential_SeasoningBox_01/meshes/aws_SeasoningBox_01_visual.DAE
[1.604s] -- Up-to-date symlink: /home/ziad/ziad_ws/ROS2/work_space/install/yahboom_rosmaster_gazebo/share/yahboom_rosmaster_gazebo/models/aws_robomaker_residential_SeasoningBox_01/model.config
[1.604s] -- Up-to-date symlink: /home/ziad/ziad_ws/ROS2/work_space/install/yahboom_rosmaster_gazebo/share/yahboom_rosmaster_gazebo/models/aws_robomaker_residential_SeasoningBox_01/model.sdf
[1.604s] -- Up-to-date symlink: /home/ziad/ziad_ws/ROS2/work_space/install/yahboom_rosmaster_gazebo/share/yahboom_rosmaster_gazebo/models/aws_robomaker_residential_SecurityCamera_01/materials/textures/aws_SecurityCamera_01.png
[1.604s] -- Up-to-date symlink: /home/ziad/ziad_ws/ROS2/work_space/install/yahboom_rosmaster_gazebo/share/yahboom_rosmaster_gazebo/models/aws_robomaker_residential_SecurityCamera_01/meshes/aws_SecurityCamera_01_collision.DAE
[1.605s] -- Up-to-date symlink: /home/ziad/ziad_ws/ROS2/work_space/install/yahboom_rosmaster_gazebo/share/yahboom_rosmaster_gazebo/models/aws_robomaker_residential_SecurityCamera_01/meshes/aws_SecurityCamera_01_visual.DAE
[1.605s] -- Up-to-date symlink: /home/ziad/ziad_ws/ROS2/work_space/install/yahboom_rosmaster_gazebo/share/yahboom_rosmaster_gazebo/models/aws_robomaker_residential_SecurityCamera_01/model.config
[1.605s] -- Up-to-date symlink: /home/ziad/ziad_ws/ROS2/work_space/install/yahboom_rosmaster_gazebo/share/yahboom_rosmaster_gazebo/models/aws_robomaker_residential_SecurityCamera_01/model.sdf
[1.606s] -- Up-to-date symlink: /home/ziad/ziad_ws/ROS2/work_space/install/yahboom_rosmaster_gazebo/share/yahboom_rosmaster_gazebo/models/aws_robomaker_residential_ShoeRack_01/materials/textures/aws_ShoeRack_01.png
[1.606s] -- Up-to-date symlink: /home/ziad/ziad_ws/ROS2/work_space/install/yahboom_rosmaster_gazebo/share/yahboom_rosmaster_gazebo/models/aws_robomaker_residential_ShoeRack_01/meshes/aws_ShoeRack_01_collision.DAE
[1.606s] -- Up-to-date symlink: /home/ziad/ziad_ws/ROS2/work_space/install/yahboom_rosmaster_gazebo/share/yahboom_rosmaster_gazebo/models/aws_robomaker_residential_ShoeRack_01/meshes/aws_ShoeRack_01_visual.DAE
[1.606s] -- Up-to-date symlink: /home/ziad/ziad_ws/ROS2/work_space/install/yahboom_rosmaster_gazebo/share/yahboom_rosmaster_gazebo/models/aws_robomaker_residential_ShoeRack_01/model.config
[1.606s] -- Up-to-date symlink: /home/ziad/ziad_ws/ROS2/work_space/install/yahboom_rosmaster_gazebo/share/yahboom_rosmaster_gazebo/models/aws_robomaker_residential_ShoeRack_01/model.sdf
[1.606s] -- Up-to-date symlink: /home/ziad/ziad_ws/ROS2/work_space/install/yahboom_rosmaster_gazebo/share/yahboom_rosmaster_gazebo/models/aws_robomaker_residential_SofaB_01/materials/textures/aws_SofaB_01.png
[1.607s] -- Up-to-date symlink: /home/ziad/ziad_ws/ROS2/work_space/install/yahboom_rosmaster_gazebo/share/yahboom_rosmaster_gazebo/models/aws_robomaker_residential_SofaB_01/meshes/aws_SofaB_01_collision.DAE
[1.607s] -- Up-to-date symlink: /home/ziad/ziad_ws/ROS2/work_space/install/yahboom_rosmaster_gazebo/share/yahboom_rosmaster_gazebo/models/aws_robomaker_residential_SofaB_01/meshes/aws_SofaB_01_visual.DAE
[1.607s] -- Up-to-date symlink: /home/ziad/ziad_ws/ROS2/work_space/install/yahboom_rosmaster_gazebo/share/yahboom_rosmaster_gazebo/models/aws_robomaker_residential_SofaB_01/model.config
[1.607s] -- Up-to-date symlink: /home/ziad/ziad_ws/ROS2/work_space/install/yahboom_rosmaster_gazebo/share/yahboom_rosmaster_gazebo/models/aws_robomaker_residential_SofaB_01/model.sdf
[1.610s] -- Up-to-date symlink: /home/ziad/ziad_ws/ROS2/work_space/install/yahboom_rosmaster_gazebo/share/yahboom_rosmaster_gazebo/models/aws_robomaker_residential_SofaC_01/materials/textures/aws_SofaC_01.png
[1.611s] -- Up-to-date symlink: /home/ziad/ziad_ws/ROS2/work_space/install/yahboom_rosmaster_gazebo/share/yahboom_rosmaster_gazebo/models/aws_robomaker_residential_SofaC_01/meshes/aws_SofaC_01_collision.DAE
[1.611s] -- Up-to-date symlink: /home/ziad/ziad_ws/ROS2/work_space/install/yahboom_rosmaster_gazebo/share/yahboom_rosmaster_gazebo/models/aws_robomaker_residential_SofaC_01/meshes/aws_SofaC_01_visual.DAE
[1.611s] -- Up-to-date symlink: /home/ziad/ziad_ws/ROS2/work_space/install/yahboom_rosmaster_gazebo/share/yahboom_rosmaster_gazebo/models/aws_robomaker_residential_SofaC_01/model.config
[1.611s] -- Up-to-date symlink: /home/ziad/ziad_ws/ROS2/work_space/install/yahboom_rosmaster_gazebo/share/yahboom_rosmaster_gazebo/models/aws_robomaker_residential_SofaC_01/model.sdf
[1.611s] -- Up-to-date symlink: /home/ziad/ziad_ws/ROS2/work_space/install/yahboom_rosmaster_gazebo/share/yahboom_rosmaster_gazebo/models/aws_robomaker_residential_Sofa_01/materials/textures/aws_Sofa_01.png
[1.611s] -- Up-to-date symlink: /home/ziad/ziad_ws/ROS2/work_space/install/yahboom_rosmaster_gazebo/share/yahboom_rosmaster_gazebo/models/aws_robomaker_residential_Sofa_01/meshes/aws_Sofa_01.DAE
[1.613s] -- Up-to-date symlink: /home/ziad/ziad_ws/ROS2/work_space/install/yahboom_rosmaster_gazebo/share/yahboom_rosmaster_gazebo/models/aws_robomaker_residential_Sofa_01/meshes/aws_Sofa_01_collision.DAE
[1.613s] -- Up-to-date symlink: /home/ziad/ziad_ws/ROS2/work_space/install/yahboom_rosmaster_gazebo/share/yahboom_rosmaster_gazebo/models/aws_robomaker_residential_Sofa_01/meshes/aws_Sofa_01_visual.DAE
[1.616s] -- Up-to-date symlink: /home/ziad/ziad_ws/ROS2/work_space/install/yahboom_rosmaster_gazebo/share/yahboom_rosmaster_gazebo/models/aws_robomaker_residential_Sofa_01/model.config
[1.616s] -- Up-to-date symlink: /home/ziad/ziad_ws/ROS2/work_space/install/yahboom_rosmaster_gazebo/share/yahboom_rosmaster_gazebo/models/aws_robomaker_residential_Sofa_01/model.sdf
[1.616s] -- Up-to-date symlink: /home/ziad/ziad_ws/ROS2/work_space/install/yahboom_rosmaster_gazebo/share/yahboom_rosmaster_gazebo/models/aws_robomaker_residential_TVCabinet_01/materials/textures/aws_TVCabinet_01.png
[1.617s] -- Up-to-date symlink: /home/ziad/ziad_ws/ROS2/work_space/install/yahboom_rosmaster_gazebo/share/yahboom_rosmaster_gazebo/models/aws_robomaker_residential_TVCabinet_01/meshes/aws_TVCabinet_01_collision.DAE
[1.617s] -- Up-to-date symlink: /home/ziad/ziad_ws/ROS2/work_space/install/yahboom_rosmaster_gazebo/share/yahboom_rosmaster_gazebo/models/aws_robomaker_residential_TVCabinet_01/meshes/aws_TVCabinet_01_visual.DAE
[1.618s] -- Up-to-date symlink: /home/ziad/ziad_ws/ROS2/work_space/install/yahboom_rosmaster_gazebo/share/yahboom_rosmaster_gazebo/models/aws_robomaker_residential_TVCabinet_01/model.config
[1.618s] -- Up-to-date symlink: /home/ziad/ziad_ws/ROS2/work_space/install/yahboom_rosmaster_gazebo/share/yahboom_rosmaster_gazebo/models/aws_robomaker_residential_TVCabinet_01/model.sdf
[1.618s] -- Up-to-date symlink: /home/ziad/ziad_ws/ROS2/work_space/install/yahboom_rosmaster_gazebo/share/yahboom_rosmaster_gazebo/models/aws_robomaker_residential_TV_01/materials/textures/aws_TV_01.png
[1.619s] -- Up-to-date symlink: /home/ziad/ziad_ws/ROS2/work_space/install/yahboom_rosmaster_gazebo/share/yahboom_rosmaster_gazebo/models/aws_robomaker_residential_TV_01/meshes/aws_TV_01_collision.DAE
[1.621s] -- Up-to-date symlink: /home/ziad/ziad_ws/ROS2/work_space/install/yahboom_rosmaster_gazebo/share/yahboom_rosmaster_gazebo/models/aws_robomaker_residential_TV_01/meshes/aws_TV_01_visual.DAE
[1.621s] -- Up-to-date symlink: /home/ziad/ziad_ws/ROS2/work_space/install/yahboom_rosmaster_gazebo/share/yahboom_rosmaster_gazebo/models/aws_robomaker_residential_TV_01/model.config
[1.621s] -- Up-to-date symlink: /home/ziad/ziad_ws/ROS2/work_space/install/yahboom_rosmaster_gazebo/share/yahboom_rosmaster_gazebo/models/aws_robomaker_residential_TV_01/model.sdf
[1.622s] -- Up-to-date symlink: /home/ziad/ziad_ws/ROS2/work_space/install/yahboom_rosmaster_gazebo/share/yahboom_rosmaster_gazebo/models/aws_robomaker_residential_TV_02/materials/textures/aws_TV_01.png
[1.624s] -- Up-to-date symlink: /home/ziad/ziad_ws/ROS2/work_space/install/yahboom_rosmaster_gazebo/share/yahboom_rosmaster_gazebo/models/aws_robomaker_residential_TV_02/meshes/aws_TV_01_collision.DAE
[1.624s] -- Up-to-date symlink: /home/ziad/ziad_ws/ROS2/work_space/install/yahboom_rosmaster_gazebo/share/yahboom_rosmaster_gazebo/models/aws_robomaker_residential_TV_02/meshes/aws_TV_01_visual.DAE
[1.625s] -- Up-to-date symlink: /home/ziad/ziad_ws/ROS2/work_space/install/yahboom_rosmaster_gazebo/share/yahboom_rosmaster_gazebo/models/aws_robomaker_residential_TV_02/model.config
[1.625s] -- Up-to-date symlink: /home/ziad/ziad_ws/ROS2/work_space/install/yahboom_rosmaster_gazebo/share/yahboom_rosmaster_gazebo/models/aws_robomaker_residential_TV_02/model.sdf
[1.626s] -- Up-to-date symlink: /home/ziad/ziad_ws/ROS2/work_space/install/yahboom_rosmaster_gazebo/share/yahboom_rosmaster_gazebo/models/aws_robomaker_residential_Tablet_01/.DS_Store
[1.626s] -- Up-to-date symlink: /home/ziad/ziad_ws/ROS2/work_space/install/yahboom_rosmaster_gazebo/share/yahboom_rosmaster_gazebo/models/aws_robomaker_residential_Tablet_01/materials/.DS_Store
[1.626s] -- Up-to-date symlink: /home/ziad/ziad_ws/ROS2/work_space/install/yahboom_rosmaster_gazebo/share/yahboom_rosmaster_gazebo/models/aws_robomaker_residential_Tablet_01/materials/textures/aws_Tablet_01_nologo.png
[1.626s] -- Up-to-date symlink: /home/ziad/ziad_ws/ROS2/work_space/install/yahboom_rosmaster_gazebo/share/yahboom_rosmaster_gazebo/models/aws_robomaker_residential_Tablet_01/meshes/aws_Tablet_01_collision.DAE
[1.627s] -- Up-to-date symlink: /home/ziad/ziad_ws/ROS2/work_space/install/yahboom_rosmaster_gazebo/share/yahboom_rosmaster_gazebo/models/aws_robomaker_residential_Tablet_01/meshes/aws_Tablet_01_visual.DAE
[1.628s] -- Up-to-date symlink: /home/ziad/ziad_ws/ROS2/work_space/install/yahboom_rosmaster_gazebo/share/yahboom_rosmaster_gazebo/models/aws_robomaker_residential_Tablet_01/model.config
[1.628s] -- Up-to-date symlink: /home/ziad/ziad_ws/ROS2/work_space/install/yahboom_rosmaster_gazebo/share/yahboom_rosmaster_gazebo/models/aws_robomaker_residential_Tablet_01/model.sdf
[1.629s] -- Up-to-date symlink: /home/ziad/ziad_ws/ROS2/work_space/install/yahboom_rosmaster_gazebo/share/yahboom_rosmaster_gazebo/models/aws_robomaker_residential_Tableware_01/materials/textures/aws_Tableware_01.png
[1.629s] -- Up-to-date symlink: /home/ziad/ziad_ws/ROS2/work_space/install/yahboom_rosmaster_gazebo/share/yahboom_rosmaster_gazebo/models/aws_robomaker_residential_Tableware_01/meshes/aws_Tableware_01_collision.DAE
[1.630s] -- Up-to-date symlink: /home/ziad/ziad_ws/ROS2/work_space/install/yahboom_rosmaster_gazebo/share/yahboom_rosmaster_gazebo/models/aws_robomaker_residential_Tableware_01/meshes/aws_Tableware_01_visual.DAE
[1.630s] -- Up-to-date symlink: /home/ziad/ziad_ws/ROS2/work_space/install/yahboom_rosmaster_gazebo/share/yahboom_rosmaster_gazebo/models/aws_robomaker_residential_Tableware_01/model.config
[1.630s] -- Up-to-date symlink: /home/ziad/ziad_ws/ROS2/work_space/install/yahboom_rosmaster_gazebo/share/yahboom_rosmaster_gazebo/models/aws_robomaker_residential_Tableware_01/model.sdf
[1.630s] -- Up-to-date symlink: /home/ziad/ziad_ws/ROS2/work_space/install/yahboom_rosmaster_gazebo/share/yahboom_rosmaster_gazebo/models/aws_robomaker_residential_Trash_01/materials/textures/aws_Trash_01.png
[1.630s] -- Up-to-date symlink: /home/ziad/ziad_ws/ROS2/work_space/install/yahboom_rosmaster_gazebo/share/yahboom_rosmaster_gazebo/models/aws_robomaker_residential_Trash_01/meshes/aws_Trash_01_collision.DAE
[1.630s] -- Up-to-date symlink: /home/ziad/ziad_ws/ROS2/work_space/install/yahboom_rosmaster_gazebo/share/yahboom_rosmaster_gazebo/models/aws_robomaker_residential_Trash_01/meshes/aws_Trash_01_visual.DAE
[1.632s] -- Up-to-date symlink: /home/ziad/ziad_ws/ROS2/work_space/install/yahboom_rosmaster_gazebo/share/yahboom_rosmaster_gazebo/models/aws_robomaker_residential_Trash_01/model.config
[1.632s] -- Up-to-date symlink: /home/ziad/ziad_ws/ROS2/work_space/install/yahboom_rosmaster_gazebo/share/yahboom_rosmaster_gazebo/models/aws_robomaker_residential_Trash_01/model.sdf
[1.633s] -- Up-to-date symlink: /home/ziad/ziad_ws/ROS2/work_space/install/yahboom_rosmaster_gazebo/share/yahboom_rosmaster_gazebo/models/aws_robomaker_residential_Vase_01/materials/textures/aws_Vase_01.png
[1.637s] -- Up-to-date symlink: /home/ziad/ziad_ws/ROS2/work_space/install/yahboom_rosmaster_gazebo/share/yahboom_rosmaster_gazebo/models/aws_robomaker_residential_Vase_01/meshes/aws_Vase_01_collision.DAE
[1.637s] -- Up-to-date symlink: /home/ziad/ziad_ws/ROS2/work_space/install/yahboom_rosmaster_gazebo/share/yahboom_rosmaster_gazebo/models/aws_robomaker_residential_Vase_01/meshes/aws_Vase_01_visual.DAE
[1.638s] -- Up-to-date symlink: /home/ziad/ziad_ws/ROS2/work_space/install/yahboom_rosmaster_gazebo/share/yahboom_rosmaster_gazebo/models/aws_robomaker_residential_Vase_01/model.config
[1.638s] -- Up-to-date symlink: /home/ziad/ziad_ws/ROS2/work_space/install/yahboom_rosmaster_gazebo/share/yahboom_rosmaster_gazebo/models/aws_robomaker_residential_Vase_01/model.sdf
[1.639s] -- Up-to-date symlink: /home/ziad/ziad_ws/ROS2/work_space/install/yahboom_rosmaster_gazebo/share/yahboom_rosmaster_gazebo/models/aws_robomaker_residential_Wardrobe_01/materials/textures/aws_Wardrobe_01.png
[1.639s] -- Up-to-date symlink: /home/ziad/ziad_ws/ROS2/work_space/install/yahboom_rosmaster_gazebo/share/yahboom_rosmaster_gazebo/models/aws_robomaker_residential_Wardrobe_01/meshes/aws_Wardrobe_01_collision.DAE
[1.639s] -- Up-to-date symlink: /home/ziad/ziad_ws/ROS2/work_space/install/yahboom_rosmaster_gazebo/share/yahboom_rosmaster_gazebo/models/aws_robomaker_residential_Wardrobe_01/meshes/aws_Wardrobe_01_visual.DAE
[1.640s] -- Up-to-date symlink: /home/ziad/ziad_ws/ROS2/work_space/install/yahboom_rosmaster_gazebo/share/yahboom_rosmaster_gazebo/models/aws_robomaker_residential_Wardrobe_01/model.config
[1.640s] -- Up-to-date symlink: /home/ziad/ziad_ws/ROS2/work_space/install/yahboom_rosmaster_gazebo/share/yahboom_rosmaster_gazebo/models/aws_robomaker_residential_Wardrobe_01/model.sdf
[1.641s] -- Up-to-date symlink: /home/ziad/ziad_ws/ROS2/work_space/install/yahboom_rosmaster_gazebo/share/yahboom_rosmaster_gazebo/models/aws_robomaker_warehouse_Bucket_01/.DS_Store
[1.641s] -- Up-to-date symlink: /home/ziad/ziad_ws/ROS2/work_space/install/yahboom_rosmaster_gazebo/share/yahboom_rosmaster_gazebo/models/aws_robomaker_warehouse_Bucket_01/materials/.DS_Store
[1.641s] -- Up-to-date symlink: /home/ziad/ziad_ws/ROS2/work_space/install/yahboom_rosmaster_gazebo/share/yahboom_rosmaster_gazebo/models/aws_robomaker_warehouse_Bucket_01/materials/textures/aws_robomaker_warehouse_Bucket_01.png
[1.641s] -- Up-to-date symlink: /home/ziad/ziad_ws/ROS2/work_space/install/yahboom_rosmaster_gazebo/share/yahboom_rosmaster_gazebo/models/aws_robomaker_warehouse_Bucket_01/meshes/aws_robomaker_warehouse_Bucket_01_collision.DAE
[1.641s] -- Up-to-date symlink: /home/ziad/ziad_ws/ROS2/work_space/install/yahboom_rosmaster_gazebo/share/yahboom_rosmaster_gazebo/models/aws_robomaker_warehouse_Bucket_01/meshes/aws_robomaker_warehouse_Bucket_01_visual.DAE
[1.642s] -- Up-to-date symlink: /home/ziad/ziad_ws/ROS2/work_space/install/yahboom_rosmaster_gazebo/share/yahboom_rosmaster_gazebo/models/aws_robomaker_warehouse_Bucket_01/model.config
[1.642s] -- Up-to-date symlink: /home/ziad/ziad_ws/ROS2/work_space/install/yahboom_rosmaster_gazebo/share/yahboom_rosmaster_gazebo/models/aws_robomaker_warehouse_Bucket_01/model.sdf
[1.642s] -- Up-to-date symlink: /home/ziad/ziad_ws/ROS2/work_space/install/yahboom_rosmaster_gazebo/share/yahboom_rosmaster_gazebo/models/aws_robomaker_warehouse_ClutteringA_01/.DS_Store
[1.642s] -- Up-to-date symlink: /home/ziad/ziad_ws/ROS2/work_space/install/yahboom_rosmaster_gazebo/share/yahboom_rosmaster_gazebo/models/aws_robomaker_warehouse_ClutteringA_01/materials/.DS_Store
[1.644s] -- Up-to-date symlink: /home/ziad/ziad_ws/ROS2/work_space/install/yahboom_rosmaster_gazebo/share/yahboom_rosmaster_gazebo/models/aws_robomaker_warehouse_ClutteringA_01/materials/textures/.DS_Store
[1.645s] -- Up-to-date symlink: /home/ziad/ziad_ws/ROS2/work_space/install/yahboom_rosmaster_gazebo/share/yahboom_rosmaster_gazebo/models/aws_robomaker_warehouse_ClutteringA_01/materials/textures/aws_robomaker_warehouse_ClutteringA_01.png
[1.645s] -- Up-to-date symlink: /home/ziad/ziad_ws/ROS2/work_space/install/yahboom_rosmaster_gazebo/share/yahboom_rosmaster_gazebo/models/aws_robomaker_warehouse_ClutteringA_01/materials/textures/aws_robomaker_warehouse_ClutteringA_02.png
[1.645s] -- Up-to-date symlink: /home/ziad/ziad_ws/ROS2/work_space/install/yahboom_rosmaster_gazebo/share/yahboom_rosmaster_gazebo/models/aws_robomaker_warehouse_ClutteringA_01/materials/textures/aws_robomaker_warehouse_ClutteringA_03.png
[1.646s] -- Up-to-date symlink: /home/ziad/ziad_ws/ROS2/work_space/install/yahboom_rosmaster_gazebo/share/yahboom_rosmaster_gazebo/models/aws_robomaker_warehouse_ClutteringA_01/meshes/aws_robomaker_warehouse_ClutteringA_01_collision.DAE
[1.647s] -- Up-to-date symlink: /home/ziad/ziad_ws/ROS2/work_space/install/yahboom_rosmaster_gazebo/share/yahboom_rosmaster_gazebo/models/aws_robomaker_warehouse_ClutteringA_01/meshes/aws_robomaker_warehouse_ClutteringA_01_visual.DAE
[1.648s] -- Up-to-date symlink: /home/ziad/ziad_ws/ROS2/work_space/install/yahboom_rosmaster_gazebo/share/yahboom_rosmaster_gazebo/models/aws_robomaker_warehouse_ClutteringA_01/model.config
[1.648s] -- Up-to-date symlink: /home/ziad/ziad_ws/ROS2/work_space/install/yahboom_rosmaster_gazebo/share/yahboom_rosmaster_gazebo/models/aws_robomaker_warehouse_ClutteringA_01/model.sdf
[1.649s] -- Up-to-date symlink: /home/ziad/ziad_ws/ROS2/work_space/install/yahboom_rosmaster_gazebo/share/yahboom_rosmaster_gazebo/models/aws_robomaker_warehouse_ClutteringC_01/materials/textures/aws_robomaker_warehouse_ClutteringC_01.png
[1.650s] -- Up-to-date symlink: /home/ziad/ziad_ws/ROS2/work_space/install/yahboom_rosmaster_gazebo/share/yahboom_rosmaster_gazebo/models/aws_robomaker_warehouse_ClutteringC_01/materials/textures/aws_robomaker_warehouse_ClutteringC_02.png
[1.651s] -- Up-to-date symlink: /home/ziad/ziad_ws/ROS2/work_space/install/yahboom_rosmaster_gazebo/share/yahboom_rosmaster_gazebo/models/aws_robomaker_warehouse_ClutteringC_01/meshes/aws_robomaker_warehouse_ClutteringC_01_collision.DAE
[1.651s] -- Up-to-date symlink: /home/ziad/ziad_ws/ROS2/work_space/install/yahboom_rosmaster_gazebo/share/yahboom_rosmaster_gazebo/models/aws_robomaker_warehouse_ClutteringC_01/meshes/aws_robomaker_warehouse_ClutteringC_01_visual.DAE
[1.653s] -- Up-to-date symlink: /home/ziad/ziad_ws/ROS2/work_space/install/yahboom_rosmaster_gazebo/share/yahboom_rosmaster_gazebo/models/aws_robomaker_warehouse_ClutteringC_01/model.config
[1.654s] -- Up-to-date symlink: /home/ziad/ziad_ws/ROS2/work_space/install/yahboom_rosmaster_gazebo/share/yahboom_rosmaster_gazebo/models/aws_robomaker_warehouse_ClutteringC_01/model.sdf
[1.654s] -- Up-to-date symlink: /home/ziad/ziad_ws/ROS2/work_space/install/yahboom_rosmaster_gazebo/share/yahboom_rosmaster_gazebo/models/aws_robomaker_warehouse_ClutteringD_01/materials/textures/aws_robomaker_warehouse_ClutteringD_01.png
[1.656s] -- Up-to-date symlink: /home/ziad/ziad_ws/ROS2/work_space/install/yahboom_rosmaster_gazebo/share/yahboom_rosmaster_gazebo/models/aws_robomaker_warehouse_ClutteringD_01/materials/textures/aws_robomaker_warehouse_ClutteringD_02.png
[1.656s] -- Up-to-date symlink: /home/ziad/ziad_ws/ROS2/work_space/install/yahboom_rosmaster_gazebo/share/yahboom_rosmaster_gazebo/models/aws_robomaker_warehouse_ClutteringD_01/meshes/aws_robomaker_warehouse_ClutteringD_01_collision.DAE
[1.656s] -- Up-to-date symlink: /home/ziad/ziad_ws/ROS2/work_space/install/yahboom_rosmaster_gazebo/share/yahboom_rosmaster_gazebo/models/aws_robomaker_warehouse_ClutteringD_01/meshes/aws_robomaker_warehouse_ClutteringD_01_visual.DAE
[1.656s] -- Up-to-date symlink: /home/ziad/ziad_ws/ROS2/work_space/install/yahboom_rosmaster_gazebo/share/yahboom_rosmaster_gazebo/models/aws_robomaker_warehouse_ClutteringD_01/model.config
[1.657s] -- Up-to-date symlink: /home/ziad/ziad_ws/ROS2/work_space/install/yahboom_rosmaster_gazebo/share/yahboom_rosmaster_gazebo/models/aws_robomaker_warehouse_ClutteringD_01/model.sdf
[1.659s] -- Up-to-date symlink: /home/ziad/ziad_ws/ROS2/work_space/install/yahboom_rosmaster_gazebo/share/yahboom_rosmaster_gazebo/models/aws_robomaker_warehouse_DeskC_01/materials/.DS_Store
[1.660s] -- Up-to-date symlink: /home/ziad/ziad_ws/ROS2/work_space/install/yahboom_rosmaster_gazebo/share/yahboom_rosmaster_gazebo/models/aws_robomaker_warehouse_DeskC_01/materials/textures/aws_robomaker_warehouse_DeskC_01.png
[1.660s] -- Up-to-date symlink: /home/ziad/ziad_ws/ROS2/work_space/install/yahboom_rosmaster_gazebo/share/yahboom_rosmaster_gazebo/models/aws_robomaker_warehouse_DeskC_01/materials/textures/aws_robomaker_warehouse_DeskC_02.png
[1.662s] -- Up-to-date symlink: /home/ziad/ziad_ws/ROS2/work_space/install/yahboom_rosmaster_gazebo/share/yahboom_rosmaster_gazebo/models/aws_robomaker_warehouse_DeskC_01/materials/textures/aws_robomaker_warehouse_DeskC_03.png
[1.663s] -- Up-to-date symlink: /home/ziad/ziad_ws/ROS2/work_space/install/yahboom_rosmaster_gazebo/share/yahboom_rosmaster_gazebo/models/aws_robomaker_warehouse_DeskC_01/materials/textures/aws_robomaker_warehouse_DeskC_03.psd
[1.663s] -- Up-to-date symlink: /home/ziad/ziad_ws/ROS2/work_space/install/yahboom_rosmaster_gazebo/share/yahboom_rosmaster_gazebo/models/aws_robomaker_warehouse_DeskC_01/materials/textures/aws_robomaker_warehouse_DeskC_04.png
[1.664s] -- Up-to-date symlink: /home/ziad/ziad_ws/ROS2/work_space/install/yahboom_rosmaster_gazebo/share/yahboom_rosmaster_gazebo/models/aws_robomaker_warehouse_DeskC_01/meshes/aws_robomaker_warehouse_DeskC_01_collision.DAE
[1.665s] -- Up-to-date symlink: /home/ziad/ziad_ws/ROS2/work_space/install/yahboom_rosmaster_gazebo/share/yahboom_rosmaster_gazebo/models/aws_robomaker_warehouse_DeskC_01/meshes/aws_robomaker_warehouse_DeskC_01_visual.DAE
[1.666s] -- Up-to-date symlink: /home/ziad/ziad_ws/ROS2/work_space/install/yahboom_rosmaster_gazebo/share/yahboom_rosmaster_gazebo/models/aws_robomaker_warehouse_DeskC_01/model.config
[1.666s] -- Up-to-date symlink: /home/ziad/ziad_ws/ROS2/work_space/install/yahboom_rosmaster_gazebo/share/yahboom_rosmaster_gazebo/models/aws_robomaker_warehouse_DeskC_01/model.sdf
[1.668s] -- Up-to-date symlink: /home/ziad/ziad_ws/ROS2/work_space/install/yahboom_rosmaster_gazebo/share/yahboom_rosmaster_gazebo/models/aws_robomaker_warehouse_GroundB_01/materials/textures/aws_robomaker_warehouse_GroundB_01.png
[1.669s] -- Up-to-date symlink: /home/ziad/ziad_ws/ROS2/work_space/install/yahboom_rosmaster_gazebo/share/yahboom_rosmaster_gazebo/models/aws_robomaker_warehouse_GroundB_01/materials/textures/aws_robomaker_warehouse_GroundB_02.png
[1.671s] -- Up-to-date symlink: /home/ziad/ziad_ws/ROS2/work_space/install/yahboom_rosmaster_gazebo/share/yahboom_rosmaster_gazebo/models/aws_robomaker_warehouse_GroundB_01/meshes/aws_robomaker_warehouse_GroundB_01_collision.DAE
[1.673s] -- Up-to-date symlink: /home/ziad/ziad_ws/ROS2/work_space/install/yahboom_rosmaster_gazebo/share/yahboom_rosmaster_gazebo/models/aws_robomaker_warehouse_GroundB_01/meshes/aws_robomaker_warehouse_GroundB_01_visual.DAE
[1.674s] -- Up-to-date symlink: /home/ziad/ziad_ws/ROS2/work_space/install/yahboom_rosmaster_gazebo/share/yahboom_rosmaster_gazebo/models/aws_robomaker_warehouse_GroundB_01/model.config
[1.674s] -- Up-to-date symlink: /home/ziad/ziad_ws/ROS2/work_space/install/yahboom_rosmaster_gazebo/share/yahboom_rosmaster_gazebo/models/aws_robomaker_warehouse_GroundB_01/model.sdf
[1.674s] -- Up-to-date symlink: /home/ziad/ziad_ws/ROS2/work_space/install/yahboom_rosmaster_gazebo/share/yahboom_rosmaster_gazebo/models/aws_robomaker_warehouse_Lamp_01/materials/textures/aws_robomaker_warehouse_Lamp_01.png
[1.674s] -- Up-to-date symlink: /home/ziad/ziad_ws/ROS2/work_space/install/yahboom_rosmaster_gazebo/share/yahboom_rosmaster_gazebo/models/aws_robomaker_warehouse_Lamp_01/meshes/aws_robomaker_warehouse_Lamp_01_collision.DAE
[1.675s] -- Up-to-date symlink: /home/ziad/ziad_ws/ROS2/work_space/install/yahboom_rosmaster_gazebo/share/yahboom_rosmaster_gazebo/models/aws_robomaker_warehouse_Lamp_01/meshes/aws_robomaker_warehouse_Lamp_01_visual.DAE
[1.676s] -- Up-to-date symlink: /home/ziad/ziad_ws/ROS2/work_space/install/yahboom_rosmaster_gazebo/share/yahboom_rosmaster_gazebo/models/aws_robomaker_warehouse_Lamp_01/model.config
[1.676s] -- Up-to-date symlink: /home/ziad/ziad_ws/ROS2/work_space/install/yahboom_rosmaster_gazebo/share/yahboom_rosmaster_gazebo/models/aws_robomaker_warehouse_Lamp_01/model.sdf
[1.677s] -- Up-to-date symlink: /home/ziad/ziad_ws/ROS2/work_space/install/yahboom_rosmaster_gazebo/share/yahboom_rosmaster_gazebo/models/aws_robomaker_warehouse_PalletJackB_01/.DS_Store
[1.678s] -- Up-to-date symlink: /home/ziad/ziad_ws/ROS2/work_space/install/yahboom_rosmaster_gazebo/share/yahboom_rosmaster_gazebo/models/aws_robomaker_warehouse_PalletJackB_01/materials/.DS_Store
[1.678s] -- Up-to-date symlink: /home/ziad/ziad_ws/ROS2/work_space/install/yahboom_rosmaster_gazebo/share/yahboom_rosmaster_gazebo/models/aws_robomaker_warehouse_PalletJackB_01/materials/textures/aws_robomaker_warehouse_PalletJackB_01.png
[1.678s] -- Up-to-date symlink: /home/ziad/ziad_ws/ROS2/work_space/install/yahboom_rosmaster_gazebo/share/yahboom_rosmaster_gazebo/models/aws_robomaker_warehouse_PalletJackB_01/materials/textures/aws_robomaker_warehouse_PalletJackB_02.png
[1.680s] -- Up-to-date symlink: /home/ziad/ziad_ws/ROS2/work_space/install/yahboom_rosmaster_gazebo/share/yahboom_rosmaster_gazebo/models/aws_robomaker_warehouse_PalletJackB_01/meshes/aws_robomaker_warehouse_PalletJackB_01_collision.DAE
[1.681s] -- Up-to-date symlink: /home/ziad/ziad_ws/ROS2/work_space/install/yahboom_rosmaster_gazebo/share/yahboom_rosmaster_gazebo/models/aws_robomaker_warehouse_PalletJackB_01/meshes/aws_robomaker_warehouse_PalletJackB_01_visual.DAE
[1.681s] -- Up-to-date symlink: /home/ziad/ziad_ws/ROS2/work_space/install/yahboom_rosmaster_gazebo/share/yahboom_rosmaster_gazebo/models/aws_robomaker_warehouse_PalletJackB_01/model.config
[1.681s] -- Up-to-date symlink: /home/ziad/ziad_ws/ROS2/work_space/install/yahboom_rosmaster_gazebo/share/yahboom_rosmaster_gazebo/models/aws_robomaker_warehouse_PalletJackB_01/model.sdf
[1.682s] -- Up-to-date symlink: /home/ziad/ziad_ws/ROS2/work_space/install/yahboom_rosmaster_gazebo/share/yahboom_rosmaster_gazebo/models/aws_robomaker_warehouse_RoofB_01/materials/textures/aws_robomaker_warehouse_RoofB_01.png
[1.685s] -- Up-to-date symlink: /home/ziad/ziad_ws/ROS2/work_space/install/yahboom_rosmaster_gazebo/share/yahboom_rosmaster_gazebo/models/aws_robomaker_warehouse_RoofB_01/meshes/aws_robomaker_warehouse_RoofB_01_collision.DAE
[1.688s] -- Up-to-date symlink: /home/ziad/ziad_ws/ROS2/work_space/install/yahboom_rosmaster_gazebo/share/yahboom_rosmaster_gazebo/models/aws_robomaker_warehouse_RoofB_01/meshes/aws_robomaker_warehouse_RoofB_01_visual.DAE
[1.694s] -- Up-to-date symlink: /home/ziad/ziad_ws/ROS2/work_space/install/yahboom_rosmaster_gazebo/share/yahboom_rosmaster_gazebo/models/aws_robomaker_warehouse_RoofB_01/model.config
[1.694s] -- Up-to-date symlink: /home/ziad/ziad_ws/ROS2/work_space/install/yahboom_rosmaster_gazebo/share/yahboom_rosmaster_gazebo/models/aws_robomaker_warehouse_RoofB_01/model.sdf
[1.694s] -- Up-to-date symlink: /home/ziad/ziad_ws/ROS2/work_space/install/yahboom_rosmaster_gazebo/share/yahboom_rosmaster_gazebo/models/aws_robomaker_warehouse_ShelfD_01/materials/textures/aws_robomaker_warehouse_ShelfD_01.png
[1.695s] -- Up-to-date symlink: /home/ziad/ziad_ws/ROS2/work_space/install/yahboom_rosmaster_gazebo/share/yahboom_rosmaster_gazebo/models/aws_robomaker_warehouse_ShelfD_01/materials/textures/aws_robomaker_warehouse_ShelfD_02.png
[1.695s] -- Up-to-date symlink: /home/ziad/ziad_ws/ROS2/work_space/install/yahboom_rosmaster_gazebo/share/yahboom_rosmaster_gazebo/models/aws_robomaker_warehouse_ShelfD_01/materials/textures/aws_robomaker_warehouse_ShelfD_03.png
[1.696s] -- Up-to-date symlink: /home/ziad/ziad_ws/ROS2/work_space/install/yahboom_rosmaster_gazebo/share/yahboom_rosmaster_gazebo/models/aws_robomaker_warehouse_ShelfD_01/materials/textures/aws_robomaker_warehouse_ShelfD_04.png
[1.696s] -- Up-to-date symlink: /home/ziad/ziad_ws/ROS2/work_space/install/yahboom_rosmaster_gazebo/share/yahboom_rosmaster_gazebo/models/aws_robomaker_warehouse_ShelfD_01/meshes/aws_robomaker_warehouse_ShelfD_01_collision.DAE
[1.697s] -- Up-to-date symlink: /home/ziad/ziad_ws/ROS2/work_space/install/yahboom_rosmaster_gazebo/share/yahboom_rosmaster_gazebo/models/aws_robomaker_warehouse_ShelfD_01/meshes/aws_robomaker_warehouse_ShelfD_01_visual.DAE
[1.697s] -- Up-to-date symlink: /home/ziad/ziad_ws/ROS2/work_space/install/yahboom_rosmaster_gazebo/share/yahboom_rosmaster_gazebo/models/aws_robomaker_warehouse_ShelfD_01/model.config
[1.697s] -- Up-to-date symlink: /home/ziad/ziad_ws/ROS2/work_space/install/yahboom_rosmaster_gazebo/share/yahboom_rosmaster_gazebo/models/aws_robomaker_warehouse_ShelfD_01/model.sdf
[1.697s] -- Up-to-date symlink: /home/ziad/ziad_ws/ROS2/work_space/install/yahboom_rosmaster_gazebo/share/yahboom_rosmaster_gazebo/models/aws_robomaker_warehouse_ShelfE_01/.DS_Store
[1.697s] -- Up-to-date symlink: /home/ziad/ziad_ws/ROS2/work_space/install/yahboom_rosmaster_gazebo/share/yahboom_rosmaster_gazebo/models/aws_robomaker_warehouse_ShelfE_01/materials/.DS_Store
[1.697s] -- Up-to-date symlink: /home/ziad/ziad_ws/ROS2/work_space/install/yahboom_rosmaster_gazebo/share/yahboom_rosmaster_gazebo/models/aws_robomaker_warehouse_ShelfE_01/materials/textures/aws_robomaker_warehouse_ShelfE_01.png
[1.698s] -- Up-to-date symlink: /home/ziad/ziad_ws/ROS2/work_space/install/yahboom_rosmaster_gazebo/share/yahboom_rosmaster_gazebo/models/aws_robomaker_warehouse_ShelfE_01/materials/textures/aws_robomaker_warehouse_ShelfE_02.png
[1.698s] -- Up-to-date symlink: /home/ziad/ziad_ws/ROS2/work_space/install/yahboom_rosmaster_gazebo/share/yahboom_rosmaster_gazebo/models/aws_robomaker_warehouse_ShelfE_01/materials/textures/aws_robomaker_warehouse_ShelfE_03.png
[1.698s] -- Up-to-date symlink: /home/ziad/ziad_ws/ROS2/work_space/install/yahboom_rosmaster_gazebo/share/yahboom_rosmaster_gazebo/models/aws_robomaker_warehouse_ShelfE_01/materials/textures/aws_robomaker_warehouse_ShelfE_04.png
[1.699s] -- Up-to-date symlink: /home/ziad/ziad_ws/ROS2/work_space/install/yahboom_rosmaster_gazebo/share/yahboom_rosmaster_gazebo/models/aws_robomaker_warehouse_ShelfE_01/meshes/aws_robomaker_warehouse_ShelfE_01_collision.DAE
[1.699s] -- Up-to-date symlink: /home/ziad/ziad_ws/ROS2/work_space/install/yahboom_rosmaster_gazebo/share/yahboom_rosmaster_gazebo/models/aws_robomaker_warehouse_ShelfE_01/meshes/aws_robomaker_warehouse_ShelfE_01_visual.DAE
[1.699s] -- Up-to-date symlink: /home/ziad/ziad_ws/ROS2/work_space/install/yahboom_rosmaster_gazebo/share/yahboom_rosmaster_gazebo/models/aws_robomaker_warehouse_ShelfE_01/model.config
[1.699s] -- Up-to-date symlink: /home/ziad/ziad_ws/ROS2/work_space/install/yahboom_rosmaster_gazebo/share/yahboom_rosmaster_gazebo/models/aws_robomaker_warehouse_ShelfE_01/model.sdf
[1.699s] -- Up-to-date symlink: /home/ziad/ziad_ws/ROS2/work_space/install/yahboom_rosmaster_gazebo/share/yahboom_rosmaster_gazebo/models/aws_robomaker_warehouse_ShelfF_01/materials/textures/aws_robomaker_warehouse_ShelfF_01.png
[1.699s] -- Up-to-date symlink: /home/ziad/ziad_ws/ROS2/work_space/install/yahboom_rosmaster_gazebo/share/yahboom_rosmaster_gazebo/models/aws_robomaker_warehouse_ShelfF_01/materials/textures/aws_robomaker_warehouse_ShelfF_02.png
[1.700s] -- Up-to-date symlink: /home/ziad/ziad_ws/ROS2/work_space/install/yahboom_rosmaster_gazebo/share/yahboom_rosmaster_gazebo/models/aws_robomaker_warehouse_ShelfF_01/materials/textures/aws_robomaker_warehouse_ShelfF_03.png
[1.700s] -- Up-to-date symlink: /home/ziad/ziad_ws/ROS2/work_space/install/yahboom_rosmaster_gazebo/share/yahboom_rosmaster_gazebo/models/aws_robomaker_warehouse_ShelfF_01/meshes/aws_robomaker_warehouse_ShelfF_01_collision.DAE
[1.701s] -- Up-to-date symlink: /home/ziad/ziad_ws/ROS2/work_space/install/yahboom_rosmaster_gazebo/share/yahboom_rosmaster_gazebo/models/aws_robomaker_warehouse_ShelfF_01/meshes/aws_robomaker_warehouse_ShelfF_01_visual.DAE
[1.701s] -- Up-to-date symlink: /home/ziad/ziad_ws/ROS2/work_space/install/yahboom_rosmaster_gazebo/share/yahboom_rosmaster_gazebo/models/aws_robomaker_warehouse_ShelfF_01/model.config
[1.701s] -- Up-to-date symlink: /home/ziad/ziad_ws/ROS2/work_space/install/yahboom_rosmaster_gazebo/share/yahboom_rosmaster_gazebo/models/aws_robomaker_warehouse_ShelfF_01/model.sdf
[1.701s] -- Up-to-date symlink: /home/ziad/ziad_ws/ROS2/work_space/install/yahboom_rosmaster_gazebo/share/yahboom_rosmaster_gazebo/models/aws_robomaker_warehouse_TrashCanC_01/materials/textures/aws_robomaker_warehouse_TrashCanC_01.png
[1.701s] -- Up-to-date symlink: /home/ziad/ziad_ws/ROS2/work_space/install/yahboom_rosmaster_gazebo/share/yahboom_rosmaster_gazebo/models/aws_robomaker_warehouse_TrashCanC_01/meshes/aws_robomaker_warehouse_TrashCanC_01_collision.DAE
[1.702s] -- Up-to-date symlink: /home/ziad/ziad_ws/ROS2/work_space/install/yahboom_rosmaster_gazebo/share/yahboom_rosmaster_gazebo/models/aws_robomaker_warehouse_TrashCanC_01/meshes/aws_robomaker_warehouse_TrashCanC_01_visual.DAE
[1.702s] -- Up-to-date symlink: /home/ziad/ziad_ws/ROS2/work_space/install/yahboom_rosmaster_gazebo/share/yahboom_rosmaster_gazebo/models/aws_robomaker_warehouse_TrashCanC_01/model.config
[1.702s] -- Up-to-date symlink: /home/ziad/ziad_ws/ROS2/work_space/install/yahboom_rosmaster_gazebo/share/yahboom_rosmaster_gazebo/models/aws_robomaker_warehouse_TrashCanC_01/model.sdf
[1.702s] -- Up-to-date symlink: /home/ziad/ziad_ws/ROS2/work_space/install/yahboom_rosmaster_gazebo/share/yahboom_rosmaster_gazebo/models/aws_robomaker_warehouse_WallB_01/materials/textures/aws_robomaker_warehouse_WallB_01.png
[1.702s] -- Up-to-date symlink: /home/ziad/ziad_ws/ROS2/work_space/install/yahboom_rosmaster_gazebo/share/yahboom_rosmaster_gazebo/models/aws_robomaker_warehouse_WallB_01/meshes/aws_robomaker_warehouse_WallB_01_collision.DAE
[1.702s] -- Up-to-date symlink: /home/ziad/ziad_ws/ROS2/work_space/install/yahboom_rosmaster_gazebo/share/yahboom_rosmaster_gazebo/models/aws_robomaker_warehouse_WallB_01/meshes/aws_robomaker_warehouse_WallB_01_visual.DAE
[1.702s] -- Up-to-date symlink: /home/ziad/ziad_ws/ROS2/work_space/install/yahboom_rosmaster_gazebo/share/yahboom_rosmaster_gazebo/models/aws_robomaker_warehouse_WallB_01/model.config
[1.703s] -- Up-to-date symlink: /home/ziad/ziad_ws/ROS2/work_space/install/yahboom_rosmaster_gazebo/share/yahboom_rosmaster_gazebo/models/aws_robomaker_warehouse_WallB_01/model.sdf
[1.703s] -- Up-to-date symlink: /home/ziad/ziad_ws/ROS2/work_space/install/yahboom_rosmaster_gazebo/share/yahboom_rosmaster_gazebo/models/brown_table/model.config
[1.705s] -- Up-to-date symlink: /home/ziad/ziad_ws/ROS2/work_space/install/yahboom_rosmaster_gazebo/share/yahboom_rosmaster_gazebo/models/brown_table/model.sdf
[1.707s] -- Up-to-date symlink: /home/ziad/ziad_ws/ROS2/work_space/install/yahboom_rosmaster_gazebo/share/yahboom_rosmaster_gazebo/models/cafe/materials/textures/__auto_10.jpg
[1.708s] -- Up-to-date symlink: /home/ziad/ziad_ws/ROS2/work_space/install/yahboom_rosmaster_gazebo/share/yahboom_rosmaster_gazebo/models/cafe/materials/textures/__auto_2.jpg
[1.708s] -- Up-to-date symlink: /home/ziad/ziad_ws/ROS2/work_space/install/yahboom_rosmaster_gazebo/share/yahboom_rosmaster_gazebo/models/cafe/materials/textures/__auto_21.jpg
[1.709s] -- Up-to-date symlink: /home/ziad/ziad_ws/ROS2/work_space/install/yahboom_rosmaster_gazebo/share/yahboom_rosmaster_gazebo/models/cafe/materials/textures/__auto_22.jpg
[1.709s] -- Up-to-date symlink: /home/ziad/ziad_ws/ROS2/work_space/install/yahboom_rosmaster_gazebo/share/yahboom_rosmaster_gazebo/models/cafe/materials/textures/__auto_23.jpg
[1.709s] -- Up-to-date symlink: /home/ziad/ziad_ws/ROS2/work_space/install/yahboom_rosmaster_gazebo/share/yahboom_rosmaster_gazebo/models/cafe/materials/textures/__auto_24.jpg
[1.709s] -- Up-to-date symlink: /home/ziad/ziad_ws/ROS2/work_space/install/yahboom_rosmaster_gazebo/share/yahboom_rosmaster_gazebo/models/cafe/materials/textures/__auto_25.jpg
[1.709s] -- Up-to-date symlink: /home/ziad/ziad_ws/ROS2/work_space/install/yahboom_rosmaster_gazebo/share/yahboom_rosmaster_gazebo/models/cafe/materials/textures/__auto_26.jpg
[1.713s] -- Up-to-date symlink: /home/ziad/ziad_ws/ROS2/work_space/install/yahboom_rosmaster_gazebo/share/yahboom_rosmaster_gazebo/models/cafe/materials/textures/__auto_28.jpg
[1.713s] -- Up-to-date symlink: /home/ziad/ziad_ws/ROS2/work_space/install/yahboom_rosmaster_gazebo/share/yahboom_rosmaster_gazebo/models/cafe/materials/textures/__auto_29.jpg
[1.713s] -- Up-to-date symlink: /home/ziad/ziad_ws/ROS2/work_space/install/yahboom_rosmaster_gazebo/share/yahboom_rosmaster_gazebo/models/cafe/materials/textures/__auto_30.jpg
[1.713s] -- Up-to-date symlink: /home/ziad/ziad_ws/ROS2/work_space/install/yahboom_rosmaster_gazebo/share/yahboom_rosmaster_gazebo/models/cafe/materials/textures/__auto_31.jpg
[1.713s] -- Up-to-date symlink: /home/ziad/ziad_ws/ROS2/work_space/install/yahboom_rosmaster_gazebo/share/yahboom_rosmaster_gazebo/models/cafe/materials/textures/__auto_34.jpg
[1.713s] -- Up-to-date symlink: /home/ziad/ziad_ws/ROS2/work_space/install/yahboom_rosmaster_gazebo/share/yahboom_rosmaster_gazebo/models/cafe/materials/textures/__auto_35.jpg
[1.714s] -- Up-to-date symlink: /home/ziad/ziad_ws/ROS2/work_space/install/yahboom_rosmaster_gazebo/share/yahboom_rosmaster_gazebo/models/cafe/materials/textures/__auto_37.jpg
[1.714s] -- Up-to-date symlink: /home/ziad/ziad_ws/ROS2/work_space/install/yahboom_rosmaster_gazebo/share/yahboom_rosmaster_gazebo/models/cafe/meshes/cafe.dae
[1.714s] -- Up-to-date symlink: /home/ziad/ziad_ws/ROS2/work_space/install/yahboom_rosmaster_gazebo/share/yahboom_rosmaster_gazebo/models/cafe/model.config
[1.715s] -- Up-to-date symlink: /home/ziad/ziad_ws/ROS2/work_space/install/yahboom_rosmaster_gazebo/share/yahboom_rosmaster_gazebo/models/cafe/model.sdf
[1.715s] -- Up-to-date symlink: /home/ziad/ziad_ws/ROS2/work_space/install/yahboom_rosmaster_gazebo/share/yahboom_rosmaster_gazebo/models/cafe_counter/materials/textures/cafe_counter.png
[1.717s] -- Up-to-date symlink: /home/ziad/ziad_ws/ROS2/work_space/install/yahboom_rosmaster_gazebo/share/yahboom_rosmaster_gazebo/models/cafe_counter/meshes/cafe_counter.mtl
[1.717s] -- Up-to-date symlink: /home/ziad/ziad_ws/ROS2/work_space/install/yahboom_rosmaster_gazebo/share/yahboom_rosmaster_gazebo/models/cafe_counter/meshes/cafe_counter.obj
[1.718s] -- Up-to-date symlink: /home/ziad/ziad_ws/ROS2/work_space/install/yahboom_rosmaster_gazebo/share/yahboom_rosmaster_gazebo/models/cafe_counter/meshes/counter_no_sink.obj
[1.718s] -- Up-to-date symlink: /home/ziad/ziad_ws/ROS2/work_space/install/yahboom_rosmaster_gazebo/share/yahboom_rosmaster_gazebo/models/cafe_counter/meshes/counter_sink.obj
[1.719s] -- Up-to-date symlink: /home/ziad/ziad_ws/ROS2/work_space/install/yahboom_rosmaster_gazebo/share/yahboom_rosmaster_gazebo/models/cafe_counter/model.config
[1.722s] -- Up-to-date symlink: /home/ziad/ziad_ws/ROS2/work_space/install/yahboom_rosmaster_gazebo/share/yahboom_rosmaster_gazebo/models/cafe_counter/model.sdf
[1.724s] -- Up-to-date symlink: /home/ziad/ziad_ws/ROS2/work_space/install/yahboom_rosmaster_gazebo/share/yahboom_rosmaster_gazebo/models/cafe_table/materials/textures/Maple.jpg
[1.725s] -- Up-to-date symlink: /home/ziad/ziad_ws/ROS2/work_space/install/yahboom_rosmaster_gazebo/share/yahboom_rosmaster_gazebo/models/cafe_table/materials/textures/Wood_Floor_Dark.jpg
[1.727s] -- Up-to-date symlink: /home/ziad/ziad_ws/ROS2/work_space/install/yahboom_rosmaster_gazebo/share/yahboom_rosmaster_gazebo/models/cafe_table/meshes/cafe_table.dae
[1.728s] -- Up-to-date symlink: /home/ziad/ziad_ws/ROS2/work_space/install/yahboom_rosmaster_gazebo/share/yahboom_rosmaster_gazebo/models/cafe_table/model-1_4.sdf
[1.729s] -- Up-to-date symlink: /home/ziad/ziad_ws/ROS2/work_space/install/yahboom_rosmaster_gazebo/share/yahboom_rosmaster_gazebo/models/cafe_table/model.config
[1.730s] -- Up-to-date symlink: /home/ziad/ziad_ws/ROS2/work_space/install/yahboom_rosmaster_gazebo/share/yahboom_rosmaster_gazebo/models/cafe_table/model.sdf
[1.730s] -- Up-to-date symlink: /home/ziad/ziad_ws/ROS2/work_space/install/yahboom_rosmaster_gazebo/share/yahboom_rosmaster_gazebo/models/cardboard_box/materials/textures/cardboard_box.png
[1.730s] -- Up-to-date symlink: /home/ziad/ziad_ws/ROS2/work_space/install/yahboom_rosmaster_gazebo/share/yahboom_rosmaster_gazebo/models/cardboard_box/meshes/cardboard_box.dae
[1.730s] -- Up-to-date symlink: /home/ziad/ziad_ws/ROS2/work_space/install/yahboom_rosmaster_gazebo/share/yahboom_rosmaster_gazebo/models/cardboard_box/meshes/cardboard_box.png
[1.731s] -- Up-to-date symlink: /home/ziad/ziad_ws/ROS2/work_space/install/yahboom_rosmaster_gazebo/share/yahboom_rosmaster_gazebo/models/cardboard_box/model.config
[1.731s] -- Up-to-date symlink: /home/ziad/ziad_ws/ROS2/work_space/install/yahboom_rosmaster_gazebo/share/yahboom_rosmaster_gazebo/models/cardboard_box/model.sdf
[1.731s] -- Up-to-date symlink: /home/ziad/ziad_ws/ROS2/work_space/install/yahboom_rosmaster_gazebo/share/yahboom_rosmaster_gazebo/models/cheezit_big_original/meshes/cheez_tex_0.jpg
[1.731s] -- Up-to-date symlink: /home/ziad/ziad_ws/ROS2/work_space/install/yahboom_rosmaster_gazebo/share/yahboom_rosmaster_gazebo/models/cheezit_big_original/meshes/cheezit_big_original.dae
[1.731s] -- Up-to-date symlink: /home/ziad/ziad_ws/ROS2/work_space/install/yahboom_rosmaster_gazebo/share/yahboom_rosmaster_gazebo/models/cheezit_big_original/model.config
[1.733s] -- Up-to-date symlink: /home/ziad/ziad_ws/ROS2/work_space/install/yahboom_rosmaster_gazebo/share/yahboom_rosmaster_gazebo/models/cheezit_big_original/model.sdf
[1.733s] -- Up-to-date symlink: /home/ziad/ziad_ws/ROS2/work_space/install/yahboom_rosmaster_gazebo/share/yahboom_rosmaster_gazebo/models/coke_can/materials/textures/coke_can.png
[1.733s] -- Up-to-date symlink: /home/ziad/ziad_ws/ROS2/work_space/install/yahboom_rosmaster_gazebo/share/yahboom_rosmaster_gazebo/models/coke_can/meshes/coke_can.dae
[1.733s] -- Up-to-date symlink: /home/ziad/ziad_ws/ROS2/work_space/install/yahboom_rosmaster_gazebo/share/yahboom_rosmaster_gazebo/models/coke_can/model-1_2.sdf
[1.736s] -- Up-to-date symlink: /home/ziad/ziad_ws/ROS2/work_space/install/yahboom_rosmaster_gazebo/share/yahboom_rosmaster_gazebo/models/coke_can/model-1_3.sdf
[1.736s] -- Up-to-date symlink: /home/ziad/ziad_ws/ROS2/work_space/install/yahboom_rosmaster_gazebo/share/yahboom_rosmaster_gazebo/models/coke_can/model-1_4.sdf
[1.737s] -- Up-to-date symlink: /home/ziad/ziad_ws/ROS2/work_space/install/yahboom_rosmaster_gazebo/share/yahboom_rosmaster_gazebo/models/coke_can/model.config
[1.737s] -- Up-to-date symlink: /home/ziad/ziad_ws/ROS2/work_space/install/yahboom_rosmaster_gazebo/share/yahboom_rosmaster_gazebo/models/coke_can/model.sdf
[1.737s] -- Up-to-date symlink: /home/ziad/ziad_ws/ROS2/work_space/install/yahboom_rosmaster_gazebo/share/yahboom_rosmaster_gazebo/models/ground_plane/model-1_2.sdf
[1.738s] -- Up-to-date symlink: /home/ziad/ziad_ws/ROS2/work_space/install/yahboom_rosmaster_gazebo/share/yahboom_rosmaster_gazebo/models/ground_plane/model-1_3.sdf
[1.739s] -- Up-to-date symlink: /home/ziad/ziad_ws/ROS2/work_space/install/yahboom_rosmaster_gazebo/share/yahboom_rosmaster_gazebo/models/ground_plane/model-1_4.sdf
[1.739s] -- Up-to-date symlink: /home/ziad/ziad_ws/ROS2/work_space/install/yahboom_rosmaster_gazebo/share/yahboom_rosmaster_gazebo/models/ground_plane/model.config
[1.740s] -- Up-to-date symlink: /home/ziad/ziad_ws/ROS2/work_space/install/yahboom_rosmaster_gazebo/share/yahboom_rosmaster_gazebo/models/ground_plane/model.sdf
[1.742s] -- Up-to-date symlink: /home/ziad/ziad_ws/ROS2/work_space/install/yahboom_rosmaster_gazebo/share/yahboom_rosmaster_gazebo/models/mustard/materials/scripts/mustard.material
[1.742s] -- Up-to-date symlink: /home/ziad/ziad_ws/ROS2/work_space/install/yahboom_rosmaster_gazebo/share/yahboom_rosmaster_gazebo/models/mustard/materials/textures/optimized_tsdf_texture_mapped_mesh.png
[1.743s] -- Up-to-date symlink: /home/ziad/ziad_ws/ROS2/work_space/install/yahboom_rosmaster_gazebo/share/yahboom_rosmaster_gazebo/models/mustard/meshes/mustard.dae
[1.743s] -- Up-to-date symlink: /home/ziad/ziad_ws/ROS2/work_space/install/yahboom_rosmaster_gazebo/share/yahboom_rosmaster_gazebo/models/mustard/meshes/texture_map.png
[1.743s] -- Up-to-date symlink: /home/ziad/ziad_ws/ROS2/work_space/install/yahboom_rosmaster_gazebo/share/yahboom_rosmaster_gazebo/models/mustard/model.config
[1.743s] -- Up-to-date symlink: /home/ziad/ziad_ws/ROS2/work_space/install/yahboom_rosmaster_gazebo/share/yahboom_rosmaster_gazebo/models/mustard/model.sdf
[1.744s] -- Up-to-date symlink: /home/ziad/ziad_ws/ROS2/work_space/install/yahboom_rosmaster_gazebo/share/yahboom_rosmaster_gazebo/models/red_cylinder/model.config
[1.746s] -- Up-to-date symlink: /home/ziad/ziad_ws/ROS2/work_space/install/yahboom_rosmaster_gazebo/share/yahboom_rosmaster_gazebo/models/red_cylinder/model.sdf
[1.746s] -- Up-to-date symlink: /home/ziad/ziad_ws/ROS2/work_space/install/yahboom_rosmaster_gazebo/share/yahboom_rosmaster_gazebo/models/sun/model-1_2.sdf
[1.746s] -- Up-to-date symlink: /home/ziad/ziad_ws/ROS2/work_space/install/yahboom_rosmaster_gazebo/share/yahboom_rosmaster_gazebo/models/sun/model-1_3.sdf
[1.747s] -- Up-to-date symlink: /home/ziad/ziad_ws/ROS2/work_space/install/yahboom_rosmaster_gazebo/share/yahboom_rosmaster_gazebo/models/sun/model-1_4.sdf
[1.747s] -- Up-to-date symlink: /home/ziad/ziad_ws/ROS2/work_space/install/yahboom_rosmaster_gazebo/share/yahboom_rosmaster_gazebo/models/sun/model.config
[1.747s] -- Up-to-date symlink: /home/ziad/ziad_ws/ROS2/work_space/install/yahboom_rosmaster_gazebo/share/yahboom_rosmaster_gazebo/models/sun/model.sdf
[1.748s] -- Up-to-date symlink: /home/ziad/ziad_ws/ROS2/work_space/install/yahboom_rosmaster_gazebo/share/yahboom_rosmaster_gazebo/rviz/yahboom_rosmaster_gazebo_sim.rviz
[1.750s] -- Up-to-date symlink: /home/ziad/ziad_ws/ROS2/work_space/install/yahboom_rosmaster_gazebo/share/yahboom_rosmaster_gazebo/worlds/cafe.world
[1.750s] -- Up-to-date symlink: /home/ziad/ziad_ws/ROS2/work_space/install/yahboom_rosmaster_gazebo/share/yahboom_rosmaster_gazebo/worlds/empty.world
[1.752s] -- Up-to-date symlink: /home/ziad/ziad_ws/ROS2/work_space/install/yahboom_rosmaster_gazebo/share/yahboom_rosmaster_gazebo/worlds/house.world
[1.752s] -- Up-to-date symlink: /home/ziad/ziad_ws/ROS2/work_space/install/yahboom_rosmaster_gazebo/share/yahboom_rosmaster_gazebo/worlds/pick_and_place_demo.world
[1.753s] -- Up-to-date symlink: /home/ziad/ziad_ws/ROS2/work_space/install/yahboom_rosmaster_gazebo/share/ament_index/resource_index/package_run_dependencies/yahboom_rosmaster_gazebo
[1.753s] -- Up-to-date symlink: /home/ziad/ziad_ws/ROS2/work_space/install/yahboom_rosmaster_gazebo/share/ament_index/resource_index/parent_prefix_path/yahboom_rosmaster_gazebo
[1.754s] -- Up-to-date symlink: /home/ziad/ziad_ws/ROS2/work_space/install/yahboom_rosmaster_gazebo/share/yahboom_rosmaster_gazebo/environment/ament_prefix_path.sh
[1.755s] -- Up-to-date symlink: /home/ziad/ziad_ws/ROS2/work_space/install/yahboom_rosmaster_gazebo/share/yahboom_rosmaster_gazebo/environment/ament_prefix_path.dsv
[1.755s] -- Up-to-date symlink: /home/ziad/ziad_ws/ROS2/work_space/install/yahboom_rosmaster_gazebo/share/yahboom_rosmaster_gazebo/environment/path.sh
[1.756s] -- Up-to-date symlink: /home/ziad/ziad_ws/ROS2/work_space/install/yahboom_rosmaster_gazebo/share/yahboom_rosmaster_gazebo/environment/path.dsv
[1.756s] -- Up-to-date symlink: /home/ziad/ziad_ws/ROS2/work_space/install/yahboom_rosmaster_gazebo/share/yahboom_rosmaster_gazebo/local_setup.bash
[1.757s] -- Up-to-date symlink: /home/ziad/ziad_ws/ROS2/work_space/install/yahboom_rosmaster_gazebo/share/yahboom_rosmaster_gazebo/local_setup.sh
[1.757s] -- Up-to-date symlink: /home/ziad/ziad_ws/ROS2/work_space/install/yahboom_rosmaster_gazebo/share/yahboom_rosmaster_gazebo/local_setup.zsh
[1.758s] -- Up-to-date symlink: /home/ziad/ziad_ws/ROS2/work_space/install/yahboom_rosmaster_gazebo/share/yahboom_rosmaster_gazebo/local_setup.dsv
[1.758s] -- Symlinking: /home/ziad/ziad_ws/ROS2/work_space/install/yahboom_rosmaster_gazebo/share/yahboom_rosmaster_gazebo/package.dsv
[1.778s] -- Up-to-date symlink: /home/ziad/ziad_ws/ROS2/work_space/install/yahboom_rosmaster_gazebo/share/ament_index/resource_index/packages/yahboom_rosmaster_gazebo
[1.778s] -- Up-to-date symlink: /home/ziad/ziad_ws/ROS2/work_space/install/yahboom_rosmaster_gazebo/share/yahboom_rosmaster_gazebo/cmake/yahboom_rosmaster_gazeboConfig.cmake
[1.779s] -- Up-to-date symlink: /home/ziad/ziad_ws/ROS2/work_space/install/yahboom_rosmaster_gazebo/share/yahboom_rosmaster_gazebo/cmake/yahboom_rosmaster_gazeboConfig-version.cmake
[1.779s] -- Up-to-date symlink: /home/ziad/ziad_ws/ROS2/work_space/install/yahboom_rosmaster_gazebo/share/yahboom_rosmaster_gazebo/package.xml
[1.783s] Invoked command in '/home/ziad/ziad_ws/ROS2/work_space/build/yahboom_rosmaster_gazebo' returned '0': CMAKE_PREFIX_PATH=${CMAKE_PREFIX_PATH}:/home/ziad/ziad_ws/ROS2/turtlebot3_ws/install/turtlebot3_teleop:/home/ziad/ziad_ws/ROS2/turtlebot3_ws/install/turtlebot3_example:/opt/ros/jazzy DEBUGINFOD_URLS=https://debuginfod.ubuntu.com /usr/bin/cmake --install /home/ziad/ziad_ws/ROS2/work_space/build/yahboom_rosmaster_gazebo
