[0.326s] Invoking command in '/home/ziad/ziad_ws/ROS2/work_space/build/yahboom_rosmaster_gazebo': CMAKE_PREFIX_PATH=${CMAKE_PREFIX_PATH}:/home/ziad/ziad_ws/ROS2/turtlebot3_ws/install/turtlebot3_teleop:/home/ziad/ziad_ws/ROS2/turtlebot3_ws/install/turtlebot3_example:/opt/ros/jazzy DEBUGINFOD_URLS=https://debuginfod.ubuntu.com /usr/bin/cmake /home/ziad/ziad_ws/ROS2/work_space/src/yahboom_rosmaster/yahboom_rosmaster_gazebo -DCMAKE_INSTALL_PREFIX=/home/ziad/ziad_ws/ROS2/work_space/install/yahboom_rosmaster_gazebo
[0.456s] -- Found ament_cmake: 2.5.4 (/opt/ros/jazzy/share/ament_cmake/cmake)
[1.720s] -- Override CMake install command with custom implementation using symlinks instead of copying resources
[1.810s] -- Found controller_manager: 4.35.0 (/opt/ros/jazzy/share/controller_manager/cmake)
[1.955s] -- Found rosidl_generator_c: 4.6.6 (/opt/ros/jazzy/share/rosidl_generator_c/cmake)
[1.994s] -- Found rosidl_generator_cpp: 4.6.6 (/opt/ros/jazzy/share/rosidl_generator_cpp/cmake)
[2.059s] -- Using all available rosidl_typesupport_c: rosidl_typesupport_fastrtps_c;rosidl_typesupport_introspection_c
[2.151s] -- Using all available rosidl_typesupport_cpp: rosidl_typesupport_fastrtps_cpp;rosidl_typesupport_introspection_cpp
[2.415s] -- Found rmw_implementation_cmake: 7.3.2 (/opt/ros/jazzy/share/rmw_implementation_cmake/cmake)
[2.432s] -- Found rmw_fastrtps_cpp: 8.4.3 (/opt/ros/jazzy/share/rmw_fastrtps_cpp/cmake)
[2.788s] -- Using RMW implementation 'rmw_fastrtps_cpp' as default
[6.369s] -- Found gz_ros2_control: 1.2.14 (/opt/ros/jazzy/share/gz_ros2_control/cmake)
[6.392s] -- Found ros_gz: 1.0.16 (/opt/ros/jazzy/share/ros_gz/cmake)
[6.411s] -- Found ros_gz_bridge: 1.0.16 (/opt/ros/jazzy/share/ros_gz_bridge/cmake)
[6.753s] -- Looking for gz-msgs10 -- found version 10.3.2
[6.828s] -- Searching for dependencies of gz-msgs10
[7.115s] -- Looking for gz-utils2 -- found version 2.2.1
[7.115s] -- Searching for dependencies of gz-utils2
[7.143s] -- Looking for gz-math7 -- found version 7.5.2
[7.143s] -- Searching for dependencies of gz-math7
[7.152s] -- Looking for gz-utils2 -- found version 2.2.1
[7.260s] -- Checking for module 'tinyxml2'
[7.592s] --   Found tinyxml2, version 10.0.0
[8.197s] -- Looking for gz-transport13 -- found version 13.4.1
[8.212s] -- Searching for dependencies of gz-transport13
[8.628s] -- Config-file not installed for ZeroMQ -- checking for pkg-config
[8.702s] -- Checking for module 'libzmq >= 4'
[8.885s] --   Found libzmq, version 4.3.5
[9.521s] -- Checking for module 'uuid'
[9.744s] --   Found uuid, version 2.39.3
[10.211s] -- Looking for gz-utils2 -- found version 2.2.1
[10.215s] -- Searching for dependencies of gz-utils2
[10.221s] -- Searching for <gz-utils2> component [cli]
[10.233s] -- Looking for gz-utils2-cli -- found version 2.2.1
[10.234s] -- Searching for dependencies of gz-utils2-cli
[10.255s] -- Looking for gz-msgs10 -- found version 10.3.2
[12.341s] -- Found ros_gz_image: 1.0.16 (/opt/ros/jazzy/share/ros_gz_image/cmake)
[12.351s] -- Found ros_gz_sim: 1.0.16 (/opt/ros/jazzy/share/ros_gz_sim/cmake)
[12.564s] -- Found ros2_control: 4.35.0 (/opt/ros/jazzy/share/ros2_control/cmake)
[12.577s] -- Found ros2_controllers: 4.30.1 (/opt/ros/jazzy/share/ros2_controllers/cmake)
[12.586s] -- Found xacro: 2.0.13 (/opt/ros/jazzy/share/xacro/cmake)
[12.588s] -- Found ament_lint_auto: 0.17.3 (/opt/ros/jazzy/share/ament_lint_auto/cmake)
[13.908s] -- Added test 'flake8' to check Python code syntax and style conventions
[13.908s] -- Configured 'flake8' exclude dirs and/or files: 
[13.953s] -- Added test 'lint_cmake' to check CMake code style
[13.973s] -- Added test 'pep257' to check Python code against some of the docstring style conventions in PEP 257
[14.262s] -- Added test 'xmllint' to check XML markup files
[14.266s] -- Configuring done (13.8s)
[14.316s] -- Generating done (0.0s)
[14.332s] -- Build files have been written to: /home/ziad/ziad_ws/ROS2/work_space/build/yahboom_rosmaster_gazebo
[14.409s] Invoked command in '/home/ziad/ziad_ws/ROS2/work_space/build/yahboom_rosmaster_gazebo' returned '0': CMAKE_PREFIX_PATH=${CMAKE_PREFIX_PATH}:/home/ziad/ziad_ws/ROS2/turtlebot3_ws/install/turtlebot3_teleop:/home/ziad/ziad_ws/ROS2/turtlebot3_ws/install/turtlebot3_example:/opt/ros/jazzy DEBUGINFOD_URLS=https://debuginfod.ubuntu.com /usr/bin/cmake /home/ziad/ziad_ws/ROS2/work_space/src/yahboom_rosmaster/yahboom_rosmaster_gazebo -DCMAKE_INSTALL_PREFIX=/home/ziad/ziad_ws/ROS2/work_space/install/yahboom_rosmaster_gazebo
[14.413s] Invoking command in '/home/ziad/ziad_ws/ROS2/work_space/build/yahboom_rosmaster_gazebo': CMAKE_PREFIX_PATH=${CMAKE_PREFIX_PATH}:/home/ziad/ziad_ws/ROS2/turtlebot3_ws/install/turtlebot3_teleop:/home/ziad/ziad_ws/ROS2/turtlebot3_ws/install/turtlebot3_example:/opt/ros/jazzy DEBUGINFOD_URLS=https://debuginfod.ubuntu.com /usr/bin/cmake --build /home/ziad/ziad_ws/ROS2/work_space/build/yahboom_rosmaster_gazebo -- -j4 -l4
[14.931s] Invoked command in '/home/ziad/ziad_ws/ROS2/work_space/build/yahboom_rosmaster_gazebo' returned '0': CMAKE_PREFIX_PATH=${CMAKE_PREFIX_PATH}:/home/ziad/ziad_ws/ROS2/turtlebot3_ws/install/turtlebot3_teleop:/home/ziad/ziad_ws/ROS2/turtlebot3_ws/install/turtlebot3_example:/opt/ros/jazzy DEBUGINFOD_URLS=https://debuginfod.ubuntu.com /usr/bin/cmake --build /home/ziad/ziad_ws/ROS2/work_space/build/yahboom_rosmaster_gazebo -- -j4 -l4
[14.938s] Invoking command in '/home/ziad/ziad_ws/ROS2/work_space/build/yahboom_rosmaster_gazebo': CMAKE_PREFIX_PATH=${CMAKE_PREFIX_PATH}:/home/ziad/ziad_ws/ROS2/turtlebot3_ws/install/turtlebot3_teleop:/home/ziad/ziad_ws/ROS2/turtlebot3_ws/install/turtlebot3_example:/opt/ros/jazzy DEBUGINFOD_URLS=https://debuginfod.ubuntu.com /usr/bin/cmake --install /home/ziad/ziad_ws/ROS2/work_space/build/yahboom_rosmaster_gazebo
[15.040s] -- Install configuration: ""
[15.043s] -- Execute custom install script
[15.043s] -- Up-to-date symlink: /home/ziad/ziad_ws/ROS2/work_space/install/yahboom_rosmaster_gazebo/share/yahboom_rosmaster_gazebo/config/ros_gz_bridge.yaml
[15.056s] -- Up-to-date symlink: /home/ziad/ziad_ws/ROS2/work_space/install/yahboom_rosmaster_gazebo/share/yahboom_rosmaster_gazebo/launch/yahboom_rosmaster.gazebo.launch.py
[15.099s] -- Up-to-date symlink: /home/ziad/ziad_ws/ROS2/work_space/install/yahboom_rosmaster_gazebo/share/yahboom_rosmaster_gazebo/models/Apriltag36_11_00000/materials/textures/tag36_11_00000.png
[15.106s] -- Up-to-date symlink: /home/ziad/ziad_ws/ROS2/work_space/install/yahboom_rosmaster_gazebo/share/yahboom_rosmaster_gazebo/models/Apriltag36_11_00000/meshes/tag36_11_00000.dae
[15.106s] -- Up-to-date symlink: /home/ziad/ziad_ws/ROS2/work_space/install/yahboom_rosmaster_gazebo/share/yahboom_rosmaster_gazebo/models/Apriltag36_11_00000/model.config
[15.109s] -- Up-to-date symlink: /home/ziad/ziad_ws/ROS2/work_space/install/yahboom_rosmaster_gazebo/share/yahboom_rosmaster_gazebo/models/Apriltag36_11_00000/model.sdf
[15.111s] -- Up-to-date symlink: /home/ziad/ziad_ws/ROS2/work_space/install/yahboom_rosmaster_gazebo/share/yahboom_rosmaster_gazebo/models/aws_robomaker_residential_AirconditionerA_01/materials/textures/aws_AirconditionerA_01.png
[15.122s] -- Up-to-date symlink: /home/ziad/ziad_ws/ROS2/work_space/install/yahboom_rosmaster_gazebo/share/yahboom_rosmaster_gazebo/models/aws_robomaker_residential_AirconditionerA_01/meshes/aws_AirconditionerA_01_collision.DAE
[15.122s] -- Up-to-date symlink: /home/ziad/ziad_ws/ROS2/work_space/install/yahboom_rosmaster_gazebo/share/yahboom_rosmaster_gazebo/models/aws_robomaker_residential_AirconditionerA_01/meshes/aws_AirconditionerA_01_visual.DAE
[15.123s] -- Up-to-date symlink: /home/ziad/ziad_ws/ROS2/work_space/install/yahboom_rosmaster_gazebo/share/yahboom_rosmaster_gazebo/models/aws_robomaker_residential_AirconditionerA_01/model.config
[15.132s] -- Up-to-date symlink: /home/ziad/ziad_ws/ROS2/work_space/install/yahboom_rosmaster_gazebo/share/yahboom_rosmaster_gazebo/models/aws_robomaker_residential_AirconditionerA_01/model.sdf
[15.151s] -- Up-to-date symlink: /home/ziad/ziad_ws/ROS2/work_space/install/yahboom_rosmaster_gazebo/share/yahboom_rosmaster_gazebo/models/aws_robomaker_residential_AirconditionerB_01/materials/textures/aws_AirconditionerB_01.png
[15.155s] -- Up-to-date symlink: /home/ziad/ziad_ws/ROS2/work_space/install/yahboom_rosmaster_gazebo/share/yahboom_rosmaster_gazebo/models/aws_robomaker_residential_AirconditionerB_01/meshes/aws_AirconditionerB_01_collision.DAE
[15.157s] -- Up-to-date symlink: /home/ziad/ziad_ws/ROS2/work_space/install/yahboom_rosmaster_gazebo/share/yahboom_rosmaster_gazebo/models/aws_robomaker_residential_AirconditionerB_01/meshes/aws_AirconditionerB_01_visual.DAE
[15.158s] -- Up-to-date symlink: /home/ziad/ziad_ws/ROS2/work_space/install/yahboom_rosmaster_gazebo/share/yahboom_rosmaster_gazebo/models/aws_robomaker_residential_AirconditionerB_01/model.config
[15.158s] -- Up-to-date symlink: /home/ziad/ziad_ws/ROS2/work_space/install/yahboom_rosmaster_gazebo/share/yahboom_rosmaster_gazebo/models/aws_robomaker_residential_AirconditionerB_01/model.sdf
[15.160s] -- Up-to-date symlink: /home/ziad/ziad_ws/ROS2/work_space/install/yahboom_rosmaster_gazebo/share/yahboom_rosmaster_gazebo/models/aws_robomaker_residential_BalconyTable_01/materials/textures/aws_BalconyTable_01.png
[15.161s] -- Up-to-date symlink: /home/ziad/ziad_ws/ROS2/work_space/install/yahboom_rosmaster_gazebo/share/yahboom_rosmaster_gazebo/models/aws_robomaker_residential_BalconyTable_01/meshes/aws_BalconyTable_01_collision.DAE
[15.174s] -- Up-to-date symlink: /home/ziad/ziad_ws/ROS2/work_space/install/yahboom_rosmaster_gazebo/share/yahboom_rosmaster_gazebo/models/aws_robomaker_residential_BalconyTable_01/meshes/aws_BalconyTable_01_visual.DAE
[15.176s] -- Up-to-date symlink: /home/ziad/ziad_ws/ROS2/work_space/install/yahboom_rosmaster_gazebo/share/yahboom_rosmaster_gazebo/models/aws_robomaker_residential_BalconyTable_01/model.config
[15.176s] -- Up-to-date symlink: /home/ziad/ziad_ws/ROS2/work_space/install/yahboom_rosmaster_gazebo/share/yahboom_rosmaster_gazebo/models/aws_robomaker_residential_BalconyTable_01/model.sdf
[15.204s] -- Up-to-date symlink: /home/ziad/ziad_ws/ROS2/work_space/install/yahboom_rosmaster_gazebo/share/yahboom_rosmaster_gazebo/models/aws_robomaker_residential_Ball_01/materials/textures/aws_Ball_01.png
[15.204s] -- Up-to-date symlink: /home/ziad/ziad_ws/ROS2/work_space/install/yahboom_rosmaster_gazebo/share/yahboom_rosmaster_gazebo/models/aws_robomaker_residential_Ball_01/meshes/aws_Ball_01_collision.DAE
[15.242s] -- Up-to-date symlink: /home/ziad/ziad_ws/ROS2/work_space/install/yahboom_rosmaster_gazebo/share/yahboom_rosmaster_gazebo/models/aws_robomaker_residential_Ball_01/meshes/aws_Ball_01_visual.DAE
[15.243s] -- Up-to-date symlink: /home/ziad/ziad_ws/ROS2/work_space/install/yahboom_rosmaster_gazebo/share/yahboom_rosmaster_gazebo/models/aws_robomaker_residential_Ball_01/model.config
[15.243s] -- Up-to-date symlink: /home/ziad/ziad_ws/ROS2/work_space/install/yahboom_rosmaster_gazebo/share/yahboom_rosmaster_gazebo/models/aws_robomaker_residential_Ball_01/model.sdf
[15.243s] -- Up-to-date symlink: /home/ziad/ziad_ws/ROS2/work_space/install/yahboom_rosmaster_gazebo/share/yahboom_rosmaster_gazebo/models/aws_robomaker_residential_Bed_01/materials/textures/aws_BedA_01.png
[15.243s] -- Up-to-date symlink: /home/ziad/ziad_ws/ROS2/work_space/install/yahboom_rosmaster_gazebo/share/yahboom_rosmaster_gazebo/models/aws_robomaker_residential_Bed_01/materials/textures/aws_BedB_01.png
[15.244s] -- Up-to-date symlink: /home/ziad/ziad_ws/ROS2/work_space/install/yahboom_rosmaster_gazebo/share/yahboom_rosmaster_gazebo/models/aws_robomaker_residential_Bed_01/materials/textures/aws_BedC_01.png
[15.244s] -- Up-to-date symlink: /home/ziad/ziad_ws/ROS2/work_space/install/yahboom_rosmaster_gazebo/share/yahboom_rosmaster_gazebo/models/aws_robomaker_residential_Bed_01/materials/textures/aws_Bed_01.png
[15.244s] -- Up-to-date symlink: /home/ziad/ziad_ws/ROS2/work_space/install/yahboom_rosmaster_gazebo/share/yahboom_rosmaster_gazebo/models/aws_robomaker_residential_Bed_01/meshes/aws_Bed_01_collision.DAE
[15.244s] -- Up-to-date symlink: /home/ziad/ziad_ws/ROS2/work_space/install/yahboom_rosmaster_gazebo/share/yahboom_rosmaster_gazebo/models/aws_robomaker_residential_Bed_01/meshes/aws_Bed_01_visual.DAE
[15.245s] -- Up-to-date symlink: /home/ziad/ziad_ws/ROS2/work_space/install/yahboom_rosmaster_gazebo/share/yahboom_rosmaster_gazebo/models/aws_robomaker_residential_Bed_01/model.config
[15.245s] -- Up-to-date symlink: /home/ziad/ziad_ws/ROS2/work_space/install/yahboom_rosmaster_gazebo/share/yahboom_rosmaster_gazebo/models/aws_robomaker_residential_Bed_01/model.sdf
[15.245s] -- Up-to-date symlink: /home/ziad/ziad_ws/ROS2/work_space/install/yahboom_rosmaster_gazebo/share/yahboom_rosmaster_gazebo/models/aws_robomaker_residential_Board_01/materials/textures/aws_Board_01.png
[15.247s] -- Up-to-date symlink: /home/ziad/ziad_ws/ROS2/work_space/install/yahboom_rosmaster_gazebo/share/yahboom_rosmaster_gazebo/models/aws_robomaker_residential_Board_01/meshes/aws_Board_01_collision.DAE
[15.247s] -- Up-to-date symlink: /home/ziad/ziad_ws/ROS2/work_space/install/yahboom_rosmaster_gazebo/share/yahboom_rosmaster_gazebo/models/aws_robomaker_residential_Board_01/meshes/aws_Board_01_visual.DAE
[15.248s] -- Up-to-date symlink: /home/ziad/ziad_ws/ROS2/work_space/install/yahboom_rosmaster_gazebo/share/yahboom_rosmaster_gazebo/models/aws_robomaker_residential_Board_01/model.config
[15.248s] -- Up-to-date symlink: /home/ziad/ziad_ws/ROS2/work_space/install/yahboom_rosmaster_gazebo/share/yahboom_rosmaster_gazebo/models/aws_robomaker_residential_Board_01/model.sdf
[15.248s] -- Up-to-date symlink: /home/ziad/ziad_ws/ROS2/work_space/install/yahboom_rosmaster_gazebo/share/yahboom_rosmaster_gazebo/models/aws_robomaker_residential_Carpet_01/materials/textures/aws_Carpet_01.png
[15.248s] -- Up-to-date symlink: /home/ziad/ziad_ws/ROS2/work_space/install/yahboom_rosmaster_gazebo/share/yahboom_rosmaster_gazebo/models/aws_robomaker_residential_Carpet_01/meshes/aws_Carpet_01_collision.DAE
[15.248s] -- Up-to-date symlink: /home/ziad/ziad_ws/ROS2/work_space/install/yahboom_rosmaster_gazebo/share/yahboom_rosmaster_gazebo/models/aws_robomaker_residential_Carpet_01/meshes/aws_Carpet_01_visual.DAE
[15.253s] -- Up-to-date symlink: /home/ziad/ziad_ws/ROS2/work_space/install/yahboom_rosmaster_gazebo/share/yahboom_rosmaster_gazebo/models/aws_robomaker_residential_Carpet_01/model.config
[15.256s] -- Up-to-date symlink: /home/ziad/ziad_ws/ROS2/work_space/install/yahboom_rosmaster_gazebo/share/yahboom_rosmaster_gazebo/models/aws_robomaker_residential_Carpet_01/model.sdf
[15.257s] -- Up-to-date symlink: /home/ziad/ziad_ws/ROS2/work_space/install/yahboom_rosmaster_gazebo/share/yahboom_rosmaster_gazebo/models/aws_robomaker_residential_ChairA_01/materials/textures/aws_ChairA_01.png
[15.258s] -- Up-to-date symlink: /home/ziad/ziad_ws/ROS2/work_space/install/yahboom_rosmaster_gazebo/share/yahboom_rosmaster_gazebo/models/aws_robomaker_residential_ChairA_01/meshes/aws_ChairA_01_collision.DAE
[15.258s] -- Up-to-date symlink: /home/ziad/ziad_ws/ROS2/work_space/install/yahboom_rosmaster_gazebo/share/yahboom_rosmaster_gazebo/models/aws_robomaker_residential_ChairA_01/meshes/aws_ChairA_01_visual.DAE
[15.258s] -- Up-to-date symlink: /home/ziad/ziad_ws/ROS2/work_space/install/yahboom_rosmaster_gazebo/share/yahboom_rosmaster_gazebo/models/aws_robomaker_residential_ChairA_01/model.config
[15.267s] -- Up-to-date symlink: /home/ziad/ziad_ws/ROS2/work_space/install/yahboom_rosmaster_gazebo/share/yahboom_rosmaster_gazebo/models/aws_robomaker_residential_ChairA_01/model.sdf
[15.272s] -- Up-to-date symlink: /home/ziad/ziad_ws/ROS2/work_space/install/yahboom_rosmaster_gazebo/share/yahboom_rosmaster_gazebo/models/aws_robomaker_residential_ChairD_01/materials/textures/aws_ChairD_01.png
[15.295s] -- Up-to-date symlink: /home/ziad/ziad_ws/ROS2/work_space/install/yahboom_rosmaster_gazebo/share/yahboom_rosmaster_gazebo/models/aws_robomaker_residential_ChairD_01/meshes/aws_ChairD_01_collision.DAE
[15.297s] -- Up-to-date symlink: /home/ziad/ziad_ws/ROS2/work_space/install/yahboom_rosmaster_gazebo/share/yahboom_rosmaster_gazebo/models/aws_robomaker_residential_ChairD_01/meshes/aws_ChairD_01_visual.DAE
[15.298s] -- Up-to-date symlink: /home/ziad/ziad_ws/ROS2/work_space/install/yahboom_rosmaster_gazebo/share/yahboom_rosmaster_gazebo/models/aws_robomaker_residential_ChairD_01/model.config
[15.305s] -- Up-to-date symlink: /home/ziad/ziad_ws/ROS2/work_space/install/yahboom_rosmaster_gazebo/share/yahboom_rosmaster_gazebo/models/aws_robomaker_residential_ChairD_01/model.sdf
[15.315s] -- Up-to-date symlink: /home/ziad/ziad_ws/ROS2/work_space/install/yahboom_rosmaster_gazebo/share/yahboom_rosmaster_gazebo/models/aws_robomaker_residential_Chandelier_01/materials/textures/aws_Chandelier_01.png
[15.315s] -- Up-to-date symlink: /home/ziad/ziad_ws/ROS2/work_space/install/yahboom_rosmaster_gazebo/share/yahboom_rosmaster_gazebo/models/aws_robomaker_residential_Chandelier_01/meshes/aws_Chandelier_01.DAE
[15.322s] -- Up-to-date symlink: /home/ziad/ziad_ws/ROS2/work_space/install/yahboom_rosmaster_gazebo/share/yahboom_rosmaster_gazebo/models/aws_robomaker_residential_Chandelier_01/meshes/aws_Chandelier_01_collision.DAE
[15.323s] -- Up-to-date symlink: /home/ziad/ziad_ws/ROS2/work_space/install/yahboom_rosmaster_gazebo/share/yahboom_rosmaster_gazebo/models/aws_robomaker_residential_Chandelier_01/meshes/aws_Chandelier_01_visual.DAE
[15.329s] -- Up-to-date symlink: /home/ziad/ziad_ws/ROS2/work_space/install/yahboom_rosmaster_gazebo/share/yahboom_rosmaster_gazebo/models/aws_robomaker_residential_Chandelier_01/model.config
[15.338s] -- Up-to-date symlink: /home/ziad/ziad_ws/ROS2/work_space/install/yahboom_rosmaster_gazebo/share/yahboom_rosmaster_gazebo/models/aws_robomaker_residential_Chandelier_01/model.sdf
[15.346s] -- Up-to-date symlink: /home/ziad/ziad_ws/ROS2/work_space/install/yahboom_rosmaster_gazebo/share/yahboom_rosmaster_gazebo/models/aws_robomaker_residential_CoffeeTable_01/materials/textures/aws_CoffeeTable_01.png
[15.355s] -- Up-to-date symlink: /home/ziad/ziad_ws/ROS2/work_space/install/yahboom_rosmaster_gazebo/share/yahboom_rosmaster_gazebo/models/aws_robomaker_residential_CoffeeTable_01/meshes/aws_CoffeeTable_01_collision.DAE
[15.364s] -- Up-to-date symlink: /home/ziad/ziad_ws/ROS2/work_space/install/yahboom_rosmaster_gazebo/share/yahboom_rosmaster_gazebo/models/aws_robomaker_residential_CoffeeTable_01/meshes/aws_CoffeeTable_01_visual.DAE
[15.371s] -- Up-to-date symlink: /home/ziad/ziad_ws/ROS2/work_space/install/yahboom_rosmaster_gazebo/share/yahboom_rosmaster_gazebo/models/aws_robomaker_residential_CoffeeTable_01/model.config
[15.373s] -- Up-to-date symlink: /home/ziad/ziad_ws/ROS2/work_space/install/yahboom_rosmaster_gazebo/share/yahboom_rosmaster_gazebo/models/aws_robomaker_residential_CoffeeTable_01/model.sdf
[15.389s] -- Up-to-date symlink: /home/ziad/ziad_ws/ROS2/work_space/install/yahboom_rosmaster_gazebo/share/yahboom_rosmaster_gazebo/models/aws_robomaker_residential_CookingBench_01/materials/textures/aws_CookingBench_01.png
[15.394s] -- Up-to-date symlink: /home/ziad/ziad_ws/ROS2/work_space/install/yahboom_rosmaster_gazebo/share/yahboom_rosmaster_gazebo/models/aws_robomaker_residential_CookingBench_01/meshes/aws_CookingBench_01.DAE
[15.396s] -- Up-to-date symlink: /home/ziad/ziad_ws/ROS2/work_space/install/yahboom_rosmaster_gazebo/share/yahboom_rosmaster_gazebo/models/aws_robomaker_residential_CookingBench_01/meshes/aws_CookingBench_01_collision.DAE
[15.400s] -- Up-to-date symlink: /home/ziad/ziad_ws/ROS2/work_space/install/yahboom_rosmaster_gazebo/share/yahboom_rosmaster_gazebo/models/aws_robomaker_residential_CookingBench_01/meshes/aws_CookingBench_01_visual.DAE
[15.401s] -- Up-to-date symlink: /home/ziad/ziad_ws/ROS2/work_space/install/yahboom_rosmaster_gazebo/share/yahboom_rosmaster_gazebo/models/aws_robomaker_residential_CookingBench_01/model.config
[15.401s] -- Up-to-date symlink: /home/ziad/ziad_ws/ROS2/work_space/install/yahboom_rosmaster_gazebo/share/yahboom_rosmaster_gazebo/models/aws_robomaker_residential_CookingBench_01/model.sdf
[15.435s] -- Up-to-date symlink: /home/ziad/ziad_ws/ROS2/work_space/install/yahboom_rosmaster_gazebo/share/yahboom_rosmaster_gazebo/models/aws_robomaker_residential_Curtain_01/materials/textures/aws_Curtain_01.png
[15.463s] -- Up-to-date symlink: /home/ziad/ziad_ws/ROS2/work_space/install/yahboom_rosmaster_gazebo/share/yahboom_rosmaster_gazebo/models/aws_robomaker_residential_Curtain_01/meshes/aws_Curtain_01_collision.DAE
[15.463s] -- Up-to-date symlink: /home/ziad/ziad_ws/ROS2/work_space/install/yahboom_rosmaster_gazebo/share/yahboom_rosmaster_gazebo/models/aws_robomaker_residential_Curtain_01/meshes/aws_Curtain_01_visual.DAE
[15.463s] -- Up-to-date symlink: /home/ziad/ziad_ws/ROS2/work_space/install/yahboom_rosmaster_gazebo/share/yahboom_rosmaster_gazebo/models/aws_robomaker_residential_Curtain_01/model.config
[15.465s] -- Up-to-date symlink: /home/ziad/ziad_ws/ROS2/work_space/install/yahboom_rosmaster_gazebo/share/yahboom_rosmaster_gazebo/models/aws_robomaker_residential_Curtain_01/model.sdf
[15.475s] -- Up-to-date symlink: /home/ziad/ziad_ws/ROS2/work_space/install/yahboom_rosmaster_gazebo/share/yahboom_rosmaster_gazebo/models/aws_robomaker_residential_DeskPortraitA_01/materials/textures/DeskPortraitA_01.jpg
[15.491s] -- Up-to-date symlink: /home/ziad/ziad_ws/ROS2/work_space/install/yahboom_rosmaster_gazebo/share/yahboom_rosmaster_gazebo/models/aws_robomaker_residential_DeskPortraitA_01/materials/textures/aws_DeskPortraitA_01.png
[15.492s] -- Up-to-date symlink: /home/ziad/ziad_ws/ROS2/work_space/install/yahboom_rosmaster_gazebo/share/yahboom_rosmaster_gazebo/models/aws_robomaker_residential_DeskPortraitA_01/materials/textures/aws_DeskPortraitA_02.png
[15.512s] -- Up-to-date symlink: /home/ziad/ziad_ws/ROS2/work_space/install/yahboom_rosmaster_gazebo/share/yahboom_rosmaster_gazebo/models/aws_robomaker_residential_DeskPortraitA_01/meshes/aws_DeskPortraitA_01_collision.DAE
[15.512s] -- Up-to-date symlink: /home/ziad/ziad_ws/ROS2/work_space/install/yahboom_rosmaster_gazebo/share/yahboom_rosmaster_gazebo/models/aws_robomaker_residential_DeskPortraitA_01/meshes/aws_DeskPortraitA_01_visual.DAE
[15.512s] -- Up-to-date symlink: /home/ziad/ziad_ws/ROS2/work_space/install/yahboom_rosmaster_gazebo/share/yahboom_rosmaster_gazebo/models/aws_robomaker_residential_DeskPortraitA_01/model.config
[15.513s] -- Up-to-date symlink: /home/ziad/ziad_ws/ROS2/work_space/install/yahboom_rosmaster_gazebo/share/yahboom_rosmaster_gazebo/models/aws_robomaker_residential_DeskPortraitA_01/model.sdf
[15.522s] -- Up-to-date symlink: /home/ziad/ziad_ws/ROS2/work_space/install/yahboom_rosmaster_gazebo/share/yahboom_rosmaster_gazebo/models/aws_robomaker_residential_DeskPortraitA_02/materials/textures/DeskPortraitA_02.jpg
[15.522s] -- Up-to-date symlink: /home/ziad/ziad_ws/ROS2/work_space/install/yahboom_rosmaster_gazebo/share/yahboom_rosmaster_gazebo/models/aws_robomaker_residential_DeskPortraitA_02/materials/textures/aws_DeskPortraitA_01.png
[15.534s] -- Up-to-date symlink: /home/ziad/ziad_ws/ROS2/work_space/install/yahboom_rosmaster_gazebo/share/yahboom_rosmaster_gazebo/models/aws_robomaker_residential_DeskPortraitA_02/materials/textures/aws_DeskPortraitA_02.png
[15.544s] -- Up-to-date symlink: /home/ziad/ziad_ws/ROS2/work_space/install/yahboom_rosmaster_gazebo/share/yahboom_rosmaster_gazebo/models/aws_robomaker_residential_DeskPortraitA_02/meshes/aws_DeskPortraitA_01_collision.DAE
[15.560s] -- Up-to-date symlink: /home/ziad/ziad_ws/ROS2/work_space/install/yahboom_rosmaster_gazebo/share/yahboom_rosmaster_gazebo/models/aws_robomaker_residential_DeskPortraitA_02/meshes/aws_DeskPortraitA_01_visual.DAE
[15.560s] -- Up-to-date symlink: /home/ziad/ziad_ws/ROS2/work_space/install/yahboom_rosmaster_gazebo/share/yahboom_rosmaster_gazebo/models/aws_robomaker_residential_DeskPortraitA_02/model.config
[15.580s] -- Up-to-date symlink: /home/ziad/ziad_ws/ROS2/work_space/install/yahboom_rosmaster_gazebo/share/yahboom_rosmaster_gazebo/models/aws_robomaker_residential_DeskPortraitA_02/model.sdf
[15.593s] -- Up-to-date symlink: /home/ziad/ziad_ws/ROS2/work_space/install/yahboom_rosmaster_gazebo/share/yahboom_rosmaster_gazebo/models/aws_robomaker_residential_DeskPortraitB_01/materials/textures/DeskPortraitB_01.jpg
[15.595s] -- Up-to-date symlink: /home/ziad/ziad_ws/ROS2/work_space/install/yahboom_rosmaster_gazebo/share/yahboom_rosmaster_gazebo/models/aws_robomaker_residential_DeskPortraitB_01/materials/textures/aws_DeskPortraitB_01.png
[15.613s] -- Up-to-date symlink: /home/ziad/ziad_ws/ROS2/work_space/install/yahboom_rosmaster_gazebo/share/yahboom_rosmaster_gazebo/models/aws_robomaker_residential_DeskPortraitB_01/materials/textures/aws_DeskPortraitB_02.png
[15.613s] -- Up-to-date symlink: /home/ziad/ziad_ws/ROS2/work_space/install/yahboom_rosmaster_gazebo/share/yahboom_rosmaster_gazebo/models/aws_robomaker_residential_DeskPortraitB_01/meshes/aws_DeskPortraitB_01_collision.DAE
[15.614s] -- Up-to-date symlink: /home/ziad/ziad_ws/ROS2/work_space/install/yahboom_rosmaster_gazebo/share/yahboom_rosmaster_gazebo/models/aws_robomaker_residential_DeskPortraitB_01/meshes/aws_DeskPortraitB_01_visual.DAE
[15.617s] -- Up-to-date symlink: /home/ziad/ziad_ws/ROS2/work_space/install/yahboom_rosmaster_gazebo/share/yahboom_rosmaster_gazebo/models/aws_robomaker_residential_DeskPortraitB_01/model.config
[15.632s] -- Up-to-date symlink: /home/ziad/ziad_ws/ROS2/work_space/install/yahboom_rosmaster_gazebo/share/yahboom_rosmaster_gazebo/models/aws_robomaker_residential_DeskPortraitB_01/model.sdf
[15.662s] -- Up-to-date symlink: /home/ziad/ziad_ws/ROS2/work_space/install/yahboom_rosmaster_gazebo/share/yahboom_rosmaster_gazebo/models/aws_robomaker_residential_DeskPortraitB_02/materials/textures/DeskPortraitB_02.jpg
[15.667s] -- Up-to-date symlink: /home/ziad/ziad_ws/ROS2/work_space/install/yahboom_rosmaster_gazebo/share/yahboom_rosmaster_gazebo/models/aws_robomaker_residential_DeskPortraitB_02/materials/textures/aws_DeskPortraitB_01.png
[15.667s] -- Up-to-date symlink: /home/ziad/ziad_ws/ROS2/work_space/install/yahboom_rosmaster_gazebo/share/yahboom_rosmaster_gazebo/models/aws_robomaker_residential_DeskPortraitB_02/materials/textures/aws_DeskPortraitB_02.png
[15.682s] -- Up-to-date symlink: /home/ziad/ziad_ws/ROS2/work_space/install/yahboom_rosmaster_gazebo/share/yahboom_rosmaster_gazebo/models/aws_robomaker_residential_DeskPortraitB_02/meshes/aws_DeskPortraitB_01_collision.DAE
[15.684s] -- Up-to-date symlink: /home/ziad/ziad_ws/ROS2/work_space/install/yahboom_rosmaster_gazebo/share/yahboom_rosmaster_gazebo/models/aws_robomaker_residential_DeskPortraitB_02/meshes/aws_DeskPortraitB_01_visual.DAE
[15.684s] -- Up-to-date symlink: /home/ziad/ziad_ws/ROS2/work_space/install/yahboom_rosmaster_gazebo/share/yahboom_rosmaster_gazebo/models/aws_robomaker_residential_DeskPortraitB_02/model.config
[15.684s] -- Up-to-date symlink: /home/ziad/ziad_ws/ROS2/work_space/install/yahboom_rosmaster_gazebo/share/yahboom_rosmaster_gazebo/models/aws_robomaker_residential_DeskPortraitB_02/model.sdf
[15.684s] -- Up-to-date symlink: /home/ziad/ziad_ws/ROS2/work_space/install/yahboom_rosmaster_gazebo/share/yahboom_rosmaster_gazebo/models/aws_robomaker_residential_DeskPortraitC_01/materials/textures/DeskPortraitC_01.jpg
[15.685s] -- Up-to-date symlink: /home/ziad/ziad_ws/ROS2/work_space/install/yahboom_rosmaster_gazebo/share/yahboom_rosmaster_gazebo/models/aws_robomaker_residential_DeskPortraitC_01/materials/textures/aws_DeskPortraitC_01.png
[15.685s] -- Up-to-date symlink: /home/ziad/ziad_ws/ROS2/work_space/install/yahboom_rosmaster_gazebo/share/yahboom_rosmaster_gazebo/models/aws_robomaker_residential_DeskPortraitC_01/materials/textures/aws_DeskPortraitC_02.png
[15.689s] -- Up-to-date symlink: /home/ziad/ziad_ws/ROS2/work_space/install/yahboom_rosmaster_gazebo/share/yahboom_rosmaster_gazebo/models/aws_robomaker_residential_DeskPortraitC_01/meshes/aws_DeskPortraitC_01_collision.DAE
[15.689s] -- Up-to-date symlink: /home/ziad/ziad_ws/ROS2/work_space/install/yahboom_rosmaster_gazebo/share/yahboom_rosmaster_gazebo/models/aws_robomaker_residential_DeskPortraitC_01/meshes/aws_DeskPortraitC_01_visual.DAE
[15.689s] -- Up-to-date symlink: /home/ziad/ziad_ws/ROS2/work_space/install/yahboom_rosmaster_gazebo/share/yahboom_rosmaster_gazebo/models/aws_robomaker_residential_DeskPortraitC_01/model.config
[15.690s] -- Up-to-date symlink: /home/ziad/ziad_ws/ROS2/work_space/install/yahboom_rosmaster_gazebo/share/yahboom_rosmaster_gazebo/models/aws_robomaker_residential_DeskPortraitC_01/model.sdf
[15.690s] -- Up-to-date symlink: /home/ziad/ziad_ws/ROS2/work_space/install/yahboom_rosmaster_gazebo/share/yahboom_rosmaster_gazebo/models/aws_robomaker_residential_DeskPortraitC_02/materials/textures/DeskPortraitC_02.jpg
[15.709s] -- Up-to-date symlink: /home/ziad/ziad_ws/ROS2/work_space/install/yahboom_rosmaster_gazebo/share/yahboom_rosmaster_gazebo/models/aws_robomaker_residential_DeskPortraitC_02/materials/textures/aws_DeskPortraitC_01.png
[15.714s] -- Up-to-date symlink: /home/ziad/ziad_ws/ROS2/work_space/install/yahboom_rosmaster_gazebo/share/yahboom_rosmaster_gazebo/models/aws_robomaker_residential_DeskPortraitC_02/materials/textures/aws_DeskPortraitC_02.png
[15.715s] -- Up-to-date symlink: /home/ziad/ziad_ws/ROS2/work_space/install/yahboom_rosmaster_gazebo/share/yahboom_rosmaster_gazebo/models/aws_robomaker_residential_DeskPortraitC_02/meshes/aws_DeskPortraitC_01_collision.DAE
[15.734s] -- Up-to-date symlink: /home/ziad/ziad_ws/ROS2/work_space/install/yahboom_rosmaster_gazebo/share/yahboom_rosmaster_gazebo/models/aws_robomaker_residential_DeskPortraitC_02/meshes/aws_DeskPortraitC_01_visual.DAE
[15.755s] -- Up-to-date symlink: /home/ziad/ziad_ws/ROS2/work_space/install/yahboom_rosmaster_gazebo/share/yahboom_rosmaster_gazebo/models/aws_robomaker_residential_DeskPortraitC_02/model.config
[15.755s] -- Up-to-date symlink: /home/ziad/ziad_ws/ROS2/work_space/install/yahboom_rosmaster_gazebo/share/yahboom_rosmaster_gazebo/models/aws_robomaker_residential_DeskPortraitC_02/model.sdf
[15.755s] -- Up-to-date symlink: /home/ziad/ziad_ws/ROS2/work_space/install/yahboom_rosmaster_gazebo/share/yahboom_rosmaster_gazebo/models/aws_robomaker_residential_DeskPortraitD_01/materials/textures/DeskPortraitD_01.jpg
[15.756s] -- Up-to-date symlink: /home/ziad/ziad_ws/ROS2/work_space/install/yahboom_rosmaster_gazebo/share/yahboom_rosmaster_gazebo/models/aws_robomaker_residential_DeskPortraitD_01/materials/textures/aws_DeskPortraitD_01.png
[15.777s] -- Up-to-date symlink: /home/ziad/ziad_ws/ROS2/work_space/install/yahboom_rosmaster_gazebo/share/yahboom_rosmaster_gazebo/models/aws_robomaker_residential_DeskPortraitD_01/materials/textures/aws_DeskPortraitD_02.png
[15.777s] -- Up-to-date symlink: /home/ziad/ziad_ws/ROS2/work_space/install/yahboom_rosmaster_gazebo/share/yahboom_rosmaster_gazebo/models/aws_robomaker_residential_DeskPortraitD_01/meshes/aws_DeskPortraitD_01_collision.DAE
[15.777s] -- Up-to-date symlink: /home/ziad/ziad_ws/ROS2/work_space/install/yahboom_rosmaster_gazebo/share/yahboom_rosmaster_gazebo/models/aws_robomaker_residential_DeskPortraitD_01/meshes/aws_DeskPortraitD_01_visual.DAE
[15.777s] -- Up-to-date symlink: /home/ziad/ziad_ws/ROS2/work_space/install/yahboom_rosmaster_gazebo/share/yahboom_rosmaster_gazebo/models/aws_robomaker_residential_DeskPortraitD_01/model.config
[15.778s] -- Up-to-date symlink: /home/ziad/ziad_ws/ROS2/work_space/install/yahboom_rosmaster_gazebo/share/yahboom_rosmaster_gazebo/models/aws_robomaker_residential_DeskPortraitD_01/model.sdf
[15.781s] -- Up-to-date symlink: /home/ziad/ziad_ws/ROS2/work_space/install/yahboom_rosmaster_gazebo/share/yahboom_rosmaster_gazebo/models/aws_robomaker_residential_DeskPortraitD_02/materials/textures/DeskPortraitD_02.jpg
[15.783s] -- Up-to-date symlink: /home/ziad/ziad_ws/ROS2/work_space/install/yahboom_rosmaster_gazebo/share/yahboom_rosmaster_gazebo/models/aws_robomaker_residential_DeskPortraitD_02/materials/textures/aws_DeskPortraitD_01.png
[15.783s] -- Up-to-date symlink: /home/ziad/ziad_ws/ROS2/work_space/install/yahboom_rosmaster_gazebo/share/yahboom_rosmaster_gazebo/models/aws_robomaker_residential_DeskPortraitD_02/materials/textures/aws_DeskPortraitD_02.png
[15.797s] -- Up-to-date symlink: /home/ziad/ziad_ws/ROS2/work_space/install/yahboom_rosmaster_gazebo/share/yahboom_rosmaster_gazebo/models/aws_robomaker_residential_DeskPortraitD_02/meshes/aws_DeskPortraitD_01_collision.DAE
[15.798s] -- Up-to-date symlink: /home/ziad/ziad_ws/ROS2/work_space/install/yahboom_rosmaster_gazebo/share/yahboom_rosmaster_gazebo/models/aws_robomaker_residential_DeskPortraitD_02/meshes/aws_DeskPortraitD_01_visual.DAE
[15.798s] -- Up-to-date symlink: /home/ziad/ziad_ws/ROS2/work_space/install/yahboom_rosmaster_gazebo/share/yahboom_rosmaster_gazebo/models/aws_robomaker_residential_DeskPortraitD_02/model.config
[15.800s] -- Up-to-date symlink: /home/ziad/ziad_ws/ROS2/work_space/install/yahboom_rosmaster_gazebo/share/yahboom_rosmaster_gazebo/models/aws_robomaker_residential_DeskPortraitD_02/model.sdf
[15.800s] -- Up-to-date symlink: /home/ziad/ziad_ws/ROS2/work_space/install/yahboom_rosmaster_gazebo/share/yahboom_rosmaster_gazebo/models/aws_robomaker_residential_DeskPortraitD_03/materials/textures/DeskPortraitD_03.jpg
[15.802s] -- Up-to-date symlink: /home/ziad/ziad_ws/ROS2/work_space/install/yahboom_rosmaster_gazebo/share/yahboom_rosmaster_gazebo/models/aws_robomaker_residential_DeskPortraitD_03/materials/textures/aws_DeskPortraitD_01.png
[15.805s] -- Up-to-date symlink: /home/ziad/ziad_ws/ROS2/work_space/install/yahboom_rosmaster_gazebo/share/yahboom_rosmaster_gazebo/models/aws_robomaker_residential_DeskPortraitD_03/materials/textures/aws_DeskPortraitD_02.png
[15.807s] -- Up-to-date symlink: /home/ziad/ziad_ws/ROS2/work_space/install/yahboom_rosmaster_gazebo/share/yahboom_rosmaster_gazebo/models/aws_robomaker_residential_DeskPortraitD_03/meshes/aws_DeskPortraitD_01_collision.DAE
[15.820s] -- Up-to-date symlink: /home/ziad/ziad_ws/ROS2/work_space/install/yahboom_rosmaster_gazebo/share/yahboom_rosmaster_gazebo/models/aws_robomaker_residential_DeskPortraitD_03/meshes/aws_DeskPortraitD_01_visual.DAE
[15.826s] -- Up-to-date symlink: /home/ziad/ziad_ws/ROS2/work_space/install/yahboom_rosmaster_gazebo/share/yahboom_rosmaster_gazebo/models/aws_robomaker_residential_DeskPortraitD_03/model.config
[15.827s] -- Up-to-date symlink: /home/ziad/ziad_ws/ROS2/work_space/install/yahboom_rosmaster_gazebo/share/yahboom_rosmaster_gazebo/models/aws_robomaker_residential_DeskPortraitD_03/model.sdf
[15.829s] -- Up-to-date symlink: /home/ziad/ziad_ws/ROS2/work_space/install/yahboom_rosmaster_gazebo/share/yahboom_rosmaster_gazebo/models/aws_robomaker_residential_DeskPortraitD_04/materials/textures/DeskPortraitD_04.jpg
[15.831s] -- Up-to-date symlink: /home/ziad/ziad_ws/ROS2/work_space/install/yahboom_rosmaster_gazebo/share/yahboom_rosmaster_gazebo/models/aws_robomaker_residential_DeskPortraitD_04/materials/textures/aws_DeskPortraitD_01.png
[15.832s] -- Up-to-date symlink: /home/ziad/ziad_ws/ROS2/work_space/install/yahboom_rosmaster_gazebo/share/yahboom_rosmaster_gazebo/models/aws_robomaker_residential_DeskPortraitD_04/materials/textures/aws_DeskPortraitD_02.png
[15.844s] -- Up-to-date symlink: /home/ziad/ziad_ws/ROS2/work_space/install/yahboom_rosmaster_gazebo/share/yahboom_rosmaster_gazebo/models/aws_robomaker_residential_DeskPortraitD_04/meshes/aws_DeskPortraitD_01_collision.DAE
[15.845s] -- Up-to-date symlink: /home/ziad/ziad_ws/ROS2/work_space/install/yahboom_rosmaster_gazebo/share/yahboom_rosmaster_gazebo/models/aws_robomaker_residential_DeskPortraitD_04/meshes/aws_DeskPortraitD_01_visual.DAE
[15.848s] -- Up-to-date symlink: /home/ziad/ziad_ws/ROS2/work_space/install/yahboom_rosmaster_gazebo/share/yahboom_rosmaster_gazebo/models/aws_robomaker_residential_DeskPortraitD_04/model.config
[15.849s] -- Up-to-date symlink: /home/ziad/ziad_ws/ROS2/work_space/install/yahboom_rosmaster_gazebo/share/yahboom_rosmaster_gazebo/models/aws_robomaker_residential_DeskPortraitD_04/model.sdf
[15.852s] -- Up-to-date symlink: /home/ziad/ziad_ws/ROS2/work_space/install/yahboom_rosmaster_gazebo/share/yahboom_rosmaster_gazebo/models/aws_robomaker_residential_Door_01/materials/textures/aws_Door_01.png
[15.869s] -- Up-to-date symlink: /home/ziad/ziad_ws/ROS2/work_space/install/yahboom_rosmaster_gazebo/share/yahboom_rosmaster_gazebo/models/aws_robomaker_residential_Door_01/meshes/aws_Door_01_collision.DAE
[15.870s] -- Up-to-date symlink: /home/ziad/ziad_ws/ROS2/work_space/install/yahboom_rosmaster_gazebo/share/yahboom_rosmaster_gazebo/models/aws_robomaker_residential_Door_01/meshes/aws_Door_01_visual.DAE
[15.874s] -- Up-to-date symlink: /home/ziad/ziad_ws/ROS2/work_space/install/yahboom_rosmaster_gazebo/share/yahboom_rosmaster_gazebo/models/aws_robomaker_residential_Door_01/model.config
[15.874s] -- Up-to-date symlink: /home/ziad/ziad_ws/ROS2/work_space/install/yahboom_rosmaster_gazebo/share/yahboom_rosmaster_gazebo/models/aws_robomaker_residential_Door_01/model.sdf
[15.894s] -- Up-to-date symlink: /home/ziad/ziad_ws/ROS2/work_space/install/yahboom_rosmaster_gazebo/share/yahboom_rosmaster_gazebo/models/aws_robomaker_residential_Dumbbell_01/materials/textures/aws_Dumbbell_01.png
[15.894s] -- Up-to-date symlink: /home/ziad/ziad_ws/ROS2/work_space/install/yahboom_rosmaster_gazebo/share/yahboom_rosmaster_gazebo/models/aws_robomaker_residential_Dumbbell_01/meshes/aws_Dumbbell_01_collision.DAE
[15.894s] -- Up-to-date symlink: /home/ziad/ziad_ws/ROS2/work_space/install/yahboom_rosmaster_gazebo/share/yahboom_rosmaster_gazebo/models/aws_robomaker_residential_Dumbbell_01/meshes/aws_Dumbbell_01_visual.DAE
[15.894s] -- Up-to-date symlink: /home/ziad/ziad_ws/ROS2/work_space/install/yahboom_rosmaster_gazebo/share/yahboom_rosmaster_gazebo/models/aws_robomaker_residential_Dumbbell_01/model.config
[15.895s] -- Up-to-date symlink: /home/ziad/ziad_ws/ROS2/work_space/install/yahboom_rosmaster_gazebo/share/yahboom_rosmaster_gazebo/models/aws_robomaker_residential_Dumbbell_01/model.sdf
[15.900s] -- Up-to-date symlink: /home/ziad/ziad_ws/ROS2/work_space/install/yahboom_rosmaster_gazebo/share/yahboom_rosmaster_gazebo/models/aws_robomaker_residential_FitnessEquipment_01/materials/textures/aws_FitnessEquipment_01.png
[15.901s] -- Up-to-date symlink: /home/ziad/ziad_ws/ROS2/work_space/install/yahboom_rosmaster_gazebo/share/yahboom_rosmaster_gazebo/models/aws_robomaker_residential_FitnessEquipment_01/meshes/aws_FitnessEquipment_01_collision.DAE
[15.903s] -- Up-to-date symlink: /home/ziad/ziad_ws/ROS2/work_space/install/yahboom_rosmaster_gazebo/share/yahboom_rosmaster_gazebo/models/aws_robomaker_residential_FitnessEquipment_01/meshes/aws_FitnessEquipment_01_visual.DAE
[15.907s] -- Up-to-date symlink: /home/ziad/ziad_ws/ROS2/work_space/install/yahboom_rosmaster_gazebo/share/yahboom_rosmaster_gazebo/models/aws_robomaker_residential_FitnessEquipment_01/model.config
[15.922s] -- Up-to-date symlink: /home/ziad/ziad_ws/ROS2/work_space/install/yahboom_rosmaster_gazebo/share/yahboom_rosmaster_gazebo/models/aws_robomaker_residential_FitnessEquipment_01/model.sdf
[15.923s] -- Up-to-date symlink: /home/ziad/ziad_ws/ROS2/work_space/install/yahboom_rosmaster_gazebo/share/yahboom_rosmaster_gazebo/models/aws_robomaker_residential_FloorB_01/materials/textures/aws_FloorB_01.png
[15.923s] -- Up-to-date symlink: /home/ziad/ziad_ws/ROS2/work_space/install/yahboom_rosmaster_gazebo/share/yahboom_rosmaster_gazebo/models/aws_robomaker_residential_FloorB_01/meshes/aws_FloorB_01_collision.DAE
[15.923s] -- Up-to-date symlink: /home/ziad/ziad_ws/ROS2/work_space/install/yahboom_rosmaster_gazebo/share/yahboom_rosmaster_gazebo/models/aws_robomaker_residential_FloorB_01/meshes/aws_FloorB_01_visual.DAE
[15.923s] -- Up-to-date symlink: /home/ziad/ziad_ws/ROS2/work_space/install/yahboom_rosmaster_gazebo/share/yahboom_rosmaster_gazebo/models/aws_robomaker_residential_FloorB_01/model.config
[15.924s] -- Up-to-date symlink: /home/ziad/ziad_ws/ROS2/work_space/install/yahboom_rosmaster_gazebo/share/yahboom_rosmaster_gazebo/models/aws_robomaker_residential_FloorB_01/model.sdf
[15.931s] -- Up-to-date symlink: /home/ziad/ziad_ws/ROS2/work_space/install/yahboom_rosmaster_gazebo/share/yahboom_rosmaster_gazebo/models/aws_robomaker_residential_FoldingDoor_01/materials/textures/aws_FoldingDoor_01.png
[15.942s] -- Up-to-date symlink: /home/ziad/ziad_ws/ROS2/work_space/install/yahboom_rosmaster_gazebo/share/yahboom_rosmaster_gazebo/models/aws_robomaker_residential_FoldingDoor_01/meshes/aws_FoldingDoor_01_collision.DAE
[15.948s] -- Up-to-date symlink: /home/ziad/ziad_ws/ROS2/work_space/install/yahboom_rosmaster_gazebo/share/yahboom_rosmaster_gazebo/models/aws_robomaker_residential_FoldingDoor_01/meshes/aws_FoldingDoor_01_visual.DAE
[15.949s] -- Up-to-date symlink: /home/ziad/ziad_ws/ROS2/work_space/install/yahboom_rosmaster_gazebo/share/yahboom_rosmaster_gazebo/models/aws_robomaker_residential_FoldingDoor_01/model.config
[15.949s] -- Up-to-date symlink: /home/ziad/ziad_ws/ROS2/work_space/install/yahboom_rosmaster_gazebo/share/yahboom_rosmaster_gazebo/models/aws_robomaker_residential_FoldingDoor_01/model.sdf
[15.953s] -- Up-to-date symlink: /home/ziad/ziad_ws/ROS2/work_space/install/yahboom_rosmaster_gazebo/share/yahboom_rosmaster_gazebo/models/aws_robomaker_residential_FoldingDoor_02/materials/textures/aws_FoldingDoor_02.png
[15.953s] -- Up-to-date symlink: /home/ziad/ziad_ws/ROS2/work_space/install/yahboom_rosmaster_gazebo/share/yahboom_rosmaster_gazebo/models/aws_robomaker_residential_FoldingDoor_02/meshes/aws_FoldingDoor_02_collision.DAE
[15.973s] -- Up-to-date symlink: /home/ziad/ziad_ws/ROS2/work_space/install/yahboom_rosmaster_gazebo/share/yahboom_rosmaster_gazebo/models/aws_robomaker_residential_FoldingDoor_02/meshes/aws_FoldingDoor_02_visual.DAE
[15.973s] -- Up-to-date symlink: /home/ziad/ziad_ws/ROS2/work_space/install/yahboom_rosmaster_gazebo/share/yahboom_rosmaster_gazebo/models/aws_robomaker_residential_FoldingDoor_02/model.config
[15.973s] -- Up-to-date symlink: /home/ziad/ziad_ws/ROS2/work_space/install/yahboom_rosmaster_gazebo/share/yahboom_rosmaster_gazebo/models/aws_robomaker_residential_FoldingDoor_02/model.sdf
[15.974s] -- Up-to-date symlink: /home/ziad/ziad_ws/ROS2/work_space/install/yahboom_rosmaster_gazebo/share/yahboom_rosmaster_gazebo/models/aws_robomaker_residential_Handle_01/materials/textures/aws_Handle_01.png
[15.974s] -- Up-to-date symlink: /home/ziad/ziad_ws/ROS2/work_space/install/yahboom_rosmaster_gazebo/share/yahboom_rosmaster_gazebo/models/aws_robomaker_residential_Handle_01/meshes/aws_Handle_01_collision.DAE
[15.974s] -- Up-to-date symlink: /home/ziad/ziad_ws/ROS2/work_space/install/yahboom_rosmaster_gazebo/share/yahboom_rosmaster_gazebo/models/aws_robomaker_residential_Handle_01/meshes/aws_Handle_01_visual.DAE
[15.974s] -- Up-to-date symlink: /home/ziad/ziad_ws/ROS2/work_space/install/yahboom_rosmaster_gazebo/share/yahboom_rosmaster_gazebo/models/aws_robomaker_residential_Handle_01/model.config
[15.974s] -- Up-to-date symlink: /home/ziad/ziad_ws/ROS2/work_space/install/yahboom_rosmaster_gazebo/share/yahboom_rosmaster_gazebo/models/aws_robomaker_residential_Handle_01/model.sdf
[15.992s] -- Up-to-date symlink: /home/ziad/ziad_ws/ROS2/work_space/install/yahboom_rosmaster_gazebo/share/yahboom_rosmaster_gazebo/models/aws_robomaker_residential_HouseWallB_01/materials/textures/aws_HouseWallB_01.png
[15.992s] -- Up-to-date symlink: /home/ziad/ziad_ws/ROS2/work_space/install/yahboom_rosmaster_gazebo/share/yahboom_rosmaster_gazebo/models/aws_robomaker_residential_HouseWallB_01/meshes/aws_HouseWallB_01_collision.DAE
[15.992s] -- Up-to-date symlink: /home/ziad/ziad_ws/ROS2/work_space/install/yahboom_rosmaster_gazebo/share/yahboom_rosmaster_gazebo/models/aws_robomaker_residential_HouseWallB_01/meshes/aws_HouseWallB_01_visual.DAE
[15.993s] -- Up-to-date symlink: /home/ziad/ziad_ws/ROS2/work_space/install/yahboom_rosmaster_gazebo/share/yahboom_rosmaster_gazebo/models/aws_robomaker_residential_HouseWallB_01/model.config
[15.993s] -- Up-to-date symlink: /home/ziad/ziad_ws/ROS2/work_space/install/yahboom_rosmaster_gazebo/share/yahboom_rosmaster_gazebo/models/aws_robomaker_residential_HouseWallB_01/model.sdf
[15.998s] -- Up-to-date symlink: /home/ziad/ziad_ws/ROS2/work_space/install/yahboom_rosmaster_gazebo/share/yahboom_rosmaster_gazebo/models/aws_robomaker_residential_KitchenCabinet_01/materials/textures/aws_KitchenCabinet_01.png
[15.998s] -- Up-to-date symlink: /home/ziad/ziad_ws/ROS2/work_space/install/yahboom_rosmaster_gazebo/share/yahboom_rosmaster_gazebo/models/aws_robomaker_residential_KitchenCabinet_01/meshes/aws_KitchenCabinet_01_collision.DAE
[15.998s] -- Up-to-date symlink: /home/ziad/ziad_ws/ROS2/work_space/install/yahboom_rosmaster_gazebo/share/yahboom_rosmaster_gazebo/models/aws_robomaker_residential_KitchenCabinet_01/meshes/aws_KitchenCabinet_01_visual.DAE
[15.998s] -- Up-to-date symlink: /home/ziad/ziad_ws/ROS2/work_space/install/yahboom_rosmaster_gazebo/share/yahboom_rosmaster_gazebo/models/aws_robomaker_residential_KitchenCabinet_01/model.config
[15.999s] -- Up-to-date symlink: /home/ziad/ziad_ws/ROS2/work_space/install/yahboom_rosmaster_gazebo/share/yahboom_rosmaster_gazebo/models/aws_robomaker_residential_KitchenCabinet_01/model.sdf
[16.010s] -- Up-to-date symlink: /home/ziad/ziad_ws/ROS2/work_space/install/yahboom_rosmaster_gazebo/share/yahboom_rosmaster_gazebo/models/aws_robomaker_residential_KitchenTable_01/materials/textures/aws_KitchenTable_01.png
[16.015s] -- Up-to-date symlink: /home/ziad/ziad_ws/ROS2/work_space/install/yahboom_rosmaster_gazebo/share/yahboom_rosmaster_gazebo/models/aws_robomaker_residential_KitchenTable_01/meshes/aws_KitchenTable_01_collision.DAE
[16.018s] -- Up-to-date symlink: /home/ziad/ziad_ws/ROS2/work_space/install/yahboom_rosmaster_gazebo/share/yahboom_rosmaster_gazebo/models/aws_robomaker_residential_KitchenTable_01/meshes/aws_KitchenTable_01_visual.DAE
[16.021s] -- Up-to-date symlink: /home/ziad/ziad_ws/ROS2/work_space/install/yahboom_rosmaster_gazebo/share/yahboom_rosmaster_gazebo/models/aws_robomaker_residential_KitchenTable_01/model.config
[16.022s] -- Up-to-date symlink: /home/ziad/ziad_ws/ROS2/work_space/install/yahboom_rosmaster_gazebo/share/yahboom_rosmaster_gazebo/models/aws_robomaker_residential_KitchenTable_01/model.sdf
[16.027s] -- Up-to-date symlink: /home/ziad/ziad_ws/ROS2/work_space/install/yahboom_rosmaster_gazebo/share/yahboom_rosmaster_gazebo/models/aws_robomaker_residential_KitchenUtensils_01/materials/textures/aws_KitchenUtensils_01.png
[16.040s] -- Up-to-date symlink: /home/ziad/ziad_ws/ROS2/work_space/install/yahboom_rosmaster_gazebo/share/yahboom_rosmaster_gazebo/models/aws_robomaker_residential_KitchenUtensils_01/meshes/aws_KitchenUtensils_01_collision.DAE
[16.040s] -- Up-to-date symlink: /home/ziad/ziad_ws/ROS2/work_space/install/yahboom_rosmaster_gazebo/share/yahboom_rosmaster_gazebo/models/aws_robomaker_residential_KitchenUtensils_01/meshes/aws_KitchenUtensils_01_visual.DAE
[16.040s] -- Up-to-date symlink: /home/ziad/ziad_ws/ROS2/work_space/install/yahboom_rosmaster_gazebo/share/yahboom_rosmaster_gazebo/models/aws_robomaker_residential_KitchenUtensils_01/model.config
[16.047s] -- Up-to-date symlink: /home/ziad/ziad_ws/ROS2/work_space/install/yahboom_rosmaster_gazebo/share/yahboom_rosmaster_gazebo/models/aws_robomaker_residential_KitchenUtensils_01/model.sdf
[16.051s] -- Up-to-date symlink: /home/ziad/ziad_ws/ROS2/work_space/install/yahboom_rosmaster_gazebo/share/yahboom_rosmaster_gazebo/models/aws_robomaker_residential_LightC_01/materials/textures/aws_LightC_01.png
[16.059s] -- Up-to-date symlink: /home/ziad/ziad_ws/ROS2/work_space/install/yahboom_rosmaster_gazebo/share/yahboom_rosmaster_gazebo/models/aws_robomaker_residential_LightC_01/meshes/aws_LightC_01_collision.DAE
[16.063s] -- Up-to-date symlink: /home/ziad/ziad_ws/ROS2/work_space/install/yahboom_rosmaster_gazebo/share/yahboom_rosmaster_gazebo/models/aws_robomaker_residential_LightC_01/meshes/aws_LightC_01_visual.DAE
[16.071s] -- Up-to-date symlink: /home/ziad/ziad_ws/ROS2/work_space/install/yahboom_rosmaster_gazebo/share/yahboom_rosmaster_gazebo/models/aws_robomaker_residential_LightC_01/model.config
[16.074s] -- Up-to-date symlink: /home/ziad/ziad_ws/ROS2/work_space/install/yahboom_rosmaster_gazebo/share/yahboom_rosmaster_gazebo/models/aws_robomaker_residential_LightC_01/model.sdf
[16.074s] -- Up-to-date symlink: /home/ziad/ziad_ws/ROS2/work_space/install/yahboom_rosmaster_gazebo/share/yahboom_rosmaster_gazebo/models/aws_robomaker_residential_NightStand_01/materials/textures/aws_NightStand_01.png
[16.090s] -- Up-to-date symlink: /home/ziad/ziad_ws/ROS2/work_space/install/yahboom_rosmaster_gazebo/share/yahboom_rosmaster_gazebo/models/aws_robomaker_residential_NightStand_01/meshes/aws_NightStand_01_collision.DAE
[16.091s] -- Up-to-date symlink: /home/ziad/ziad_ws/ROS2/work_space/install/yahboom_rosmaster_gazebo/share/yahboom_rosmaster_gazebo/models/aws_robomaker_residential_NightStand_01/meshes/aws_NightStand_01_visual.DAE
[16.092s] -- Up-to-date symlink: /home/ziad/ziad_ws/ROS2/work_space/install/yahboom_rosmaster_gazebo/share/yahboom_rosmaster_gazebo/models/aws_robomaker_residential_NightStand_01/model.config
[16.096s] -- Up-to-date symlink: /home/ziad/ziad_ws/ROS2/work_space/install/yahboom_rosmaster_gazebo/share/yahboom_rosmaster_gazebo/models/aws_robomaker_residential_NightStand_01/model.sdf
[16.096s] -- Up-to-date symlink: /home/ziad/ziad_ws/ROS2/work_space/install/yahboom_rosmaster_gazebo/share/yahboom_rosmaster_gazebo/models/aws_robomaker_residential_Pillow_01/materials/textures/aws_Pillow_01.png
[16.096s] -- Up-to-date symlink: /home/ziad/ziad_ws/ROS2/work_space/install/yahboom_rosmaster_gazebo/share/yahboom_rosmaster_gazebo/models/aws_robomaker_residential_Pillow_01/meshes/aws_Pillow_01_collision.DAE
[16.096s] -- Up-to-date symlink: /home/ziad/ziad_ws/ROS2/work_space/install/yahboom_rosmaster_gazebo/share/yahboom_rosmaster_gazebo/models/aws_robomaker_residential_Pillow_01/meshes/aws_Pillow_01_visual.DAE
[16.096s] -- Up-to-date symlink: /home/ziad/ziad_ws/ROS2/work_space/install/yahboom_rosmaster_gazebo/share/yahboom_rosmaster_gazebo/models/aws_robomaker_residential_Pillow_01/model.config
[16.097s] -- Up-to-date symlink: /home/ziad/ziad_ws/ROS2/work_space/install/yahboom_rosmaster_gazebo/share/yahboom_rosmaster_gazebo/models/aws_robomaker_residential_Pillow_01/model.sdf
[16.097s] -- Up-to-date symlink: /home/ziad/ziad_ws/ROS2/work_space/install/yahboom_rosmaster_gazebo/share/yahboom_rosmaster_gazebo/models/aws_robomaker_residential_PortraitA_01/materials/textures/PortraitA_01.jpg
[16.098s] -- Up-to-date symlink: /home/ziad/ziad_ws/ROS2/work_space/install/yahboom_rosmaster_gazebo/share/yahboom_rosmaster_gazebo/models/aws_robomaker_residential_PortraitA_01/materials/textures/aws_PortraitA_01.png
[16.098s] -- Up-to-date symlink: /home/ziad/ziad_ws/ROS2/work_space/install/yahboom_rosmaster_gazebo/share/yahboom_rosmaster_gazebo/models/aws_robomaker_residential_PortraitA_01/materials/textures/aws_PortraitA_02.png
[16.098s] -- Up-to-date symlink: /home/ziad/ziad_ws/ROS2/work_space/install/yahboom_rosmaster_gazebo/share/yahboom_rosmaster_gazebo/models/aws_robomaker_residential_PortraitA_01/meshes/aws_PortraitA_01_collision.DAE
[16.098s] -- Up-to-date symlink: /home/ziad/ziad_ws/ROS2/work_space/install/yahboom_rosmaster_gazebo/share/yahboom_rosmaster_gazebo/models/aws_robomaker_residential_PortraitA_01/meshes/aws_PortraitA_01_visual.DAE
[16.098s] -- Up-to-date symlink: /home/ziad/ziad_ws/ROS2/work_space/install/yahboom_rosmaster_gazebo/share/yahboom_rosmaster_gazebo/models/aws_robomaker_residential_PortraitA_01/model.config
[16.099s] -- Up-to-date symlink: /home/ziad/ziad_ws/ROS2/work_space/install/yahboom_rosmaster_gazebo/share/yahboom_rosmaster_gazebo/models/aws_robomaker_residential_PortraitA_01/model.sdf
[16.099s] -- Up-to-date symlink: /home/ziad/ziad_ws/ROS2/work_space/install/yahboom_rosmaster_gazebo/share/yahboom_rosmaster_gazebo/models/aws_robomaker_residential_PortraitA_02/materials/textures/PortraitA_02.jpg
[16.099s] -- Up-to-date symlink: /home/ziad/ziad_ws/ROS2/work_space/install/yahboom_rosmaster_gazebo/share/yahboom_rosmaster_gazebo/models/aws_robomaker_residential_PortraitA_02/materials/textures/aws_PortraitA_01.png
[16.099s] -- Up-to-date symlink: /home/ziad/ziad_ws/ROS2/work_space/install/yahboom_rosmaster_gazebo/share/yahboom_rosmaster_gazebo/models/aws_robomaker_residential_PortraitA_02/materials/textures/aws_PortraitA_02.png
[16.099s] -- Up-to-date symlink: /home/ziad/ziad_ws/ROS2/work_space/install/yahboom_rosmaster_gazebo/share/yahboom_rosmaster_gazebo/models/aws_robomaker_residential_PortraitA_02/meshes/aws_PortraitA_01_collision.DAE
[16.099s] -- Up-to-date symlink: /home/ziad/ziad_ws/ROS2/work_space/install/yahboom_rosmaster_gazebo/share/yahboom_rosmaster_gazebo/models/aws_robomaker_residential_PortraitA_02/meshes/aws_PortraitA_01_visual.DAE
[16.106s] -- Up-to-date symlink: /home/ziad/ziad_ws/ROS2/work_space/install/yahboom_rosmaster_gazebo/share/yahboom_rosmaster_gazebo/models/aws_robomaker_residential_PortraitA_02/model.config
[16.106s] -- Up-to-date symlink: /home/ziad/ziad_ws/ROS2/work_space/install/yahboom_rosmaster_gazebo/share/yahboom_rosmaster_gazebo/models/aws_robomaker_residential_PortraitA_02/model.sdf
[16.106s] -- Up-to-date symlink: /home/ziad/ziad_ws/ROS2/work_space/install/yahboom_rosmaster_gazebo/share/yahboom_rosmaster_gazebo/models/aws_robomaker_residential_PortraitB_01/materials/textures/PortraitB_01.jpg
[16.107s] -- Up-to-date symlink: /home/ziad/ziad_ws/ROS2/work_space/install/yahboom_rosmaster_gazebo/share/yahboom_rosmaster_gazebo/models/aws_robomaker_residential_PortraitB_01/materials/textures/aws_PortraitB_01.png
[16.108s] -- Up-to-date symlink: /home/ziad/ziad_ws/ROS2/work_space/install/yahboom_rosmaster_gazebo/share/yahboom_rosmaster_gazebo/models/aws_robomaker_residential_PortraitB_01/materials/textures/aws_PortraitB_02.png
[16.109s] -- Up-to-date symlink: /home/ziad/ziad_ws/ROS2/work_space/install/yahboom_rosmaster_gazebo/share/yahboom_rosmaster_gazebo/models/aws_robomaker_residential_PortraitB_01/meshes/aws_PortraitB_01_collision.DAE
[16.114s] -- Up-to-date symlink: /home/ziad/ziad_ws/ROS2/work_space/install/yahboom_rosmaster_gazebo/share/yahboom_rosmaster_gazebo/models/aws_robomaker_residential_PortraitB_01/meshes/aws_PortraitB_01_visual.DAE
[16.132s] -- Up-to-date symlink: /home/ziad/ziad_ws/ROS2/work_space/install/yahboom_rosmaster_gazebo/share/yahboom_rosmaster_gazebo/models/aws_robomaker_residential_PortraitB_01/model.config
[16.140s] -- Up-to-date symlink: /home/ziad/ziad_ws/ROS2/work_space/install/yahboom_rosmaster_gazebo/share/yahboom_rosmaster_gazebo/models/aws_robomaker_residential_PortraitB_01/model.sdf
[16.147s] -- Up-to-date symlink: /home/ziad/ziad_ws/ROS2/work_space/install/yahboom_rosmaster_gazebo/share/yahboom_rosmaster_gazebo/models/aws_robomaker_residential_PortraitB_02/materials/textures/PortraitB_02.jpg
[16.155s] -- Up-to-date symlink: /home/ziad/ziad_ws/ROS2/work_space/install/yahboom_rosmaster_gazebo/share/yahboom_rosmaster_gazebo/models/aws_robomaker_residential_PortraitB_02/materials/textures/aws_PortraitB_01.png
[16.160s] -- Up-to-date symlink: /home/ziad/ziad_ws/ROS2/work_space/install/yahboom_rosmaster_gazebo/share/yahboom_rosmaster_gazebo/models/aws_robomaker_residential_PortraitB_02/materials/textures/aws_PortraitB_02.png
[16.167s] -- Up-to-date symlink: /home/ziad/ziad_ws/ROS2/work_space/install/yahboom_rosmaster_gazebo/share/yahboom_rosmaster_gazebo/models/aws_robomaker_residential_PortraitB_02/meshes/aws_PortraitB_01_collision.DAE
[16.169s] -- Up-to-date symlink: /home/ziad/ziad_ws/ROS2/work_space/install/yahboom_rosmaster_gazebo/share/yahboom_rosmaster_gazebo/models/aws_robomaker_residential_PortraitB_02/meshes/aws_PortraitB_01_visual.DAE
[16.186s] -- Up-to-date symlink: /home/ziad/ziad_ws/ROS2/work_space/install/yahboom_rosmaster_gazebo/share/yahboom_rosmaster_gazebo/models/aws_robomaker_residential_PortraitB_02/model.config
[16.188s] -- Up-to-date symlink: /home/ziad/ziad_ws/ROS2/work_space/install/yahboom_rosmaster_gazebo/share/yahboom_rosmaster_gazebo/models/aws_robomaker_residential_PortraitB_02/model.sdf
[16.207s] -- Up-to-date symlink: /home/ziad/ziad_ws/ROS2/work_space/install/yahboom_rosmaster_gazebo/share/yahboom_rosmaster_gazebo/models/aws_robomaker_residential_PortraitB_03/materials/textures/PortraitB_03.jpg
[16.208s] -- Up-to-date symlink: /home/ziad/ziad_ws/ROS2/work_space/install/yahboom_rosmaster_gazebo/share/yahboom_rosmaster_gazebo/models/aws_robomaker_residential_PortraitB_03/materials/textures/aws_PortraitB_01.png
[16.212s] -- Up-to-date symlink: /home/ziad/ziad_ws/ROS2/work_space/install/yahboom_rosmaster_gazebo/share/yahboom_rosmaster_gazebo/models/aws_robomaker_residential_PortraitB_03/materials/textures/aws_PortraitB_02.png
[16.218s] -- Up-to-date symlink: /home/ziad/ziad_ws/ROS2/work_space/install/yahboom_rosmaster_gazebo/share/yahboom_rosmaster_gazebo/models/aws_robomaker_residential_PortraitB_03/meshes/aws_PortraitB_01_collision.DAE
[16.227s] -- Up-to-date symlink: /home/ziad/ziad_ws/ROS2/work_space/install/yahboom_rosmaster_gazebo/share/yahboom_rosmaster_gazebo/models/aws_robomaker_residential_PortraitB_03/meshes/aws_PortraitB_01_visual.DAE
[16.229s] -- Up-to-date symlink: /home/ziad/ziad_ws/ROS2/work_space/install/yahboom_rosmaster_gazebo/share/yahboom_rosmaster_gazebo/models/aws_robomaker_residential_PortraitB_03/model.config
[16.230s] -- Up-to-date symlink: /home/ziad/ziad_ws/ROS2/work_space/install/yahboom_rosmaster_gazebo/share/yahboom_rosmaster_gazebo/models/aws_robomaker_residential_PortraitB_03/model.sdf
[16.231s] -- Up-to-date symlink: /home/ziad/ziad_ws/ROS2/work_space/install/yahboom_rosmaster_gazebo/share/yahboom_rosmaster_gazebo/models/aws_robomaker_residential_PortraitC_01/materials/textures/PortraitC_01.jpg
[16.233s] -- Up-to-date symlink: /home/ziad/ziad_ws/ROS2/work_space/install/yahboom_rosmaster_gazebo/share/yahboom_rosmaster_gazebo/models/aws_robomaker_residential_PortraitC_01/materials/textures/aws_PortraitC_01.png
[16.234s] -- Up-to-date symlink: /home/ziad/ziad_ws/ROS2/work_space/install/yahboom_rosmaster_gazebo/share/yahboom_rosmaster_gazebo/models/aws_robomaker_residential_PortraitC_01/materials/textures/aws_PortraitC_02.png
[16.234s] -- Up-to-date symlink: /home/ziad/ziad_ws/ROS2/work_space/install/yahboom_rosmaster_gazebo/share/yahboom_rosmaster_gazebo/models/aws_robomaker_residential_PortraitC_01/meshes/aws_PortraitC_01_collision.DAE
[16.234s] -- Up-to-date symlink: /home/ziad/ziad_ws/ROS2/work_space/install/yahboom_rosmaster_gazebo/share/yahboom_rosmaster_gazebo/models/aws_robomaker_residential_PortraitC_01/meshes/aws_PortraitC_01_visual.DAE
[16.235s] -- Up-to-date symlink: /home/ziad/ziad_ws/ROS2/work_space/install/yahboom_rosmaster_gazebo/share/yahboom_rosmaster_gazebo/models/aws_robomaker_residential_PortraitC_01/model.config
[16.235s] -- Up-to-date symlink: /home/ziad/ziad_ws/ROS2/work_space/install/yahboom_rosmaster_gazebo/share/yahboom_rosmaster_gazebo/models/aws_robomaker_residential_PortraitC_01/model.sdf
[16.239s] -- Up-to-date symlink: /home/ziad/ziad_ws/ROS2/work_space/install/yahboom_rosmaster_gazebo/share/yahboom_rosmaster_gazebo/models/aws_robomaker_residential_PortraitD_01/materials/textures/PortraitD_01.jpg
[16.239s] -- Up-to-date symlink: /home/ziad/ziad_ws/ROS2/work_space/install/yahboom_rosmaster_gazebo/share/yahboom_rosmaster_gazebo/models/aws_robomaker_residential_PortraitD_01/materials/textures/aws_PortraitD_01.png
[16.250s] -- Up-to-date symlink: /home/ziad/ziad_ws/ROS2/work_space/install/yahboom_rosmaster_gazebo/share/yahboom_rosmaster_gazebo/models/aws_robomaker_residential_PortraitD_01/materials/textures/aws_PortraitD_02.png
[16.250s] -- Up-to-date symlink: /home/ziad/ziad_ws/ROS2/work_space/install/yahboom_rosmaster_gazebo/share/yahboom_rosmaster_gazebo/models/aws_robomaker_residential_PortraitD_01/meshes/aws_PortraitD_01_collision.DAE
[16.251s] -- Up-to-date symlink: /home/ziad/ziad_ws/ROS2/work_space/install/yahboom_rosmaster_gazebo/share/yahboom_rosmaster_gazebo/models/aws_robomaker_residential_PortraitD_01/meshes/aws_PortraitD_01_visual.DAE
[16.251s] -- Up-to-date symlink: /home/ziad/ziad_ws/ROS2/work_space/install/yahboom_rosmaster_gazebo/share/yahboom_rosmaster_gazebo/models/aws_robomaker_residential_PortraitD_01/model.config
[16.257s] -- Up-to-date symlink: /home/ziad/ziad_ws/ROS2/work_space/install/yahboom_rosmaster_gazebo/share/yahboom_rosmaster_gazebo/models/aws_robomaker_residential_PortraitD_01/model.sdf
[16.259s] -- Up-to-date symlink: /home/ziad/ziad_ws/ROS2/work_space/install/yahboom_rosmaster_gazebo/share/yahboom_rosmaster_gazebo/models/aws_robomaker_residential_PortraitD_02/materials/textures/PortraitD_02.jpg
[16.259s] -- Up-to-date symlink: /home/ziad/ziad_ws/ROS2/work_space/install/yahboom_rosmaster_gazebo/share/yahboom_rosmaster_gazebo/models/aws_robomaker_residential_PortraitD_02/materials/textures/aws_PortraitD_01.png
[16.260s] -- Up-to-date symlink: /home/ziad/ziad_ws/ROS2/work_space/install/yahboom_rosmaster_gazebo/share/yahboom_rosmaster_gazebo/models/aws_robomaker_residential_PortraitD_02/materials/textures/aws_PortraitD_02.png
[16.262s] -- Up-to-date symlink: /home/ziad/ziad_ws/ROS2/work_space/install/yahboom_rosmaster_gazebo/share/yahboom_rosmaster_gazebo/models/aws_robomaker_residential_PortraitD_02/meshes/aws_PortraitD_01_collision.DAE
[16.263s] -- Up-to-date symlink: /home/ziad/ziad_ws/ROS2/work_space/install/yahboom_rosmaster_gazebo/share/yahboom_rosmaster_gazebo/models/aws_robomaker_residential_PortraitD_02/meshes/aws_PortraitD_01_visual.DAE
[16.275s] -- Up-to-date symlink: /home/ziad/ziad_ws/ROS2/work_space/install/yahboom_rosmaster_gazebo/share/yahboom_rosmaster_gazebo/models/aws_robomaker_residential_PortraitD_02/model.config
[16.276s] -- Up-to-date symlink: /home/ziad/ziad_ws/ROS2/work_space/install/yahboom_rosmaster_gazebo/share/yahboom_rosmaster_gazebo/models/aws_robomaker_residential_PortraitD_02/model.sdf
[16.279s] -- Up-to-date symlink: /home/ziad/ziad_ws/ROS2/work_space/install/yahboom_rosmaster_gazebo/share/yahboom_rosmaster_gazebo/models/aws_robomaker_residential_PortraitE_01/materials/textures/PortraitE_01.jpg
[16.281s] -- Up-to-date symlink: /home/ziad/ziad_ws/ROS2/work_space/install/yahboom_rosmaster_gazebo/share/yahboom_rosmaster_gazebo/models/aws_robomaker_residential_PortraitE_01/materials/textures/aws_PortraitE_01.png
[16.287s] -- Up-to-date symlink: /home/ziad/ziad_ws/ROS2/work_space/install/yahboom_rosmaster_gazebo/share/yahboom_rosmaster_gazebo/models/aws_robomaker_residential_PortraitE_01/materials/textures/aws_PortraitE_02.png
[16.298s] -- Up-to-date symlink: /home/ziad/ziad_ws/ROS2/work_space/install/yahboom_rosmaster_gazebo/share/yahboom_rosmaster_gazebo/models/aws_robomaker_residential_PortraitE_01/meshes/aws_PortraitE_01_collision.DAE
[16.298s] -- Up-to-date symlink: /home/ziad/ziad_ws/ROS2/work_space/install/yahboom_rosmaster_gazebo/share/yahboom_rosmaster_gazebo/models/aws_robomaker_residential_PortraitE_01/meshes/aws_PortraitE_01_visual.DAE
[16.299s] -- Up-to-date symlink: /home/ziad/ziad_ws/ROS2/work_space/install/yahboom_rosmaster_gazebo/share/yahboom_rosmaster_gazebo/models/aws_robomaker_residential_PortraitE_01/model.config
[16.299s] -- Up-to-date symlink: /home/ziad/ziad_ws/ROS2/work_space/install/yahboom_rosmaster_gazebo/share/yahboom_rosmaster_gazebo/models/aws_robomaker_residential_PortraitE_01/model.sdf
[16.301s] -- Up-to-date symlink: /home/ziad/ziad_ws/ROS2/work_space/install/yahboom_rosmaster_gazebo/share/yahboom_rosmaster_gazebo/models/aws_robomaker_residential_PortraitE_02/materials/textures/PortraitE_02.jpg
[16.301s] -- Up-to-date symlink: /home/ziad/ziad_ws/ROS2/work_space/install/yahboom_rosmaster_gazebo/share/yahboom_rosmaster_gazebo/models/aws_robomaker_residential_PortraitE_02/materials/textures/aws_PortraitE_01.png
[16.301s] -- Up-to-date symlink: /home/ziad/ziad_ws/ROS2/work_space/install/yahboom_rosmaster_gazebo/share/yahboom_rosmaster_gazebo/models/aws_robomaker_residential_PortraitE_02/materials/textures/aws_PortraitE_02.png
[16.305s] -- Up-to-date symlink: /home/ziad/ziad_ws/ROS2/work_space/install/yahboom_rosmaster_gazebo/share/yahboom_rosmaster_gazebo/models/aws_robomaker_residential_PortraitE_02/meshes/aws_PortraitE_01_collision.DAE
[16.306s] -- Up-to-date symlink: /home/ziad/ziad_ws/ROS2/work_space/install/yahboom_rosmaster_gazebo/share/yahboom_rosmaster_gazebo/models/aws_robomaker_residential_PortraitE_02/meshes/aws_PortraitE_01_visual.DAE
[16.307s] -- Up-to-date symlink: /home/ziad/ziad_ws/ROS2/work_space/install/yahboom_rosmaster_gazebo/share/yahboom_rosmaster_gazebo/models/aws_robomaker_residential_PortraitE_02/model.config
[16.313s] -- Up-to-date symlink: /home/ziad/ziad_ws/ROS2/work_space/install/yahboom_rosmaster_gazebo/share/yahboom_rosmaster_gazebo/models/aws_robomaker_residential_PortraitE_02/model.sdf
[16.314s] -- Up-to-date symlink: /home/ziad/ziad_ws/ROS2/work_space/install/yahboom_rosmaster_gazebo/share/yahboom_rosmaster_gazebo/models/aws_robomaker_residential_Quilt_01/materials/textures/aws_Quilt_01.png
[16.314s] -- Up-to-date symlink: /home/ziad/ziad_ws/ROS2/work_space/install/yahboom_rosmaster_gazebo/share/yahboom_rosmaster_gazebo/models/aws_robomaker_residential_Quilt_01/meshes/aws_Quilt_01_collision.DAE
[16.314s] -- Up-to-date symlink: /home/ziad/ziad_ws/ROS2/work_space/install/yahboom_rosmaster_gazebo/share/yahboom_rosmaster_gazebo/models/aws_robomaker_residential_Quilt_01/meshes/aws_Quilt_01_visual.DAE
[16.322s] -- Up-to-date symlink: /home/ziad/ziad_ws/ROS2/work_space/install/yahboom_rosmaster_gazebo/share/yahboom_rosmaster_gazebo/models/aws_robomaker_residential_Quilt_01/model.config
[16.323s] -- Up-to-date symlink: /home/ziad/ziad_ws/ROS2/work_space/install/yahboom_rosmaster_gazebo/share/yahboom_rosmaster_gazebo/models/aws_robomaker_residential_Quilt_01/model.sdf
[16.323s] -- Up-to-date symlink: /home/ziad/ziad_ws/ROS2/work_space/install/yahboom_rosmaster_gazebo/share/yahboom_rosmaster_gazebo/models/aws_robomaker_residential_Rangehood_01/materials/textures/aws_Rangehood_01.png
[16.328s] -- Up-to-date symlink: /home/ziad/ziad_ws/ROS2/work_space/install/yahboom_rosmaster_gazebo/share/yahboom_rosmaster_gazebo/models/aws_robomaker_residential_Rangehood_01/meshes/aws_Rangehood_01_collision.DAE
[16.328s] -- Up-to-date symlink: /home/ziad/ziad_ws/ROS2/work_space/install/yahboom_rosmaster_gazebo/share/yahboom_rosmaster_gazebo/models/aws_robomaker_residential_Rangehood_01/meshes/aws_Rangehood_01_visual.DAE
[16.330s] -- Up-to-date symlink: /home/ziad/ziad_ws/ROS2/work_space/install/yahboom_rosmaster_gazebo/share/yahboom_rosmaster_gazebo/models/aws_robomaker_residential_Rangehood_01/model.config
[16.337s] -- Up-to-date symlink: /home/ziad/ziad_ws/ROS2/work_space/install/yahboom_rosmaster_gazebo/share/yahboom_rosmaster_gazebo/models/aws_robomaker_residential_Rangehood_01/model.sdf
[16.346s] -- Up-to-date symlink: /home/ziad/ziad_ws/ROS2/work_space/install/yahboom_rosmaster_gazebo/share/yahboom_rosmaster_gazebo/models/aws_robomaker_residential_ReadingDesk_01/materials/textures/aws_ReadingDesk_01.png
[16.346s] -- Up-to-date symlink: /home/ziad/ziad_ws/ROS2/work_space/install/yahboom_rosmaster_gazebo/share/yahboom_rosmaster_gazebo/models/aws_robomaker_residential_ReadingDesk_01/meshes/aws_ReadingDesk_01_collision.DAE
[16.348s] -- Up-to-date symlink: /home/ziad/ziad_ws/ROS2/work_space/install/yahboom_rosmaster_gazebo/share/yahboom_rosmaster_gazebo/models/aws_robomaker_residential_ReadingDesk_01/meshes/aws_ReadingDesk_01_visual.DAE
[16.350s] -- Up-to-date symlink: /home/ziad/ziad_ws/ROS2/work_space/install/yahboom_rosmaster_gazebo/share/yahboom_rosmaster_gazebo/models/aws_robomaker_residential_ReadingDesk_01/model.config
[16.350s] -- Up-to-date symlink: /home/ziad/ziad_ws/ROS2/work_space/install/yahboom_rosmaster_gazebo/share/yahboom_rosmaster_gazebo/models/aws_robomaker_residential_ReadingDesk_01/model.sdf
[16.357s] -- Up-to-date symlink: /home/ziad/ziad_ws/ROS2/work_space/install/yahboom_rosmaster_gazebo/share/yahboom_rosmaster_gazebo/models/aws_robomaker_residential_Refrigerator_01/materials/textures/aws_Refrigerator_01.png
[16.357s] -- Up-to-date symlink: /home/ziad/ziad_ws/ROS2/work_space/install/yahboom_rosmaster_gazebo/share/yahboom_rosmaster_gazebo/models/aws_robomaker_residential_Refrigerator_01/materials/textures/aws_Refrigerator_02.png
[16.370s] -- Up-to-date symlink: /home/ziad/ziad_ws/ROS2/work_space/install/yahboom_rosmaster_gazebo/share/yahboom_rosmaster_gazebo/models/aws_robomaker_residential_Refrigerator_01/meshes/aws_Refrigerator_01.DAE
[16.371s] -- Up-to-date symlink: /home/ziad/ziad_ws/ROS2/work_space/install/yahboom_rosmaster_gazebo/share/yahboom_rosmaster_gazebo/models/aws_robomaker_residential_Refrigerator_01/meshes/aws_Refrigerator_01_collision.DAE
[16.371s] -- Up-to-date symlink: /home/ziad/ziad_ws/ROS2/work_space/install/yahboom_rosmaster_gazebo/share/yahboom_rosmaster_gazebo/models/aws_robomaker_residential_Refrigerator_01/meshes/aws_Refrigerator_01_visual.DAE
[16.376s] -- Up-to-date symlink: /home/ziad/ziad_ws/ROS2/work_space/install/yahboom_rosmaster_gazebo/share/yahboom_rosmaster_gazebo/models/aws_robomaker_residential_Refrigerator_01/model.config
[16.384s] -- Up-to-date symlink: /home/ziad/ziad_ws/ROS2/work_space/install/yahboom_rosmaster_gazebo/share/yahboom_rosmaster_gazebo/models/aws_robomaker_residential_Refrigerator_01/model.sdf
[16.384s] -- Up-to-date symlink: /home/ziad/ziad_ws/ROS2/work_space/install/yahboom_rosmaster_gazebo/share/yahboom_rosmaster_gazebo/models/aws_robomaker_residential_RoomCeiling_01/materials/textures/aws_RoomCeiling_01.png
[16.384s] -- Up-to-date symlink: /home/ziad/ziad_ws/ROS2/work_space/install/yahboom_rosmaster_gazebo/share/yahboom_rosmaster_gazebo/models/aws_robomaker_residential_RoomCeiling_01/meshes/aws_RoomCeiling_01_collision.DAE
[16.384s] -- Up-to-date symlink: /home/ziad/ziad_ws/ROS2/work_space/install/yahboom_rosmaster_gazebo/share/yahboom_rosmaster_gazebo/models/aws_robomaker_residential_RoomCeiling_01/meshes/aws_RoomCeiling_01_visual.DAE
[16.385s] -- Up-to-date symlink: /home/ziad/ziad_ws/ROS2/work_space/install/yahboom_rosmaster_gazebo/share/yahboom_rosmaster_gazebo/models/aws_robomaker_residential_RoomCeiling_01/model.config
[16.394s] -- Up-to-date symlink: /home/ziad/ziad_ws/ROS2/work_space/install/yahboom_rosmaster_gazebo/share/yahboom_rosmaster_gazebo/models/aws_robomaker_residential_RoomCeiling_01/model.sdf
[16.394s] -- Up-to-date symlink: /home/ziad/ziad_ws/ROS2/work_space/install/yahboom_rosmaster_gazebo/share/yahboom_rosmaster_gazebo/models/aws_robomaker_residential_RoomWall_01/materials/textures/aws_RoomWall_01.png
[16.399s] -- Up-to-date symlink: /home/ziad/ziad_ws/ROS2/work_space/install/yahboom_rosmaster_gazebo/share/yahboom_rosmaster_gazebo/models/aws_robomaker_residential_RoomWall_01/meshes/aws_RoomWall_01_collision.DAE
[16.399s] -- Up-to-date symlink: /home/ziad/ziad_ws/ROS2/work_space/install/yahboom_rosmaster_gazebo/share/yahboom_rosmaster_gazebo/models/aws_robomaker_residential_RoomWall_01/meshes/aws_RoomWall_01_visual.DAE
[16.399s] -- Up-to-date symlink: /home/ziad/ziad_ws/ROS2/work_space/install/yahboom_rosmaster_gazebo/share/yahboom_rosmaster_gazebo/models/aws_robomaker_residential_RoomWall_01/model.config
[16.404s] -- Up-to-date symlink: /home/ziad/ziad_ws/ROS2/work_space/install/yahboom_rosmaster_gazebo/share/yahboom_rosmaster_gazebo/models/aws_robomaker_residential_RoomWall_01/model.sdf
[16.419s] -- Up-to-date symlink: /home/ziad/ziad_ws/ROS2/work_space/install/yahboom_rosmaster_gazebo/share/yahboom_rosmaster_gazebo/models/aws_robomaker_residential_RoomWindow_01/materials/textures/aws_RoomWindow_01.png
[16.422s] -- Up-to-date symlink: /home/ziad/ziad_ws/ROS2/work_space/install/yahboom_rosmaster_gazebo/share/yahboom_rosmaster_gazebo/models/aws_robomaker_residential_RoomWindow_01/meshes/aws_RoomWindow_01_collision.DAE
[16.425s] -- Up-to-date symlink: /home/ziad/ziad_ws/ROS2/work_space/install/yahboom_rosmaster_gazebo/share/yahboom_rosmaster_gazebo/models/aws_robomaker_residential_RoomWindow_01/meshes/aws_RoomWindow_01_visual.DAE
[16.426s] -- Up-to-date symlink: /home/ziad/ziad_ws/ROS2/work_space/install/yahboom_rosmaster_gazebo/share/yahboom_rosmaster_gazebo/models/aws_robomaker_residential_RoomWindow_01/model.config
[16.426s] -- Up-to-date symlink: /home/ziad/ziad_ws/ROS2/work_space/install/yahboom_rosmaster_gazebo/share/yahboom_rosmaster_gazebo/models/aws_robomaker_residential_RoomWindow_01/model.sdf
[16.426s] -- Up-to-date symlink: /home/ziad/ziad_ws/ROS2/work_space/install/yahboom_rosmaster_gazebo/share/yahboom_rosmaster_gazebo/models/aws_robomaker_residential_SeasoningBox_01/materials/textures/aws_SeasoningBox_01.png
[16.426s] -- Up-to-date symlink: /home/ziad/ziad_ws/ROS2/work_space/install/yahboom_rosmaster_gazebo/share/yahboom_rosmaster_gazebo/models/aws_robomaker_residential_SeasoningBox_01/meshes/aws_SeasoningBox_01_collision.DAE
[16.426s] -- Up-to-date symlink: /home/ziad/ziad_ws/ROS2/work_space/install/yahboom_rosmaster_gazebo/share/yahboom_rosmaster_gazebo/models/aws_robomaker_residential_SeasoningBox_01/meshes/aws_SeasoningBox_01_visual.DAE
[16.430s] -- Up-to-date symlink: /home/ziad/ziad_ws/ROS2/work_space/install/yahboom_rosmaster_gazebo/share/yahboom_rosmaster_gazebo/models/aws_robomaker_residential_SeasoningBox_01/model.config
[16.431s] -- Up-to-date symlink: /home/ziad/ziad_ws/ROS2/work_space/install/yahboom_rosmaster_gazebo/share/yahboom_rosmaster_gazebo/models/aws_robomaker_residential_SeasoningBox_01/model.sdf
[16.431s] -- Up-to-date symlink: /home/ziad/ziad_ws/ROS2/work_space/install/yahboom_rosmaster_gazebo/share/yahboom_rosmaster_gazebo/models/aws_robomaker_residential_SecurityCamera_01/materials/textures/aws_SecurityCamera_01.png
[16.432s] -- Up-to-date symlink: /home/ziad/ziad_ws/ROS2/work_space/install/yahboom_rosmaster_gazebo/share/yahboom_rosmaster_gazebo/models/aws_robomaker_residential_SecurityCamera_01/meshes/aws_SecurityCamera_01_collision.DAE
[16.443s] -- Up-to-date symlink: /home/ziad/ziad_ws/ROS2/work_space/install/yahboom_rosmaster_gazebo/share/yahboom_rosmaster_gazebo/models/aws_robomaker_residential_SecurityCamera_01/meshes/aws_SecurityCamera_01_visual.DAE
[16.453s] -- Up-to-date symlink: /home/ziad/ziad_ws/ROS2/work_space/install/yahboom_rosmaster_gazebo/share/yahboom_rosmaster_gazebo/models/aws_robomaker_residential_SecurityCamera_01/model.config
[16.453s] -- Up-to-date symlink: /home/ziad/ziad_ws/ROS2/work_space/install/yahboom_rosmaster_gazebo/share/yahboom_rosmaster_gazebo/models/aws_robomaker_residential_SecurityCamera_01/model.sdf
[16.453s] -- Up-to-date symlink: /home/ziad/ziad_ws/ROS2/work_space/install/yahboom_rosmaster_gazebo/share/yahboom_rosmaster_gazebo/models/aws_robomaker_residential_ShoeRack_01/materials/textures/aws_ShoeRack_01.png
[16.454s] -- Up-to-date symlink: /home/ziad/ziad_ws/ROS2/work_space/install/yahboom_rosmaster_gazebo/share/yahboom_rosmaster_gazebo/models/aws_robomaker_residential_ShoeRack_01/meshes/aws_ShoeRack_01_collision.DAE
[16.454s] -- Up-to-date symlink: /home/ziad/ziad_ws/ROS2/work_space/install/yahboom_rosmaster_gazebo/share/yahboom_rosmaster_gazebo/models/aws_robomaker_residential_ShoeRack_01/meshes/aws_ShoeRack_01_visual.DAE
[16.472s] -- Up-to-date symlink: /home/ziad/ziad_ws/ROS2/work_space/install/yahboom_rosmaster_gazebo/share/yahboom_rosmaster_gazebo/models/aws_robomaker_residential_ShoeRack_01/model.config
[16.476s] -- Up-to-date symlink: /home/ziad/ziad_ws/ROS2/work_space/install/yahboom_rosmaster_gazebo/share/yahboom_rosmaster_gazebo/models/aws_robomaker_residential_ShoeRack_01/model.sdf
[16.479s] -- Up-to-date symlink: /home/ziad/ziad_ws/ROS2/work_space/install/yahboom_rosmaster_gazebo/share/yahboom_rosmaster_gazebo/models/aws_robomaker_residential_SofaB_01/materials/textures/aws_SofaB_01.png
[16.490s] -- Up-to-date symlink: /home/ziad/ziad_ws/ROS2/work_space/install/yahboom_rosmaster_gazebo/share/yahboom_rosmaster_gazebo/models/aws_robomaker_residential_SofaB_01/meshes/aws_SofaB_01_collision.DAE
[16.490s] -- Up-to-date symlink: /home/ziad/ziad_ws/ROS2/work_space/install/yahboom_rosmaster_gazebo/share/yahboom_rosmaster_gazebo/models/aws_robomaker_residential_SofaB_01/meshes/aws_SofaB_01_visual.DAE
[16.490s] -- Up-to-date symlink: /home/ziad/ziad_ws/ROS2/work_space/install/yahboom_rosmaster_gazebo/share/yahboom_rosmaster_gazebo/models/aws_robomaker_residential_SofaB_01/model.config
[16.496s] -- Up-to-date symlink: /home/ziad/ziad_ws/ROS2/work_space/install/yahboom_rosmaster_gazebo/share/yahboom_rosmaster_gazebo/models/aws_robomaker_residential_SofaB_01/model.sdf
[16.496s] -- Up-to-date symlink: /home/ziad/ziad_ws/ROS2/work_space/install/yahboom_rosmaster_gazebo/share/yahboom_rosmaster_gazebo/models/aws_robomaker_residential_SofaC_01/materials/textures/aws_SofaC_01.png
[16.496s] -- Up-to-date symlink: /home/ziad/ziad_ws/ROS2/work_space/install/yahboom_rosmaster_gazebo/share/yahboom_rosmaster_gazebo/models/aws_robomaker_residential_SofaC_01/meshes/aws_SofaC_01_collision.DAE
[16.497s] -- Up-to-date symlink: /home/ziad/ziad_ws/ROS2/work_space/install/yahboom_rosmaster_gazebo/share/yahboom_rosmaster_gazebo/models/aws_robomaker_residential_SofaC_01/meshes/aws_SofaC_01_visual.DAE
[16.497s] -- Up-to-date symlink: /home/ziad/ziad_ws/ROS2/work_space/install/yahboom_rosmaster_gazebo/share/yahboom_rosmaster_gazebo/models/aws_robomaker_residential_SofaC_01/model.config
[16.497s] -- Up-to-date symlink: /home/ziad/ziad_ws/ROS2/work_space/install/yahboom_rosmaster_gazebo/share/yahboom_rosmaster_gazebo/models/aws_robomaker_residential_SofaC_01/model.sdf
[16.497s] -- Up-to-date symlink: /home/ziad/ziad_ws/ROS2/work_space/install/yahboom_rosmaster_gazebo/share/yahboom_rosmaster_gazebo/models/aws_robomaker_residential_Sofa_01/materials/textures/aws_Sofa_01.png
[16.516s] -- Up-to-date symlink: /home/ziad/ziad_ws/ROS2/work_space/install/yahboom_rosmaster_gazebo/share/yahboom_rosmaster_gazebo/models/aws_robomaker_residential_Sofa_01/meshes/aws_Sofa_01.DAE
[16.516s] -- Up-to-date symlink: /home/ziad/ziad_ws/ROS2/work_space/install/yahboom_rosmaster_gazebo/share/yahboom_rosmaster_gazebo/models/aws_robomaker_residential_Sofa_01/meshes/aws_Sofa_01_collision.DAE
[16.517s] -- Up-to-date symlink: /home/ziad/ziad_ws/ROS2/work_space/install/yahboom_rosmaster_gazebo/share/yahboom_rosmaster_gazebo/models/aws_robomaker_residential_Sofa_01/meshes/aws_Sofa_01_visual.DAE
[16.519s] -- Up-to-date symlink: /home/ziad/ziad_ws/ROS2/work_space/install/yahboom_rosmaster_gazebo/share/yahboom_rosmaster_gazebo/models/aws_robomaker_residential_Sofa_01/model.config
[16.526s] -- Up-to-date symlink: /home/ziad/ziad_ws/ROS2/work_space/install/yahboom_rosmaster_gazebo/share/yahboom_rosmaster_gazebo/models/aws_robomaker_residential_Sofa_01/model.sdf
[16.527s] -- Up-to-date symlink: /home/ziad/ziad_ws/ROS2/work_space/install/yahboom_rosmaster_gazebo/share/yahboom_rosmaster_gazebo/models/aws_robomaker_residential_TVCabinet_01/materials/textures/aws_TVCabinet_01.png
[16.531s] -- Up-to-date symlink: /home/ziad/ziad_ws/ROS2/work_space/install/yahboom_rosmaster_gazebo/share/yahboom_rosmaster_gazebo/models/aws_robomaker_residential_TVCabinet_01/meshes/aws_TVCabinet_01_collision.DAE
[16.543s] -- Up-to-date symlink: /home/ziad/ziad_ws/ROS2/work_space/install/yahboom_rosmaster_gazebo/share/yahboom_rosmaster_gazebo/models/aws_robomaker_residential_TVCabinet_01/meshes/aws_TVCabinet_01_visual.DAE
[16.562s] -- Up-to-date symlink: /home/ziad/ziad_ws/ROS2/work_space/install/yahboom_rosmaster_gazebo/share/yahboom_rosmaster_gazebo/models/aws_robomaker_residential_TVCabinet_01/model.config
[16.563s] -- Up-to-date symlink: /home/ziad/ziad_ws/ROS2/work_space/install/yahboom_rosmaster_gazebo/share/yahboom_rosmaster_gazebo/models/aws_robomaker_residential_TVCabinet_01/model.sdf
[16.564s] -- Up-to-date symlink: /home/ziad/ziad_ws/ROS2/work_space/install/yahboom_rosmaster_gazebo/share/yahboom_rosmaster_gazebo/models/aws_robomaker_residential_TV_01/materials/textures/aws_TV_01.png
[16.573s] -- Up-to-date symlink: /home/ziad/ziad_ws/ROS2/work_space/install/yahboom_rosmaster_gazebo/share/yahboom_rosmaster_gazebo/models/aws_robomaker_residential_TV_01/meshes/aws_TV_01_collision.DAE
[16.574s] -- Up-to-date symlink: /home/ziad/ziad_ws/ROS2/work_space/install/yahboom_rosmaster_gazebo/share/yahboom_rosmaster_gazebo/models/aws_robomaker_residential_TV_01/meshes/aws_TV_01_visual.DAE
[16.589s] -- Up-to-date symlink: /home/ziad/ziad_ws/ROS2/work_space/install/yahboom_rosmaster_gazebo/share/yahboom_rosmaster_gazebo/models/aws_robomaker_residential_TV_01/model.config
[16.591s] -- Up-to-date symlink: /home/ziad/ziad_ws/ROS2/work_space/install/yahboom_rosmaster_gazebo/share/yahboom_rosmaster_gazebo/models/aws_robomaker_residential_TV_01/model.sdf
[16.602s] -- Up-to-date symlink: /home/ziad/ziad_ws/ROS2/work_space/install/yahboom_rosmaster_gazebo/share/yahboom_rosmaster_gazebo/models/aws_robomaker_residential_TV_02/materials/textures/aws_TV_01.png
[16.616s] -- Up-to-date symlink: /home/ziad/ziad_ws/ROS2/work_space/install/yahboom_rosmaster_gazebo/share/yahboom_rosmaster_gazebo/models/aws_robomaker_residential_TV_02/meshes/aws_TV_01_collision.DAE
[16.616s] -- Up-to-date symlink: /home/ziad/ziad_ws/ROS2/work_space/install/yahboom_rosmaster_gazebo/share/yahboom_rosmaster_gazebo/models/aws_robomaker_residential_TV_02/meshes/aws_TV_01_visual.DAE
[16.617s] -- Up-to-date symlink: /home/ziad/ziad_ws/ROS2/work_space/install/yahboom_rosmaster_gazebo/share/yahboom_rosmaster_gazebo/models/aws_robomaker_residential_TV_02/model.config
[16.618s] -- Up-to-date symlink: /home/ziad/ziad_ws/ROS2/work_space/install/yahboom_rosmaster_gazebo/share/yahboom_rosmaster_gazebo/models/aws_robomaker_residential_TV_02/model.sdf
[16.624s] -- Up-to-date symlink: /home/ziad/ziad_ws/ROS2/work_space/install/yahboom_rosmaster_gazebo/share/yahboom_rosmaster_gazebo/models/aws_robomaker_residential_Tablet_01/.DS_Store
[16.626s] -- Up-to-date symlink: /home/ziad/ziad_ws/ROS2/work_space/install/yahboom_rosmaster_gazebo/share/yahboom_rosmaster_gazebo/models/aws_robomaker_residential_Tablet_01/materials/.DS_Store
[16.637s] -- Up-to-date symlink: /home/ziad/ziad_ws/ROS2/work_space/install/yahboom_rosmaster_gazebo/share/yahboom_rosmaster_gazebo/models/aws_robomaker_residential_Tablet_01/materials/textures/aws_Tablet_01_nologo.png
[16.642s] -- Up-to-date symlink: /home/ziad/ziad_ws/ROS2/work_space/install/yahboom_rosmaster_gazebo/share/yahboom_rosmaster_gazebo/models/aws_robomaker_residential_Tablet_01/meshes/aws_Tablet_01_collision.DAE
[16.650s] -- Up-to-date symlink: /home/ziad/ziad_ws/ROS2/work_space/install/yahboom_rosmaster_gazebo/share/yahboom_rosmaster_gazebo/models/aws_robomaker_residential_Tablet_01/meshes/aws_Tablet_01_visual.DAE
[16.650s] -- Up-to-date symlink: /home/ziad/ziad_ws/ROS2/work_space/install/yahboom_rosmaster_gazebo/share/yahboom_rosmaster_gazebo/models/aws_robomaker_residential_Tablet_01/model.config
[16.651s] -- Up-to-date symlink: /home/ziad/ziad_ws/ROS2/work_space/install/yahboom_rosmaster_gazebo/share/yahboom_rosmaster_gazebo/models/aws_robomaker_residential_Tablet_01/model.sdf
[16.651s] -- Up-to-date symlink: /home/ziad/ziad_ws/ROS2/work_space/install/yahboom_rosmaster_gazebo/share/yahboom_rosmaster_gazebo/models/aws_robomaker_residential_Tableware_01/materials/textures/aws_Tableware_01.png
[16.666s] -- Up-to-date symlink: /home/ziad/ziad_ws/ROS2/work_space/install/yahboom_rosmaster_gazebo/share/yahboom_rosmaster_gazebo/models/aws_robomaker_residential_Tableware_01/meshes/aws_Tableware_01_collision.DAE
[16.668s] -- Up-to-date symlink: /home/ziad/ziad_ws/ROS2/work_space/install/yahboom_rosmaster_gazebo/share/yahboom_rosmaster_gazebo/models/aws_robomaker_residential_Tableware_01/meshes/aws_Tableware_01_visual.DAE
[16.668s] -- Up-to-date symlink: /home/ziad/ziad_ws/ROS2/work_space/install/yahboom_rosmaster_gazebo/share/yahboom_rosmaster_gazebo/models/aws_robomaker_residential_Tableware_01/model.config
[16.671s] -- Up-to-date symlink: /home/ziad/ziad_ws/ROS2/work_space/install/yahboom_rosmaster_gazebo/share/yahboom_rosmaster_gazebo/models/aws_robomaker_residential_Tableware_01/model.sdf
[16.688s] -- Up-to-date symlink: /home/ziad/ziad_ws/ROS2/work_space/install/yahboom_rosmaster_gazebo/share/yahboom_rosmaster_gazebo/models/aws_robomaker_residential_Trash_01/materials/textures/aws_Trash_01.png
[16.691s] -- Up-to-date symlink: /home/ziad/ziad_ws/ROS2/work_space/install/yahboom_rosmaster_gazebo/share/yahboom_rosmaster_gazebo/models/aws_robomaker_residential_Trash_01/meshes/aws_Trash_01_collision.DAE
[16.698s] -- Up-to-date symlink: /home/ziad/ziad_ws/ROS2/work_space/install/yahboom_rosmaster_gazebo/share/yahboom_rosmaster_gazebo/models/aws_robomaker_residential_Trash_01/meshes/aws_Trash_01_visual.DAE
[16.706s] -- Up-to-date symlink: /home/ziad/ziad_ws/ROS2/work_space/install/yahboom_rosmaster_gazebo/share/yahboom_rosmaster_gazebo/models/aws_robomaker_residential_Trash_01/model.config
[16.707s] -- Up-to-date symlink: /home/ziad/ziad_ws/ROS2/work_space/install/yahboom_rosmaster_gazebo/share/yahboom_rosmaster_gazebo/models/aws_robomaker_residential_Trash_01/model.sdf
[16.715s] -- Up-to-date symlink: /home/ziad/ziad_ws/ROS2/work_space/install/yahboom_rosmaster_gazebo/share/yahboom_rosmaster_gazebo/models/aws_robomaker_residential_Vase_01/materials/textures/aws_Vase_01.png
[16.716s] -- Up-to-date symlink: /home/ziad/ziad_ws/ROS2/work_space/install/yahboom_rosmaster_gazebo/share/yahboom_rosmaster_gazebo/models/aws_robomaker_residential_Vase_01/meshes/aws_Vase_01_collision.DAE
[16.716s] -- Up-to-date symlink: /home/ziad/ziad_ws/ROS2/work_space/install/yahboom_rosmaster_gazebo/share/yahboom_rosmaster_gazebo/models/aws_robomaker_residential_Vase_01/meshes/aws_Vase_01_visual.DAE
[16.719s] -- Up-to-date symlink: /home/ziad/ziad_ws/ROS2/work_space/install/yahboom_rosmaster_gazebo/share/yahboom_rosmaster_gazebo/models/aws_robomaker_residential_Vase_01/model.config
[16.719s] -- Up-to-date symlink: /home/ziad/ziad_ws/ROS2/work_space/install/yahboom_rosmaster_gazebo/share/yahboom_rosmaster_gazebo/models/aws_robomaker_residential_Vase_01/model.sdf
[16.720s] -- Up-to-date symlink: /home/ziad/ziad_ws/ROS2/work_space/install/yahboom_rosmaster_gazebo/share/yahboom_rosmaster_gazebo/models/aws_robomaker_residential_Wardrobe_01/materials/textures/aws_Wardrobe_01.png
[16.722s] -- Up-to-date symlink: /home/ziad/ziad_ws/ROS2/work_space/install/yahboom_rosmaster_gazebo/share/yahboom_rosmaster_gazebo/models/aws_robomaker_residential_Wardrobe_01/meshes/aws_Wardrobe_01_collision.DAE
[16.733s] -- Up-to-date symlink: /home/ziad/ziad_ws/ROS2/work_space/install/yahboom_rosmaster_gazebo/share/yahboom_rosmaster_gazebo/models/aws_robomaker_residential_Wardrobe_01/meshes/aws_Wardrobe_01_visual.DAE
[16.736s] -- Up-to-date symlink: /home/ziad/ziad_ws/ROS2/work_space/install/yahboom_rosmaster_gazebo/share/yahboom_rosmaster_gazebo/models/aws_robomaker_residential_Wardrobe_01/model.config
[16.738s] -- Up-to-date symlink: /home/ziad/ziad_ws/ROS2/work_space/install/yahboom_rosmaster_gazebo/share/yahboom_rosmaster_gazebo/models/aws_robomaker_residential_Wardrobe_01/model.sdf
[16.740s] -- Up-to-date symlink: /home/ziad/ziad_ws/ROS2/work_space/install/yahboom_rosmaster_gazebo/share/yahboom_rosmaster_gazebo/models/aws_robomaker_warehouse_Bucket_01/.DS_Store
[16.747s] -- Up-to-date symlink: /home/ziad/ziad_ws/ROS2/work_space/install/yahboom_rosmaster_gazebo/share/yahboom_rosmaster_gazebo/models/aws_robomaker_warehouse_Bucket_01/materials/.DS_Store
[16.755s] -- Up-to-date symlink: /home/ziad/ziad_ws/ROS2/work_space/install/yahboom_rosmaster_gazebo/share/yahboom_rosmaster_gazebo/models/aws_robomaker_warehouse_Bucket_01/materials/textures/aws_robomaker_warehouse_Bucket_01.png
[16.755s] -- Up-to-date symlink: /home/ziad/ziad_ws/ROS2/work_space/install/yahboom_rosmaster_gazebo/share/yahboom_rosmaster_gazebo/models/aws_robomaker_warehouse_Bucket_01/meshes/aws_robomaker_warehouse_Bucket_01_collision.DAE
[16.757s] -- Up-to-date symlink: /home/ziad/ziad_ws/ROS2/work_space/install/yahboom_rosmaster_gazebo/share/yahboom_rosmaster_gazebo/models/aws_robomaker_warehouse_Bucket_01/meshes/aws_robomaker_warehouse_Bucket_01_visual.DAE
[16.762s] -- Up-to-date symlink: /home/ziad/ziad_ws/ROS2/work_space/install/yahboom_rosmaster_gazebo/share/yahboom_rosmaster_gazebo/models/aws_robomaker_warehouse_Bucket_01/model.config
[16.763s] -- Up-to-date symlink: /home/ziad/ziad_ws/ROS2/work_space/install/yahboom_rosmaster_gazebo/share/yahboom_rosmaster_gazebo/models/aws_robomaker_warehouse_Bucket_01/model.sdf
[16.768s] -- Up-to-date symlink: /home/ziad/ziad_ws/ROS2/work_space/install/yahboom_rosmaster_gazebo/share/yahboom_rosmaster_gazebo/models/aws_robomaker_warehouse_ClutteringA_01/.DS_Store
[16.769s] -- Up-to-date symlink: /home/ziad/ziad_ws/ROS2/work_space/install/yahboom_rosmaster_gazebo/share/yahboom_rosmaster_gazebo/models/aws_robomaker_warehouse_ClutteringA_01/materials/.DS_Store
[16.770s] -- Up-to-date symlink: /home/ziad/ziad_ws/ROS2/work_space/install/yahboom_rosmaster_gazebo/share/yahboom_rosmaster_gazebo/models/aws_robomaker_warehouse_ClutteringA_01/materials/textures/.DS_Store
[16.788s] -- Up-to-date symlink: /home/ziad/ziad_ws/ROS2/work_space/install/yahboom_rosmaster_gazebo/share/yahboom_rosmaster_gazebo/models/aws_robomaker_warehouse_ClutteringA_01/materials/textures/aws_robomaker_warehouse_ClutteringA_01.png
[16.788s] -- Up-to-date symlink: /home/ziad/ziad_ws/ROS2/work_space/install/yahboom_rosmaster_gazebo/share/yahboom_rosmaster_gazebo/models/aws_robomaker_warehouse_ClutteringA_01/materials/textures/aws_robomaker_warehouse_ClutteringA_02.png
[16.788s] -- Up-to-date symlink: /home/ziad/ziad_ws/ROS2/work_space/install/yahboom_rosmaster_gazebo/share/yahboom_rosmaster_gazebo/models/aws_robomaker_warehouse_ClutteringA_01/materials/textures/aws_robomaker_warehouse_ClutteringA_03.png
[16.790s] -- Up-to-date symlink: /home/ziad/ziad_ws/ROS2/work_space/install/yahboom_rosmaster_gazebo/share/yahboom_rosmaster_gazebo/models/aws_robomaker_warehouse_ClutteringA_01/meshes/aws_robomaker_warehouse_ClutteringA_01_collision.DAE
[16.803s] -- Up-to-date symlink: /home/ziad/ziad_ws/ROS2/work_space/install/yahboom_rosmaster_gazebo/share/yahboom_rosmaster_gazebo/models/aws_robomaker_warehouse_ClutteringA_01/meshes/aws_robomaker_warehouse_ClutteringA_01_visual.DAE
[16.803s] -- Up-to-date symlink: /home/ziad/ziad_ws/ROS2/work_space/install/yahboom_rosmaster_gazebo/share/yahboom_rosmaster_gazebo/models/aws_robomaker_warehouse_ClutteringA_01/model.config
[16.805s] -- Up-to-date symlink: /home/ziad/ziad_ws/ROS2/work_space/install/yahboom_rosmaster_gazebo/share/yahboom_rosmaster_gazebo/models/aws_robomaker_warehouse_ClutteringA_01/model.sdf
[16.816s] -- Up-to-date symlink: /home/ziad/ziad_ws/ROS2/work_space/install/yahboom_rosmaster_gazebo/share/yahboom_rosmaster_gazebo/models/aws_robomaker_warehouse_ClutteringC_01/materials/textures/aws_robomaker_warehouse_ClutteringC_01.png
[16.816s] -- Up-to-date symlink: /home/ziad/ziad_ws/ROS2/work_space/install/yahboom_rosmaster_gazebo/share/yahboom_rosmaster_gazebo/models/aws_robomaker_warehouse_ClutteringC_01/materials/textures/aws_robomaker_warehouse_ClutteringC_02.png
[16.816s] -- Up-to-date symlink: /home/ziad/ziad_ws/ROS2/work_space/install/yahboom_rosmaster_gazebo/share/yahboom_rosmaster_gazebo/models/aws_robomaker_warehouse_ClutteringC_01/meshes/aws_robomaker_warehouse_ClutteringC_01_collision.DAE
[16.817s] -- Up-to-date symlink: /home/ziad/ziad_ws/ROS2/work_space/install/yahboom_rosmaster_gazebo/share/yahboom_rosmaster_gazebo/models/aws_robomaker_warehouse_ClutteringC_01/meshes/aws_robomaker_warehouse_ClutteringC_01_visual.DAE
[16.826s] -- Up-to-date symlink: /home/ziad/ziad_ws/ROS2/work_space/install/yahboom_rosmaster_gazebo/share/yahboom_rosmaster_gazebo/models/aws_robomaker_warehouse_ClutteringC_01/model.config
[16.827s] -- Up-to-date symlink: /home/ziad/ziad_ws/ROS2/work_space/install/yahboom_rosmaster_gazebo/share/yahboom_rosmaster_gazebo/models/aws_robomaker_warehouse_ClutteringC_01/model.sdf
[16.830s] -- Up-to-date symlink: /home/ziad/ziad_ws/ROS2/work_space/install/yahboom_rosmaster_gazebo/share/yahboom_rosmaster_gazebo/models/aws_robomaker_warehouse_ClutteringD_01/materials/textures/aws_robomaker_warehouse_ClutteringD_01.png
[16.834s] -- Up-to-date symlink: /home/ziad/ziad_ws/ROS2/work_space/install/yahboom_rosmaster_gazebo/share/yahboom_rosmaster_gazebo/models/aws_robomaker_warehouse_ClutteringD_01/materials/textures/aws_robomaker_warehouse_ClutteringD_02.png
[16.835s] -- Up-to-date symlink: /home/ziad/ziad_ws/ROS2/work_space/install/yahboom_rosmaster_gazebo/share/yahboom_rosmaster_gazebo/models/aws_robomaker_warehouse_ClutteringD_01/meshes/aws_robomaker_warehouse_ClutteringD_01_collision.DAE
[16.835s] -- Up-to-date symlink: /home/ziad/ziad_ws/ROS2/work_space/install/yahboom_rosmaster_gazebo/share/yahboom_rosmaster_gazebo/models/aws_robomaker_warehouse_ClutteringD_01/meshes/aws_robomaker_warehouse_ClutteringD_01_visual.DAE
[16.836s] -- Up-to-date symlink: /home/ziad/ziad_ws/ROS2/work_space/install/yahboom_rosmaster_gazebo/share/yahboom_rosmaster_gazebo/models/aws_robomaker_warehouse_ClutteringD_01/model.config
[16.837s] -- Up-to-date symlink: /home/ziad/ziad_ws/ROS2/work_space/install/yahboom_rosmaster_gazebo/share/yahboom_rosmaster_gazebo/models/aws_robomaker_warehouse_ClutteringD_01/model.sdf
[16.841s] -- Up-to-date symlink: /home/ziad/ziad_ws/ROS2/work_space/install/yahboom_rosmaster_gazebo/share/yahboom_rosmaster_gazebo/models/aws_robomaker_warehouse_DeskC_01/materials/.DS_Store
[16.851s] -- Up-to-date symlink: /home/ziad/ziad_ws/ROS2/work_space/install/yahboom_rosmaster_gazebo/share/yahboom_rosmaster_gazebo/models/aws_robomaker_warehouse_DeskC_01/materials/textures/aws_robomaker_warehouse_DeskC_01.png
[16.863s] -- Up-to-date symlink: /home/ziad/ziad_ws/ROS2/work_space/install/yahboom_rosmaster_gazebo/share/yahboom_rosmaster_gazebo/models/aws_robomaker_warehouse_DeskC_01/materials/textures/aws_robomaker_warehouse_DeskC_02.png
[16.874s] -- Up-to-date symlink: /home/ziad/ziad_ws/ROS2/work_space/install/yahboom_rosmaster_gazebo/share/yahboom_rosmaster_gazebo/models/aws_robomaker_warehouse_DeskC_01/materials/textures/aws_robomaker_warehouse_DeskC_03.png
[16.884s] -- Up-to-date symlink: /home/ziad/ziad_ws/ROS2/work_space/install/yahboom_rosmaster_gazebo/share/yahboom_rosmaster_gazebo/models/aws_robomaker_warehouse_DeskC_01/materials/textures/aws_robomaker_warehouse_DeskC_03.psd
[16.884s] -- Up-to-date symlink: /home/ziad/ziad_ws/ROS2/work_space/install/yahboom_rosmaster_gazebo/share/yahboom_rosmaster_gazebo/models/aws_robomaker_warehouse_DeskC_01/materials/textures/aws_robomaker_warehouse_DeskC_04.png
[16.888s] -- Up-to-date symlink: /home/ziad/ziad_ws/ROS2/work_space/install/yahboom_rosmaster_gazebo/share/yahboom_rosmaster_gazebo/models/aws_robomaker_warehouse_DeskC_01/meshes/aws_robomaker_warehouse_DeskC_01_collision.DAE
[16.888s] -- Up-to-date symlink: /home/ziad/ziad_ws/ROS2/work_space/install/yahboom_rosmaster_gazebo/share/yahboom_rosmaster_gazebo/models/aws_robomaker_warehouse_DeskC_01/meshes/aws_robomaker_warehouse_DeskC_01_visual.DAE
[16.898s] -- Up-to-date symlink: /home/ziad/ziad_ws/ROS2/work_space/install/yahboom_rosmaster_gazebo/share/yahboom_rosmaster_gazebo/models/aws_robomaker_warehouse_DeskC_01/model.config
[16.904s] -- Up-to-date symlink: /home/ziad/ziad_ws/ROS2/work_space/install/yahboom_rosmaster_gazebo/share/yahboom_rosmaster_gazebo/models/aws_robomaker_warehouse_DeskC_01/model.sdf
[16.915s] -- Up-to-date symlink: /home/ziad/ziad_ws/ROS2/work_space/install/yahboom_rosmaster_gazebo/share/yahboom_rosmaster_gazebo/models/aws_robomaker_warehouse_GroundB_01/materials/textures/aws_robomaker_warehouse_GroundB_01.png
[16.922s] -- Up-to-date symlink: /home/ziad/ziad_ws/ROS2/work_space/install/yahboom_rosmaster_gazebo/share/yahboom_rosmaster_gazebo/models/aws_robomaker_warehouse_GroundB_01/materials/textures/aws_robomaker_warehouse_GroundB_02.png
[16.930s] -- Up-to-date symlink: /home/ziad/ziad_ws/ROS2/work_space/install/yahboom_rosmaster_gazebo/share/yahboom_rosmaster_gazebo/models/aws_robomaker_warehouse_GroundB_01/meshes/aws_robomaker_warehouse_GroundB_01_collision.DAE
[16.934s] -- Up-to-date symlink: /home/ziad/ziad_ws/ROS2/work_space/install/yahboom_rosmaster_gazebo/share/yahboom_rosmaster_gazebo/models/aws_robomaker_warehouse_GroundB_01/meshes/aws_robomaker_warehouse_GroundB_01_visual.DAE
[16.934s] -- Up-to-date symlink: /home/ziad/ziad_ws/ROS2/work_space/install/yahboom_rosmaster_gazebo/share/yahboom_rosmaster_gazebo/models/aws_robomaker_warehouse_GroundB_01/model.config
[16.934s] -- Up-to-date symlink: /home/ziad/ziad_ws/ROS2/work_space/install/yahboom_rosmaster_gazebo/share/yahboom_rosmaster_gazebo/models/aws_robomaker_warehouse_GroundB_01/model.sdf
[16.937s] -- Up-to-date symlink: /home/ziad/ziad_ws/ROS2/work_space/install/yahboom_rosmaster_gazebo/share/yahboom_rosmaster_gazebo/models/aws_robomaker_warehouse_Lamp_01/materials/textures/aws_robomaker_warehouse_Lamp_01.png
[16.938s] -- Up-to-date symlink: /home/ziad/ziad_ws/ROS2/work_space/install/yahboom_rosmaster_gazebo/share/yahboom_rosmaster_gazebo/models/aws_robomaker_warehouse_Lamp_01/meshes/aws_robomaker_warehouse_Lamp_01_collision.DAE
[16.939s] -- Up-to-date symlink: /home/ziad/ziad_ws/ROS2/work_space/install/yahboom_rosmaster_gazebo/share/yahboom_rosmaster_gazebo/models/aws_robomaker_warehouse_Lamp_01/meshes/aws_robomaker_warehouse_Lamp_01_visual.DAE
[16.955s] -- Up-to-date symlink: /home/ziad/ziad_ws/ROS2/work_space/install/yahboom_rosmaster_gazebo/share/yahboom_rosmaster_gazebo/models/aws_robomaker_warehouse_Lamp_01/model.config
[16.956s] -- Up-to-date symlink: /home/ziad/ziad_ws/ROS2/work_space/install/yahboom_rosmaster_gazebo/share/yahboom_rosmaster_gazebo/models/aws_robomaker_warehouse_Lamp_01/model.sdf
[16.972s] -- Up-to-date symlink: /home/ziad/ziad_ws/ROS2/work_space/install/yahboom_rosmaster_gazebo/share/yahboom_rosmaster_gazebo/models/aws_robomaker_warehouse_PalletJackB_01/.DS_Store
[16.972s] -- Up-to-date symlink: /home/ziad/ziad_ws/ROS2/work_space/install/yahboom_rosmaster_gazebo/share/yahboom_rosmaster_gazebo/models/aws_robomaker_warehouse_PalletJackB_01/materials/.DS_Store
[16.978s] -- Up-to-date symlink: /home/ziad/ziad_ws/ROS2/work_space/install/yahboom_rosmaster_gazebo/share/yahboom_rosmaster_gazebo/models/aws_robomaker_warehouse_PalletJackB_01/materials/textures/aws_robomaker_warehouse_PalletJackB_01.png
[16.983s] -- Up-to-date symlink: /home/ziad/ziad_ws/ROS2/work_space/install/yahboom_rosmaster_gazebo/share/yahboom_rosmaster_gazebo/models/aws_robomaker_warehouse_PalletJackB_01/materials/textures/aws_robomaker_warehouse_PalletJackB_02.png
[16.985s] -- Up-to-date symlink: /home/ziad/ziad_ws/ROS2/work_space/install/yahboom_rosmaster_gazebo/share/yahboom_rosmaster_gazebo/models/aws_robomaker_warehouse_PalletJackB_01/meshes/aws_robomaker_warehouse_PalletJackB_01_collision.DAE
[16.985s] -- Up-to-date symlink: /home/ziad/ziad_ws/ROS2/work_space/install/yahboom_rosmaster_gazebo/share/yahboom_rosmaster_gazebo/models/aws_robomaker_warehouse_PalletJackB_01/meshes/aws_robomaker_warehouse_PalletJackB_01_visual.DAE
[16.985s] -- Up-to-date symlink: /home/ziad/ziad_ws/ROS2/work_space/install/yahboom_rosmaster_gazebo/share/yahboom_rosmaster_gazebo/models/aws_robomaker_warehouse_PalletJackB_01/model.config
[16.986s] -- Up-to-date symlink: /home/ziad/ziad_ws/ROS2/work_space/install/yahboom_rosmaster_gazebo/share/yahboom_rosmaster_gazebo/models/aws_robomaker_warehouse_PalletJackB_01/model.sdf
[16.986s] -- Up-to-date symlink: /home/ziad/ziad_ws/ROS2/work_space/install/yahboom_rosmaster_gazebo/share/yahboom_rosmaster_gazebo/models/aws_robomaker_warehouse_RoofB_01/materials/textures/aws_robomaker_warehouse_RoofB_01.png
[17.001s] -- Up-to-date symlink: /home/ziad/ziad_ws/ROS2/work_space/install/yahboom_rosmaster_gazebo/share/yahboom_rosmaster_gazebo/models/aws_robomaker_warehouse_RoofB_01/meshes/aws_robomaker_warehouse_RoofB_01_collision.DAE
[17.001s] -- Up-to-date symlink: /home/ziad/ziad_ws/ROS2/work_space/install/yahboom_rosmaster_gazebo/share/yahboom_rosmaster_gazebo/models/aws_robomaker_warehouse_RoofB_01/meshes/aws_robomaker_warehouse_RoofB_01_visual.DAE
[17.001s] -- Up-to-date symlink: /home/ziad/ziad_ws/ROS2/work_space/install/yahboom_rosmaster_gazebo/share/yahboom_rosmaster_gazebo/models/aws_robomaker_warehouse_RoofB_01/model.config
[17.001s] -- Up-to-date symlink: /home/ziad/ziad_ws/ROS2/work_space/install/yahboom_rosmaster_gazebo/share/yahboom_rosmaster_gazebo/models/aws_robomaker_warehouse_RoofB_01/model.sdf
[17.003s] -- Up-to-date symlink: /home/ziad/ziad_ws/ROS2/work_space/install/yahboom_rosmaster_gazebo/share/yahboom_rosmaster_gazebo/models/aws_robomaker_warehouse_ShelfD_01/materials/textures/aws_robomaker_warehouse_ShelfD_01.png
[17.005s] -- Up-to-date symlink: /home/ziad/ziad_ws/ROS2/work_space/install/yahboom_rosmaster_gazebo/share/yahboom_rosmaster_gazebo/models/aws_robomaker_warehouse_ShelfD_01/materials/textures/aws_robomaker_warehouse_ShelfD_02.png
[17.019s] -- Up-to-date symlink: /home/ziad/ziad_ws/ROS2/work_space/install/yahboom_rosmaster_gazebo/share/yahboom_rosmaster_gazebo/models/aws_robomaker_warehouse_ShelfD_01/materials/textures/aws_robomaker_warehouse_ShelfD_03.png
[17.027s] -- Up-to-date symlink: /home/ziad/ziad_ws/ROS2/work_space/install/yahboom_rosmaster_gazebo/share/yahboom_rosmaster_gazebo/models/aws_robomaker_warehouse_ShelfD_01/materials/textures/aws_robomaker_warehouse_ShelfD_04.png
[17.028s] -- Up-to-date symlink: /home/ziad/ziad_ws/ROS2/work_space/install/yahboom_rosmaster_gazebo/share/yahboom_rosmaster_gazebo/models/aws_robomaker_warehouse_ShelfD_01/meshes/aws_robomaker_warehouse_ShelfD_01_collision.DAE
[17.028s] -- Up-to-date symlink: /home/ziad/ziad_ws/ROS2/work_space/install/yahboom_rosmaster_gazebo/share/yahboom_rosmaster_gazebo/models/aws_robomaker_warehouse_ShelfD_01/meshes/aws_robomaker_warehouse_ShelfD_01_visual.DAE
[17.029s] -- Up-to-date symlink: /home/ziad/ziad_ws/ROS2/work_space/install/yahboom_rosmaster_gazebo/share/yahboom_rosmaster_gazebo/models/aws_robomaker_warehouse_ShelfD_01/model.config
[17.034s] -- Up-to-date symlink: /home/ziad/ziad_ws/ROS2/work_space/install/yahboom_rosmaster_gazebo/share/yahboom_rosmaster_gazebo/models/aws_robomaker_warehouse_ShelfD_01/model.sdf
[17.034s] -- Up-to-date symlink: /home/ziad/ziad_ws/ROS2/work_space/install/yahboom_rosmaster_gazebo/share/yahboom_rosmaster_gazebo/models/aws_robomaker_warehouse_ShelfE_01/.DS_Store
[17.034s] -- Up-to-date symlink: /home/ziad/ziad_ws/ROS2/work_space/install/yahboom_rosmaster_gazebo/share/yahboom_rosmaster_gazebo/models/aws_robomaker_warehouse_ShelfE_01/materials/.DS_Store
[17.035s] -- Up-to-date symlink: /home/ziad/ziad_ws/ROS2/work_space/install/yahboom_rosmaster_gazebo/share/yahboom_rosmaster_gazebo/models/aws_robomaker_warehouse_ShelfE_01/materials/textures/aws_robomaker_warehouse_ShelfE_01.png
[17.046s] -- Up-to-date symlink: /home/ziad/ziad_ws/ROS2/work_space/install/yahboom_rosmaster_gazebo/share/yahboom_rosmaster_gazebo/models/aws_robomaker_warehouse_ShelfE_01/materials/textures/aws_robomaker_warehouse_ShelfE_02.png
[17.047s] -- Up-to-date symlink: /home/ziad/ziad_ws/ROS2/work_space/install/yahboom_rosmaster_gazebo/share/yahboom_rosmaster_gazebo/models/aws_robomaker_warehouse_ShelfE_01/materials/textures/aws_robomaker_warehouse_ShelfE_03.png
[17.049s] -- Up-to-date symlink: /home/ziad/ziad_ws/ROS2/work_space/install/yahboom_rosmaster_gazebo/share/yahboom_rosmaster_gazebo/models/aws_robomaker_warehouse_ShelfE_01/materials/textures/aws_robomaker_warehouse_ShelfE_04.png
[17.052s] -- Up-to-date symlink: /home/ziad/ziad_ws/ROS2/work_space/install/yahboom_rosmaster_gazebo/share/yahboom_rosmaster_gazebo/models/aws_robomaker_warehouse_ShelfE_01/meshes/aws_robomaker_warehouse_ShelfE_01_collision.DAE
[17.053s] -- Up-to-date symlink: /home/ziad/ziad_ws/ROS2/work_space/install/yahboom_rosmaster_gazebo/share/yahboom_rosmaster_gazebo/models/aws_robomaker_warehouse_ShelfE_01/meshes/aws_robomaker_warehouse_ShelfE_01_visual.DAE
[17.056s] -- Up-to-date symlink: /home/ziad/ziad_ws/ROS2/work_space/install/yahboom_rosmaster_gazebo/share/yahboom_rosmaster_gazebo/models/aws_robomaker_warehouse_ShelfE_01/model.config
[17.057s] -- Up-to-date symlink: /home/ziad/ziad_ws/ROS2/work_space/install/yahboom_rosmaster_gazebo/share/yahboom_rosmaster_gazebo/models/aws_robomaker_warehouse_ShelfE_01/model.sdf
[17.059s] -- Up-to-date symlink: /home/ziad/ziad_ws/ROS2/work_space/install/yahboom_rosmaster_gazebo/share/yahboom_rosmaster_gazebo/models/aws_robomaker_warehouse_ShelfF_01/materials/textures/aws_robomaker_warehouse_ShelfF_01.png
[17.066s] -- Up-to-date symlink: /home/ziad/ziad_ws/ROS2/work_space/install/yahboom_rosmaster_gazebo/share/yahboom_rosmaster_gazebo/models/aws_robomaker_warehouse_ShelfF_01/materials/textures/aws_robomaker_warehouse_ShelfF_02.png
[17.069s] -- Up-to-date symlink: /home/ziad/ziad_ws/ROS2/work_space/install/yahboom_rosmaster_gazebo/share/yahboom_rosmaster_gazebo/models/aws_robomaker_warehouse_ShelfF_01/materials/textures/aws_robomaker_warehouse_ShelfF_03.png
[17.070s] -- Up-to-date symlink: /home/ziad/ziad_ws/ROS2/work_space/install/yahboom_rosmaster_gazebo/share/yahboom_rosmaster_gazebo/models/aws_robomaker_warehouse_ShelfF_01/meshes/aws_robomaker_warehouse_ShelfF_01_collision.DAE
[17.071s] -- Up-to-date symlink: /home/ziad/ziad_ws/ROS2/work_space/install/yahboom_rosmaster_gazebo/share/yahboom_rosmaster_gazebo/models/aws_robomaker_warehouse_ShelfF_01/meshes/aws_robomaker_warehouse_ShelfF_01_visual.DAE
[17.075s] -- Up-to-date symlink: /home/ziad/ziad_ws/ROS2/work_space/install/yahboom_rosmaster_gazebo/share/yahboom_rosmaster_gazebo/models/aws_robomaker_warehouse_ShelfF_01/model.config
[17.075s] -- Up-to-date symlink: /home/ziad/ziad_ws/ROS2/work_space/install/yahboom_rosmaster_gazebo/share/yahboom_rosmaster_gazebo/models/aws_robomaker_warehouse_ShelfF_01/model.sdf
[17.075s] -- Up-to-date symlink: /home/ziad/ziad_ws/ROS2/work_space/install/yahboom_rosmaster_gazebo/share/yahboom_rosmaster_gazebo/models/aws_robomaker_warehouse_TrashCanC_01/materials/textures/aws_robomaker_warehouse_TrashCanC_01.png
[17.075s] -- Up-to-date symlink: /home/ziad/ziad_ws/ROS2/work_space/install/yahboom_rosmaster_gazebo/share/yahboom_rosmaster_gazebo/models/aws_robomaker_warehouse_TrashCanC_01/meshes/aws_robomaker_warehouse_TrashCanC_01_collision.DAE
[17.076s] -- Up-to-date symlink: /home/ziad/ziad_ws/ROS2/work_space/install/yahboom_rosmaster_gazebo/share/yahboom_rosmaster_gazebo/models/aws_robomaker_warehouse_TrashCanC_01/meshes/aws_robomaker_warehouse_TrashCanC_01_visual.DAE
[17.078s] -- Up-to-date symlink: /home/ziad/ziad_ws/ROS2/work_space/install/yahboom_rosmaster_gazebo/share/yahboom_rosmaster_gazebo/models/aws_robomaker_warehouse_TrashCanC_01/model.config
[17.081s] -- Up-to-date symlink: /home/ziad/ziad_ws/ROS2/work_space/install/yahboom_rosmaster_gazebo/share/yahboom_rosmaster_gazebo/models/aws_robomaker_warehouse_TrashCanC_01/model.sdf
[17.090s] -- Up-to-date symlink: /home/ziad/ziad_ws/ROS2/work_space/install/yahboom_rosmaster_gazebo/share/yahboom_rosmaster_gazebo/models/aws_robomaker_warehouse_WallB_01/materials/textures/aws_robomaker_warehouse_WallB_01.png
[17.091s] -- Up-to-date symlink: /home/ziad/ziad_ws/ROS2/work_space/install/yahboom_rosmaster_gazebo/share/yahboom_rosmaster_gazebo/models/aws_robomaker_warehouse_WallB_01/meshes/aws_robomaker_warehouse_WallB_01_collision.DAE
[17.095s] -- Up-to-date symlink: /home/ziad/ziad_ws/ROS2/work_space/install/yahboom_rosmaster_gazebo/share/yahboom_rosmaster_gazebo/models/aws_robomaker_warehouse_WallB_01/meshes/aws_robomaker_warehouse_WallB_01_visual.DAE
[17.096s] -- Up-to-date symlink: /home/ziad/ziad_ws/ROS2/work_space/install/yahboom_rosmaster_gazebo/share/yahboom_rosmaster_gazebo/models/aws_robomaker_warehouse_WallB_01/model.config
[17.098s] -- Up-to-date symlink: /home/ziad/ziad_ws/ROS2/work_space/install/yahboom_rosmaster_gazebo/share/yahboom_rosmaster_gazebo/models/aws_robomaker_warehouse_WallB_01/model.sdf
[17.115s] -- Up-to-date symlink: /home/ziad/ziad_ws/ROS2/work_space/install/yahboom_rosmaster_gazebo/share/yahboom_rosmaster_gazebo/models/brown_table/model.config
[17.115s] -- Up-to-date symlink: /home/ziad/ziad_ws/ROS2/work_space/install/yahboom_rosmaster_gazebo/share/yahboom_rosmaster_gazebo/models/brown_table/model.sdf
[17.117s] -- Up-to-date symlink: /home/ziad/ziad_ws/ROS2/work_space/install/yahboom_rosmaster_gazebo/share/yahboom_rosmaster_gazebo/models/cafe/materials/textures/__auto_10.jpg
[17.119s] -- Up-to-date symlink: /home/ziad/ziad_ws/ROS2/work_space/install/yahboom_rosmaster_gazebo/share/yahboom_rosmaster_gazebo/models/cafe/materials/textures/__auto_2.jpg
[17.123s] -- Up-to-date symlink: /home/ziad/ziad_ws/ROS2/work_space/install/yahboom_rosmaster_gazebo/share/yahboom_rosmaster_gazebo/models/cafe/materials/textures/__auto_21.jpg
[17.146s] -- Up-to-date symlink: /home/ziad/ziad_ws/ROS2/work_space/install/yahboom_rosmaster_gazebo/share/yahboom_rosmaster_gazebo/models/cafe/materials/textures/__auto_22.jpg
[17.154s] -- Up-to-date symlink: /home/ziad/ziad_ws/ROS2/work_space/install/yahboom_rosmaster_gazebo/share/yahboom_rosmaster_gazebo/models/cafe/materials/textures/__auto_23.jpg
[17.154s] -- Up-to-date symlink: /home/ziad/ziad_ws/ROS2/work_space/install/yahboom_rosmaster_gazebo/share/yahboom_rosmaster_gazebo/models/cafe/materials/textures/__auto_24.jpg
[17.154s] -- Up-to-date symlink: /home/ziad/ziad_ws/ROS2/work_space/install/yahboom_rosmaster_gazebo/share/yahboom_rosmaster_gazebo/models/cafe/materials/textures/__auto_25.jpg
[17.157s] -- Up-to-date symlink: /home/ziad/ziad_ws/ROS2/work_space/install/yahboom_rosmaster_gazebo/share/yahboom_rosmaster_gazebo/models/cafe/materials/textures/__auto_26.jpg
[17.163s] -- Up-to-date symlink: /home/ziad/ziad_ws/ROS2/work_space/install/yahboom_rosmaster_gazebo/share/yahboom_rosmaster_gazebo/models/cafe/materials/textures/__auto_28.jpg
[17.166s] -- Up-to-date symlink: /home/ziad/ziad_ws/ROS2/work_space/install/yahboom_rosmaster_gazebo/share/yahboom_rosmaster_gazebo/models/cafe/materials/textures/__auto_29.jpg
[17.167s] -- Up-to-date symlink: /home/ziad/ziad_ws/ROS2/work_space/install/yahboom_rosmaster_gazebo/share/yahboom_rosmaster_gazebo/models/cafe/materials/textures/__auto_30.jpg
[17.175s] -- Up-to-date symlink: /home/ziad/ziad_ws/ROS2/work_space/install/yahboom_rosmaster_gazebo/share/yahboom_rosmaster_gazebo/models/cafe/materials/textures/__auto_31.jpg
[17.175s] -- Up-to-date symlink: /home/ziad/ziad_ws/ROS2/work_space/install/yahboom_rosmaster_gazebo/share/yahboom_rosmaster_gazebo/models/cafe/materials/textures/__auto_34.jpg
[17.175s] -- Up-to-date symlink: /home/ziad/ziad_ws/ROS2/work_space/install/yahboom_rosmaster_gazebo/share/yahboom_rosmaster_gazebo/models/cafe/materials/textures/__auto_35.jpg
[17.176s] -- Up-to-date symlink: /home/ziad/ziad_ws/ROS2/work_space/install/yahboom_rosmaster_gazebo/share/yahboom_rosmaster_gazebo/models/cafe/materials/textures/__auto_37.jpg
[17.176s] -- Up-to-date symlink: /home/ziad/ziad_ws/ROS2/work_space/install/yahboom_rosmaster_gazebo/share/yahboom_rosmaster_gazebo/models/cafe/meshes/cafe.dae
[17.176s] -- Up-to-date symlink: /home/ziad/ziad_ws/ROS2/work_space/install/yahboom_rosmaster_gazebo/share/yahboom_rosmaster_gazebo/models/cafe/model.config
[17.181s] -- Up-to-date symlink: /home/ziad/ziad_ws/ROS2/work_space/install/yahboom_rosmaster_gazebo/share/yahboom_rosmaster_gazebo/models/cafe/model.sdf
[17.181s] -- Up-to-date symlink: /home/ziad/ziad_ws/ROS2/work_space/install/yahboom_rosmaster_gazebo/share/yahboom_rosmaster_gazebo/models/cafe_counter/materials/textures/cafe_counter.png
[17.185s] -- Up-to-date symlink: /home/ziad/ziad_ws/ROS2/work_space/install/yahboom_rosmaster_gazebo/share/yahboom_rosmaster_gazebo/models/cafe_counter/meshes/cafe_counter.mtl
[17.191s] -- Up-to-date symlink: /home/ziad/ziad_ws/ROS2/work_space/install/yahboom_rosmaster_gazebo/share/yahboom_rosmaster_gazebo/models/cafe_counter/meshes/cafe_counter.obj
[17.196s] -- Up-to-date symlink: /home/ziad/ziad_ws/ROS2/work_space/install/yahboom_rosmaster_gazebo/share/yahboom_rosmaster_gazebo/models/cafe_counter/meshes/counter_no_sink.obj
[17.197s] -- Up-to-date symlink: /home/ziad/ziad_ws/ROS2/work_space/install/yahboom_rosmaster_gazebo/share/yahboom_rosmaster_gazebo/models/cafe_counter/meshes/counter_sink.obj
[17.206s] -- Up-to-date symlink: /home/ziad/ziad_ws/ROS2/work_space/install/yahboom_rosmaster_gazebo/share/yahboom_rosmaster_gazebo/models/cafe_counter/model.config
[17.214s] -- Up-to-date symlink: /home/ziad/ziad_ws/ROS2/work_space/install/yahboom_rosmaster_gazebo/share/yahboom_rosmaster_gazebo/models/cafe_counter/model.sdf
[17.219s] -- Up-to-date symlink: /home/ziad/ziad_ws/ROS2/work_space/install/yahboom_rosmaster_gazebo/share/yahboom_rosmaster_gazebo/models/cafe_table/materials/textures/Maple.jpg
[17.225s] -- Up-to-date symlink: /home/ziad/ziad_ws/ROS2/work_space/install/yahboom_rosmaster_gazebo/share/yahboom_rosmaster_gazebo/models/cafe_table/materials/textures/Wood_Floor_Dark.jpg
[17.237s] -- Up-to-date symlink: /home/ziad/ziad_ws/ROS2/work_space/install/yahboom_rosmaster_gazebo/share/yahboom_rosmaster_gazebo/models/cafe_table/meshes/cafe_table.dae
[17.238s] -- Up-to-date symlink: /home/ziad/ziad_ws/ROS2/work_space/install/yahboom_rosmaster_gazebo/share/yahboom_rosmaster_gazebo/models/cafe_table/model-1_4.sdf
[17.245s] -- Up-to-date symlink: /home/ziad/ziad_ws/ROS2/work_space/install/yahboom_rosmaster_gazebo/share/yahboom_rosmaster_gazebo/models/cafe_table/model.config
[17.250s] -- Up-to-date symlink: /home/ziad/ziad_ws/ROS2/work_space/install/yahboom_rosmaster_gazebo/share/yahboom_rosmaster_gazebo/models/cafe_table/model.sdf
[17.250s] -- Up-to-date symlink: /home/ziad/ziad_ws/ROS2/work_space/install/yahboom_rosmaster_gazebo/share/yahboom_rosmaster_gazebo/models/cardboard_box/materials/textures/cardboard_box.png
[17.253s] -- Up-to-date symlink: /home/ziad/ziad_ws/ROS2/work_space/install/yahboom_rosmaster_gazebo/share/yahboom_rosmaster_gazebo/models/cardboard_box/meshes/cardboard_box.dae
[17.256s] -- Up-to-date symlink: /home/ziad/ziad_ws/ROS2/work_space/install/yahboom_rosmaster_gazebo/share/yahboom_rosmaster_gazebo/models/cardboard_box/meshes/cardboard_box.png
[17.256s] -- Up-to-date symlink: /home/ziad/ziad_ws/ROS2/work_space/install/yahboom_rosmaster_gazebo/share/yahboom_rosmaster_gazebo/models/cardboard_box/model.config
[17.270s] -- Up-to-date symlink: /home/ziad/ziad_ws/ROS2/work_space/install/yahboom_rosmaster_gazebo/share/yahboom_rosmaster_gazebo/models/cardboard_box/model.sdf
[17.271s] -- Up-to-date symlink: /home/ziad/ziad_ws/ROS2/work_space/install/yahboom_rosmaster_gazebo/share/yahboom_rosmaster_gazebo/models/cheezit_big_original/meshes/cheez_tex_0.jpg
[17.272s] -- Up-to-date symlink: /home/ziad/ziad_ws/ROS2/work_space/install/yahboom_rosmaster_gazebo/share/yahboom_rosmaster_gazebo/models/cheezit_big_original/meshes/cheezit_big_original.dae
[17.273s] -- Up-to-date symlink: /home/ziad/ziad_ws/ROS2/work_space/install/yahboom_rosmaster_gazebo/share/yahboom_rosmaster_gazebo/models/cheezit_big_original/model.config
[17.281s] -- Up-to-date symlink: /home/ziad/ziad_ws/ROS2/work_space/install/yahboom_rosmaster_gazebo/share/yahboom_rosmaster_gazebo/models/cheezit_big_original/model.sdf
[17.284s] -- Up-to-date symlink: /home/ziad/ziad_ws/ROS2/work_space/install/yahboom_rosmaster_gazebo/share/yahboom_rosmaster_gazebo/models/coke_can/materials/textures/coke_can.png
[17.284s] -- Up-to-date symlink: /home/ziad/ziad_ws/ROS2/work_space/install/yahboom_rosmaster_gazebo/share/yahboom_rosmaster_gazebo/models/coke_can/meshes/coke_can.dae
[17.287s] -- Up-to-date symlink: /home/ziad/ziad_ws/ROS2/work_space/install/yahboom_rosmaster_gazebo/share/yahboom_rosmaster_gazebo/models/coke_can/model-1_2.sdf
[17.300s] -- Up-to-date symlink: /home/ziad/ziad_ws/ROS2/work_space/install/yahboom_rosmaster_gazebo/share/yahboom_rosmaster_gazebo/models/coke_can/model-1_3.sdf
[17.304s] -- Up-to-date symlink: /home/ziad/ziad_ws/ROS2/work_space/install/yahboom_rosmaster_gazebo/share/yahboom_rosmaster_gazebo/models/coke_can/model-1_4.sdf
[17.305s] -- Up-to-date symlink: /home/ziad/ziad_ws/ROS2/work_space/install/yahboom_rosmaster_gazebo/share/yahboom_rosmaster_gazebo/models/coke_can/model.config
[17.307s] -- Up-to-date symlink: /home/ziad/ziad_ws/ROS2/work_space/install/yahboom_rosmaster_gazebo/share/yahboom_rosmaster_gazebo/models/coke_can/model.sdf
[17.313s] -- Up-to-date symlink: /home/ziad/ziad_ws/ROS2/work_space/install/yahboom_rosmaster_gazebo/share/yahboom_rosmaster_gazebo/models/ground_plane/model-1_2.sdf
[17.314s] -- Up-to-date symlink: /home/ziad/ziad_ws/ROS2/work_space/install/yahboom_rosmaster_gazebo/share/yahboom_rosmaster_gazebo/models/ground_plane/model-1_3.sdf
[17.316s] -- Up-to-date symlink: /home/ziad/ziad_ws/ROS2/work_space/install/yahboom_rosmaster_gazebo/share/yahboom_rosmaster_gazebo/models/ground_plane/model-1_4.sdf
[17.326s] -- Up-to-date symlink: /home/ziad/ziad_ws/ROS2/work_space/install/yahboom_rosmaster_gazebo/share/yahboom_rosmaster_gazebo/models/ground_plane/model.config
[17.331s] -- Up-to-date symlink: /home/ziad/ziad_ws/ROS2/work_space/install/yahboom_rosmaster_gazebo/share/yahboom_rosmaster_gazebo/models/ground_plane/model.sdf
[17.331s] -- Up-to-date symlink: /home/ziad/ziad_ws/ROS2/work_space/install/yahboom_rosmaster_gazebo/share/yahboom_rosmaster_gazebo/models/mustard/materials/scripts/mustard.material
[17.332s] -- Up-to-date symlink: /home/ziad/ziad_ws/ROS2/work_space/install/yahboom_rosmaster_gazebo/share/yahboom_rosmaster_gazebo/models/mustard/materials/textures/optimized_tsdf_texture_mapped_mesh.png
[17.333s] -- Up-to-date symlink: /home/ziad/ziad_ws/ROS2/work_space/install/yahboom_rosmaster_gazebo/share/yahboom_rosmaster_gazebo/models/mustard/meshes/mustard.dae
[17.333s] -- Up-to-date symlink: /home/ziad/ziad_ws/ROS2/work_space/install/yahboom_rosmaster_gazebo/share/yahboom_rosmaster_gazebo/models/mustard/meshes/texture_map.png
[17.336s] -- Up-to-date symlink: /home/ziad/ziad_ws/ROS2/work_space/install/yahboom_rosmaster_gazebo/share/yahboom_rosmaster_gazebo/models/mustard/model.config
[17.336s] -- Up-to-date symlink: /home/ziad/ziad_ws/ROS2/work_space/install/yahboom_rosmaster_gazebo/share/yahboom_rosmaster_gazebo/models/mustard/model.sdf
[17.337s] -- Up-to-date symlink: /home/ziad/ziad_ws/ROS2/work_space/install/yahboom_rosmaster_gazebo/share/yahboom_rosmaster_gazebo/models/red_cylinder/model.config
[17.340s] -- Up-to-date symlink: /home/ziad/ziad_ws/ROS2/work_space/install/yahboom_rosmaster_gazebo/share/yahboom_rosmaster_gazebo/models/red_cylinder/model.sdf
[17.343s] -- Up-to-date symlink: /home/ziad/ziad_ws/ROS2/work_space/install/yahboom_rosmaster_gazebo/share/yahboom_rosmaster_gazebo/models/sun/model-1_2.sdf
[17.343s] -- Up-to-date symlink: /home/ziad/ziad_ws/ROS2/work_space/install/yahboom_rosmaster_gazebo/share/yahboom_rosmaster_gazebo/models/sun/model-1_3.sdf
[17.354s] -- Up-to-date symlink: /home/ziad/ziad_ws/ROS2/work_space/install/yahboom_rosmaster_gazebo/share/yahboom_rosmaster_gazebo/models/sun/model-1_4.sdf
[17.358s] -- Up-to-date symlink: /home/ziad/ziad_ws/ROS2/work_space/install/yahboom_rosmaster_gazebo/share/yahboom_rosmaster_gazebo/models/sun/model.config
[17.367s] -- Up-to-date symlink: /home/ziad/ziad_ws/ROS2/work_space/install/yahboom_rosmaster_gazebo/share/yahboom_rosmaster_gazebo/models/sun/model.sdf
[17.367s] -- Up-to-date symlink: /home/ziad/ziad_ws/ROS2/work_space/install/yahboom_rosmaster_gazebo/share/yahboom_rosmaster_gazebo/rviz/yahboom_rosmaster_gazebo_sim.rviz
[17.370s] -- Up-to-date symlink: /home/ziad/ziad_ws/ROS2/work_space/install/yahboom_rosmaster_gazebo/share/yahboom_rosmaster_gazebo/worlds/cafe.world
[17.371s] -- Up-to-date symlink: /home/ziad/ziad_ws/ROS2/work_space/install/yahboom_rosmaster_gazebo/share/yahboom_rosmaster_gazebo/worlds/empty.world
[17.400s] -- Up-to-date symlink: /home/ziad/ziad_ws/ROS2/work_space/install/yahboom_rosmaster_gazebo/share/yahboom_rosmaster_gazebo/worlds/house.world
[17.401s] -- Up-to-date symlink: /home/ziad/ziad_ws/ROS2/work_space/install/yahboom_rosmaster_gazebo/share/yahboom_rosmaster_gazebo/worlds/pick_and_place_demo.world
[17.416s] -- Up-to-date symlink: /home/ziad/ziad_ws/ROS2/work_space/install/yahboom_rosmaster_gazebo/share/ament_index/resource_index/package_run_dependencies/yahboom_rosmaster_gazebo
[17.417s] -- Up-to-date symlink: /home/ziad/ziad_ws/ROS2/work_space/install/yahboom_rosmaster_gazebo/share/ament_index/resource_index/parent_prefix_path/yahboom_rosmaster_gazebo
[17.418s] -- Up-to-date symlink: /home/ziad/ziad_ws/ROS2/work_space/install/yahboom_rosmaster_gazebo/share/yahboom_rosmaster_gazebo/environment/ament_prefix_path.sh
[17.422s] -- Up-to-date symlink: /home/ziad/ziad_ws/ROS2/work_space/install/yahboom_rosmaster_gazebo/share/yahboom_rosmaster_gazebo/environment/ament_prefix_path.dsv
[17.423s] -- Up-to-date symlink: /home/ziad/ziad_ws/ROS2/work_space/install/yahboom_rosmaster_gazebo/share/yahboom_rosmaster_gazebo/environment/path.sh
[17.424s] -- Up-to-date symlink: /home/ziad/ziad_ws/ROS2/work_space/install/yahboom_rosmaster_gazebo/share/yahboom_rosmaster_gazebo/environment/path.dsv
[17.431s] -- Up-to-date symlink: /home/ziad/ziad_ws/ROS2/work_space/install/yahboom_rosmaster_gazebo/share/yahboom_rosmaster_gazebo/local_setup.bash
[17.431s] -- Up-to-date symlink: /home/ziad/ziad_ws/ROS2/work_space/install/yahboom_rosmaster_gazebo/share/yahboom_rosmaster_gazebo/local_setup.sh
[17.433s] -- Up-to-date symlink: /home/ziad/ziad_ws/ROS2/work_space/install/yahboom_rosmaster_gazebo/share/yahboom_rosmaster_gazebo/local_setup.zsh
[17.433s] -- Up-to-date symlink: /home/ziad/ziad_ws/ROS2/work_space/install/yahboom_rosmaster_gazebo/share/yahboom_rosmaster_gazebo/local_setup.dsv
[17.433s] -- Symlinking: /home/ziad/ziad_ws/ROS2/work_space/install/yahboom_rosmaster_gazebo/share/yahboom_rosmaster_gazebo/package.dsv
[17.481s] -- Up-to-date symlink: /home/ziad/ziad_ws/ROS2/work_space/install/yahboom_rosmaster_gazebo/share/ament_index/resource_index/packages/yahboom_rosmaster_gazebo
[17.487s] -- Up-to-date symlink: /home/ziad/ziad_ws/ROS2/work_space/install/yahboom_rosmaster_gazebo/share/yahboom_rosmaster_gazebo/cmake/yahboom_rosmaster_gazeboConfig.cmake
[17.487s] -- Up-to-date symlink: /home/ziad/ziad_ws/ROS2/work_space/install/yahboom_rosmaster_gazebo/share/yahboom_rosmaster_gazebo/cmake/yahboom_rosmaster_gazeboConfig-version.cmake
[17.504s] -- Up-to-date symlink: /home/ziad/ziad_ws/ROS2/work_space/install/yahboom_rosmaster_gazebo/share/yahboom_rosmaster_gazebo/package.xml
[17.518s] Invoked command in '/home/ziad/ziad_ws/ROS2/work_space/build/yahboom_rosmaster_gazebo' returned '0': CMAKE_PREFIX_PATH=${CMAKE_PREFIX_PATH}:/home/ziad/ziad_ws/ROS2/turtlebot3_ws/install/turtlebot3_teleop:/home/ziad/ziad_ws/ROS2/turtlebot3_ws/install/turtlebot3_example:/opt/ros/jazzy DEBUGINFOD_URLS=https://debuginfod.ubuntu.com /usr/bin/cmake --install /home/ziad/ziad_ws/ROS2/work_space/build/yahboom_rosmaster_gazebo
