[0.666s] DEBUG:colcon:Command line arguments: ['/usr/bin/colcon', 'build']
[0.666s] DEBUG:colcon:Parsed command line arguments: Namespace(log_base=None, log_level=None, verb_name='build', build_base='build', install_base='install', merge_install=False, symlink_install=False, test_result_base=None, continue_on_error=False, executor='parallel', parallel_workers=4, event_handlers=None, ignore_user_meta=False, metas=['./colcon.meta'], base_paths=['.'], packages_ignore=None, packages_ignore_regex=None, paths=None, packages_up_to=None, packages_up_to_regex=None, packages_above=None, packages_above_and_dependencies=None, packages_above_depth=None, packages_select_by_dep=None, packages_skip_by_dep=None, packages_skip_up_to=None, packages_select_build_failed=False, packages_skip_build_finished=False, packages_select_test_failures=False, packages_skip_test_passed=False, packages_select=None, packages_skip=None, packages_select_regex=None, packages_skip_regex=None, packages_start=None, packages_end=None, allow_overriding=[], cmake_args=None, cmake_target=None, cmake_target_skip_unavailable=False, cmake_clean_cache=False, cmake_clean_first=False, cmake_force_configure=False, ament_cmake_args=None, catkin_cmake_args=None, catkin_skip_building_tests=False, mixin_files=None, mixin=None, verb_parser=<colcon_mixin.mixin.mixin_argument.MixinArgumentDecorator object at 0x714ce2aaeae0>, verb_extension=<colcon_core.verb.build.BuildVerb object at 0x714ce2bced80>, main=<bound method BuildVerb.main of <colcon_core.verb.build.BuildVerb object at 0x714ce2bced80>>, mixin_verb=('build',))
[0.796s] Level 1:colcon.colcon_core.package_discovery:discover_packages(colcon_meta) check parameters
[0.797s] Level 1:colcon.colcon_core.package_discovery:discover_packages(recursive) check parameters
[0.797s] Level 1:colcon.colcon_core.package_discovery:discover_packages(ignore) check parameters
[0.797s] Level 1:colcon.colcon_core.package_discovery:discover_packages(path) check parameters
[0.797s] Level 1:colcon.colcon_core.package_discovery:discover_packages(colcon_meta) discover
[0.798s] Level 1:colcon.colcon_core.package_discovery:discover_packages(recursive) discover
[0.798s] INFO:colcon.colcon_core.package_discovery:Crawling recursively for packages in '/home/ziad/ziad_ws/ROS2/work_space'
[0.799s] Level 1:colcon.colcon_core.package_identification:_identify(.) by extensions ['ignore', 'ignore_ament_install']
[0.799s] Level 1:colcon.colcon_core.package_identification:_identify(.) by extension 'ignore'
[0.799s] Level 1:colcon.colcon_core.package_identification:_identify(.) by extension 'ignore_ament_install'
[0.799s] Level 1:colcon.colcon_core.package_identification:_identify(.) by extensions ['colcon_pkg']
[0.800s] Level 1:colcon.colcon_core.package_identification:_identify(.) by extension 'colcon_pkg'
[0.800s] Level 1:colcon.colcon_core.package_identification:_identify(.) by extensions ['colcon_meta']
[0.800s] Level 1:colcon.colcon_core.package_identification:_identify(.) by extension 'colcon_meta'
[0.800s] Level 1:colcon.colcon_core.package_identification:_identify(.) by extensions ['ros']
[0.800s] Level 1:colcon.colcon_core.package_identification:_identify(.) by extension 'ros'
[0.886s] Level 1:colcon.colcon_core.package_identification:_identify(.) by extensions ['cmake', 'python']
[0.887s] Level 1:colcon.colcon_core.package_identification:_identify(.) by extension 'cmake'
[0.887s] Level 1:colcon.colcon_core.package_identification:_identify(.) by extension 'python'
[0.887s] Level 1:colcon.colcon_core.package_identification:_identify(.) by extensions ['python_setup_py']
[0.887s] Level 1:colcon.colcon_core.package_identification:_identify(.) by extension 'python_setup_py'
[0.887s] Level 1:colcon.colcon_core.package_identification:_identify(build) by extensions ['ignore', 'ignore_ament_install']
[0.887s] Level 1:colcon.colcon_core.package_identification:_identify(build) by extension 'ignore'
[0.887s] Level 1:colcon.colcon_core.package_identification:_identify(build) ignored
[0.887s] Level 1:colcon.colcon_core.package_identification:_identify(install) by extensions ['ignore', 'ignore_ament_install']
[0.887s] Level 1:colcon.colcon_core.package_identification:_identify(install) by extension 'ignore'
[0.888s] Level 1:colcon.colcon_core.package_identification:_identify(install) ignored
[0.888s] Level 1:colcon.colcon_core.package_identification:_identify(log) by extensions ['ignore', 'ignore_ament_install']
[0.888s] Level 1:colcon.colcon_core.package_identification:_identify(log) by extension 'ignore'
[0.888s] Level 1:colcon.colcon_core.package_identification:_identify(log) ignored
[0.888s] Level 1:colcon.colcon_core.package_identification:_identify(src) by extensions ['ignore', 'ignore_ament_install']
[0.888s] Level 1:colcon.colcon_core.package_identification:_identify(src) by extension 'ignore'
[0.888s] Level 1:colcon.colcon_core.package_identification:_identify(src) by extension 'ignore_ament_install'
[0.888s] Level 1:colcon.colcon_core.package_identification:_identify(src) by extensions ['colcon_pkg']
[0.889s] Level 1:colcon.colcon_core.package_identification:_identify(src) by extension 'colcon_pkg'
[0.889s] Level 1:colcon.colcon_core.package_identification:_identify(src) by extensions ['colcon_meta']
[0.889s] Level 1:colcon.colcon_core.package_identification:_identify(src) by extension 'colcon_meta'
[0.889s] Level 1:colcon.colcon_core.package_identification:_identify(src) by extensions ['ros']
[0.889s] Level 1:colcon.colcon_core.package_identification:_identify(src) by extension 'ros'
[0.889s] Level 1:colcon.colcon_core.package_identification:_identify(src) by extensions ['cmake', 'python']
[0.889s] Level 1:colcon.colcon_core.package_identification:_identify(src) by extension 'cmake'
[0.889s] Level 1:colcon.colcon_core.package_identification:_identify(src) by extension 'python'
[0.889s] Level 1:colcon.colcon_core.package_identification:_identify(src) by extensions ['python_setup_py']
[0.889s] Level 1:colcon.colcon_core.package_identification:_identify(src) by extension 'python_setup_py'
[0.890s] Level 1:colcon.colcon_core.package_identification:_identify(src/custom_action_interfaces) by extensions ['ignore', 'ignore_ament_install']
[0.890s] Level 1:colcon.colcon_core.package_identification:_identify(src/custom_action_interfaces) by extension 'ignore'
[0.890s] Level 1:colcon.colcon_core.package_identification:_identify(src/custom_action_interfaces) by extension 'ignore_ament_install'
[0.890s] Level 1:colcon.colcon_core.package_identification:_identify(src/custom_action_interfaces) by extensions ['colcon_pkg']
[0.890s] Level 1:colcon.colcon_core.package_identification:_identify(src/custom_action_interfaces) by extension 'colcon_pkg'
[0.890s] Level 1:colcon.colcon_core.package_identification:_identify(src/custom_action_interfaces) by extensions ['colcon_meta']
[0.890s] Level 1:colcon.colcon_core.package_identification:_identify(src/custom_action_interfaces) by extension 'colcon_meta'
[0.891s] Level 1:colcon.colcon_core.package_identification:_identify(src/custom_action_interfaces) by extensions ['ros']
[0.891s] Level 1:colcon.colcon_core.package_identification:_identify(src/custom_action_interfaces) by extension 'ros'
[0.899s] DEBUG:colcon.colcon_core.package_identification:Package 'src/custom_action_interfaces' with type 'ros.ament_cmake' and name 'custom_action_interfaces'
[0.899s] Level 1:colcon.colcon_core.package_identification:_identify(src/ros2_control_turtel_bot) by extensions ['ignore', 'ignore_ament_install']
[0.900s] Level 1:colcon.colcon_core.package_identification:_identify(src/ros2_control_turtel_bot) by extension 'ignore'
[0.900s] Level 1:colcon.colcon_core.package_identification:_identify(src/ros2_control_turtel_bot) by extension 'ignore_ament_install'
[0.900s] Level 1:colcon.colcon_core.package_identification:_identify(src/ros2_control_turtel_bot) by extensions ['colcon_pkg']
[0.900s] Level 1:colcon.colcon_core.package_identification:_identify(src/ros2_control_turtel_bot) by extension 'colcon_pkg'
[0.900s] Level 1:colcon.colcon_core.package_identification:_identify(src/ros2_control_turtel_bot) by extensions ['colcon_meta']
[0.900s] Level 1:colcon.colcon_core.package_identification:_identify(src/ros2_control_turtel_bot) by extension 'colcon_meta'
[0.901s] Level 1:colcon.colcon_core.package_identification:_identify(src/ros2_control_turtel_bot) by extensions ['ros']
[0.901s] Level 1:colcon.colcon_core.package_identification:_identify(src/ros2_control_turtel_bot) by extension 'ros'
[0.903s] DEBUG:colcon.colcon_core.package_identification:Package 'src/ros2_control_turtel_bot' with type 'ros.ament_cmake' and name 'ros2_control_turtel_bot'
[0.904s] Level 1:colcon.colcon_core.package_identification:_identify(src/yahboom_rosmaster) by extensions ['ignore', 'ignore_ament_install']
[0.904s] Level 1:colcon.colcon_core.package_identification:_identify(src/yahboom_rosmaster) by extension 'ignore'
[0.904s] Level 1:colcon.colcon_core.package_identification:_identify(src/yahboom_rosmaster) by extension 'ignore_ament_install'
[0.904s] Level 1:colcon.colcon_core.package_identification:_identify(src/yahboom_rosmaster) by extensions ['colcon_pkg']
[0.904s] Level 1:colcon.colcon_core.package_identification:_identify(src/yahboom_rosmaster) by extension 'colcon_pkg'
[0.904s] Level 1:colcon.colcon_core.package_identification:_identify(src/yahboom_rosmaster) by extensions ['colcon_meta']
[0.904s] Level 1:colcon.colcon_core.package_identification:_identify(src/yahboom_rosmaster) by extension 'colcon_meta'
[0.904s] Level 1:colcon.colcon_core.package_identification:_identify(src/yahboom_rosmaster) by extensions ['ros']
[0.905s] Level 1:colcon.colcon_core.package_identification:_identify(src/yahboom_rosmaster) by extension 'ros'
[0.905s] Level 1:colcon.colcon_core.package_identification:_identify(src/yahboom_rosmaster) by extensions ['cmake', 'python']
[0.905s] Level 1:colcon.colcon_core.package_identification:_identify(src/yahboom_rosmaster) by extension 'cmake'
[0.905s] Level 1:colcon.colcon_core.package_identification:_identify(src/yahboom_rosmaster) by extension 'python'
[0.905s] Level 1:colcon.colcon_core.package_identification:_identify(src/yahboom_rosmaster) by extensions ['python_setup_py']
[0.905s] Level 1:colcon.colcon_core.package_identification:_identify(src/yahboom_rosmaster) by extension 'python_setup_py'
[0.906s] Level 1:colcon.colcon_core.package_identification:_identify(src/yahboom_rosmaster/apriltag_ros) by extensions ['ignore', 'ignore_ament_install']
[0.906s] Level 1:colcon.colcon_core.package_identification:_identify(src/yahboom_rosmaster/apriltag_ros) by extension 'ignore'
[0.906s] Level 1:colcon.colcon_core.package_identification:_identify(src/yahboom_rosmaster/apriltag_ros) by extension 'ignore_ament_install'
[0.907s] Level 1:colcon.colcon_core.package_identification:_identify(src/yahboom_rosmaster/apriltag_ros) by extensions ['colcon_pkg']
[0.907s] Level 1:colcon.colcon_core.package_identification:_identify(src/yahboom_rosmaster/apriltag_ros) by extension 'colcon_pkg'
[0.907s] Level 1:colcon.colcon_core.package_identification:_identify(src/yahboom_rosmaster/apriltag_ros) by extensions ['colcon_meta']
[0.907s] Level 1:colcon.colcon_core.package_identification:_identify(src/yahboom_rosmaster/apriltag_ros) by extension 'colcon_meta'
[0.907s] Level 1:colcon.colcon_core.package_identification:_identify(src/yahboom_rosmaster/apriltag_ros) by extensions ['ros']
[0.907s] Level 1:colcon.colcon_core.package_identification:_identify(src/yahboom_rosmaster/apriltag_ros) by extension 'ros'
[0.920s] DEBUG:colcon.colcon_core.package_identification:Package 'src/yahboom_rosmaster/apriltag_ros' with type 'ros.ament_cmake' and name 'apriltag_ros'
[0.920s] Level 1:colcon.colcon_core.package_identification:_identify(src/yahboom_rosmaster/mecanum_drive_controller) by extensions ['ignore', 'ignore_ament_install']
[0.921s] Level 1:colcon.colcon_core.package_identification:_identify(src/yahboom_rosmaster/mecanum_drive_controller) by extension 'ignore'
[0.921s] Level 1:colcon.colcon_core.package_identification:_identify(src/yahboom_rosmaster/mecanum_drive_controller) by extension 'ignore_ament_install'
[0.921s] Level 1:colcon.colcon_core.package_identification:_identify(src/yahboom_rosmaster/mecanum_drive_controller) by extensions ['colcon_pkg']
[0.921s] Level 1:colcon.colcon_core.package_identification:_identify(src/yahboom_rosmaster/mecanum_drive_controller) by extension 'colcon_pkg'
[0.921s] Level 1:colcon.colcon_core.package_identification:_identify(src/yahboom_rosmaster/mecanum_drive_controller) by extensions ['colcon_meta']
[0.921s] Level 1:colcon.colcon_core.package_identification:_identify(src/yahboom_rosmaster/mecanum_drive_controller) by extension 'colcon_meta'
[0.921s] Level 1:colcon.colcon_core.package_identification:_identify(src/yahboom_rosmaster/mecanum_drive_controller) by extensions ['ros']
[0.921s] Level 1:colcon.colcon_core.package_identification:_identify(src/yahboom_rosmaster/mecanum_drive_controller) by extension 'ros'
[0.925s] DEBUG:colcon.colcon_core.package_identification:Package 'src/yahboom_rosmaster/mecanum_drive_controller' with type 'ros.ament_cmake' and name 'mecanum_drive_controller'
[0.925s] Level 1:colcon.colcon_core.package_identification:_identify(src/yahboom_rosmaster/yahboom_rosmaster) by extensions ['ignore', 'ignore_ament_install']
[0.925s] Level 1:colcon.colcon_core.package_identification:_identify(src/yahboom_rosmaster/yahboom_rosmaster) by extension 'ignore'
[0.925s] Level 1:colcon.colcon_core.package_identification:_identify(src/yahboom_rosmaster/yahboom_rosmaster) by extension 'ignore_ament_install'
[0.925s] Level 1:colcon.colcon_core.package_identification:_identify(src/yahboom_rosmaster/yahboom_rosmaster) by extensions ['colcon_pkg']
[0.925s] Level 1:colcon.colcon_core.package_identification:_identify(src/yahboom_rosmaster/yahboom_rosmaster) by extension 'colcon_pkg'
[0.926s] Level 1:colcon.colcon_core.package_identification:_identify(src/yahboom_rosmaster/yahboom_rosmaster) by extensions ['colcon_meta']
[0.926s] Level 1:colcon.colcon_core.package_identification:_identify(src/yahboom_rosmaster/yahboom_rosmaster) by extension 'colcon_meta'
[0.926s] Level 1:colcon.colcon_core.package_identification:_identify(src/yahboom_rosmaster/yahboom_rosmaster) by extensions ['ros']
[0.926s] Level 1:colcon.colcon_core.package_identification:_identify(src/yahboom_rosmaster/yahboom_rosmaster) by extension 'ros'
[0.927s] DEBUG:colcon.colcon_core.package_identification:Package 'src/yahboom_rosmaster/yahboom_rosmaster' with type 'ros.ament_cmake' and name 'yahboom_rosmaster'
[0.927s] Level 1:colcon.colcon_core.package_identification:_identify(src/yahboom_rosmaster/yahboom_rosmaster_bringup) by extensions ['ignore', 'ignore_ament_install']
[0.927s] Level 1:colcon.colcon_core.package_identification:_identify(src/yahboom_rosmaster/yahboom_rosmaster_bringup) by extension 'ignore'
[0.928s] Level 1:colcon.colcon_core.package_identification:_identify(src/yahboom_rosmaster/yahboom_rosmaster_bringup) by extension 'ignore_ament_install'
[0.928s] Level 1:colcon.colcon_core.package_identification:_identify(src/yahboom_rosmaster/yahboom_rosmaster_bringup) by extensions ['colcon_pkg']
[0.928s] Level 1:colcon.colcon_core.package_identification:_identify(src/yahboom_rosmaster/yahboom_rosmaster_bringup) by extension 'colcon_pkg'
[0.929s] Level 1:colcon.colcon_core.package_identification:_identify(src/yahboom_rosmaster/yahboom_rosmaster_bringup) by extensions ['colcon_meta']
[0.929s] Level 1:colcon.colcon_core.package_identification:_identify(src/yahboom_rosmaster/yahboom_rosmaster_bringup) by extension 'colcon_meta'
[0.929s] Level 1:colcon.colcon_core.package_identification:_identify(src/yahboom_rosmaster/yahboom_rosmaster_bringup) by extensions ['ros']
[0.929s] Level 1:colcon.colcon_core.package_identification:_identify(src/yahboom_rosmaster/yahboom_rosmaster_bringup) by extension 'ros'
[0.932s] DEBUG:colcon.colcon_core.package_identification:Package 'src/yahboom_rosmaster/yahboom_rosmaster_bringup' with type 'ros.ament_cmake' and name 'yahboom_rosmaster_bringup'
[0.934s] Level 1:colcon.colcon_core.package_identification:_identify(src/yahboom_rosmaster/yahboom_rosmaster_description) by extensions ['ignore', 'ignore_ament_install']
[0.934s] Level 1:colcon.colcon_core.package_identification:_identify(src/yahboom_rosmaster/yahboom_rosmaster_description) by extension 'ignore'
[0.934s] Level 1:colcon.colcon_core.package_identification:_identify(src/yahboom_rosmaster/yahboom_rosmaster_description) by extension 'ignore_ament_install'
[0.935s] Level 1:colcon.colcon_core.package_identification:_identify(src/yahboom_rosmaster/yahboom_rosmaster_description) by extensions ['colcon_pkg']
[0.935s] Level 1:colcon.colcon_core.package_identification:_identify(src/yahboom_rosmaster/yahboom_rosmaster_description) by extension 'colcon_pkg'
[0.935s] Level 1:colcon.colcon_core.package_identification:_identify(src/yahboom_rosmaster/yahboom_rosmaster_description) by extensions ['colcon_meta']
[0.935s] Level 1:colcon.colcon_core.package_identification:_identify(src/yahboom_rosmaster/yahboom_rosmaster_description) by extension 'colcon_meta'
[0.935s] Level 1:colcon.colcon_core.package_identification:_identify(src/yahboom_rosmaster/yahboom_rosmaster_description) by extensions ['ros']
[0.935s] Level 1:colcon.colcon_core.package_identification:_identify(src/yahboom_rosmaster/yahboom_rosmaster_description) by extension 'ros'
[0.936s] DEBUG:colcon.colcon_core.package_identification:Package 'src/yahboom_rosmaster/yahboom_rosmaster_description' with type 'ros.ament_cmake' and name 'yahboom_rosmaster_description'
[0.936s] Level 1:colcon.colcon_core.package_identification:_identify(src/yahboom_rosmaster/yahboom_rosmaster_docking) by extensions ['ignore', 'ignore_ament_install']
[0.936s] Level 1:colcon.colcon_core.package_identification:_identify(src/yahboom_rosmaster/yahboom_rosmaster_docking) by extension 'ignore'
[0.936s] Level 1:colcon.colcon_core.package_identification:_identify(src/yahboom_rosmaster/yahboom_rosmaster_docking) by extension 'ignore_ament_install'
[0.936s] Level 1:colcon.colcon_core.package_identification:_identify(src/yahboom_rosmaster/yahboom_rosmaster_docking) by extensions ['colcon_pkg']
[0.936s] Level 1:colcon.colcon_core.package_identification:_identify(src/yahboom_rosmaster/yahboom_rosmaster_docking) by extension 'colcon_pkg'
[0.937s] Level 1:colcon.colcon_core.package_identification:_identify(src/yahboom_rosmaster/yahboom_rosmaster_docking) by extensions ['colcon_meta']
[0.937s] Level 1:colcon.colcon_core.package_identification:_identify(src/yahboom_rosmaster/yahboom_rosmaster_docking) by extension 'colcon_meta'
[0.937s] Level 1:colcon.colcon_core.package_identification:_identify(src/yahboom_rosmaster/yahboom_rosmaster_docking) by extensions ['ros']
[0.937s] Level 1:colcon.colcon_core.package_identification:_identify(src/yahboom_rosmaster/yahboom_rosmaster_docking) by extension 'ros'
[0.938s] DEBUG:colcon.colcon_core.package_identification:Package 'src/yahboom_rosmaster/yahboom_rosmaster_docking' with type 'ros.ament_cmake' and name 'yahboom_rosmaster_docking'
[0.938s] Level 1:colcon.colcon_core.package_identification:_identify(src/yahboom_rosmaster/yahboom_rosmaster_gazebo) by extensions ['ignore', 'ignore_ament_install']
[0.939s] Level 1:colcon.colcon_core.package_identification:_identify(src/yahboom_rosmaster/yahboom_rosmaster_gazebo) by extension 'ignore'
[0.939s] Level 1:colcon.colcon_core.package_identification:_identify(src/yahboom_rosmaster/yahboom_rosmaster_gazebo) by extension 'ignore_ament_install'
[0.939s] Level 1:colcon.colcon_core.package_identification:_identify(src/yahboom_rosmaster/yahboom_rosmaster_gazebo) by extensions ['colcon_pkg']
[0.939s] Level 1:colcon.colcon_core.package_identification:_identify(src/yahboom_rosmaster/yahboom_rosmaster_gazebo) by extension 'colcon_pkg'
[0.939s] Level 1:colcon.colcon_core.package_identification:_identify(src/yahboom_rosmaster/yahboom_rosmaster_gazebo) by extensions ['colcon_meta']
[0.939s] Level 1:colcon.colcon_core.package_identification:_identify(src/yahboom_rosmaster/yahboom_rosmaster_gazebo) by extension 'colcon_meta'
[0.939s] Level 1:colcon.colcon_core.package_identification:_identify(src/yahboom_rosmaster/yahboom_rosmaster_gazebo) by extensions ['ros']
[0.939s] Level 1:colcon.colcon_core.package_identification:_identify(src/yahboom_rosmaster/yahboom_rosmaster_gazebo) by extension 'ros'
[0.941s] DEBUG:colcon.colcon_core.package_identification:Package 'src/yahboom_rosmaster/yahboom_rosmaster_gazebo' with type 'ros.ament_cmake' and name 'yahboom_rosmaster_gazebo'
[0.941s] Level 1:colcon.colcon_core.package_identification:_identify(src/yahboom_rosmaster/yahboom_rosmaster_localization) by extensions ['ignore', 'ignore_ament_install']
[0.941s] Level 1:colcon.colcon_core.package_identification:_identify(src/yahboom_rosmaster/yahboom_rosmaster_localization) by extension 'ignore'
[0.941s] Level 1:colcon.colcon_core.package_identification:_identify(src/yahboom_rosmaster/yahboom_rosmaster_localization) by extension 'ignore_ament_install'
[0.941s] Level 1:colcon.colcon_core.package_identification:_identify(src/yahboom_rosmaster/yahboom_rosmaster_localization) by extensions ['colcon_pkg']
[0.941s] Level 1:colcon.colcon_core.package_identification:_identify(src/yahboom_rosmaster/yahboom_rosmaster_localization) by extension 'colcon_pkg'
[0.941s] Level 1:colcon.colcon_core.package_identification:_identify(src/yahboom_rosmaster/yahboom_rosmaster_localization) by extensions ['colcon_meta']
[0.941s] Level 1:colcon.colcon_core.package_identification:_identify(src/yahboom_rosmaster/yahboom_rosmaster_localization) by extension 'colcon_meta'
[0.941s] Level 1:colcon.colcon_core.package_identification:_identify(src/yahboom_rosmaster/yahboom_rosmaster_localization) by extensions ['ros']
[0.941s] Level 1:colcon.colcon_core.package_identification:_identify(src/yahboom_rosmaster/yahboom_rosmaster_localization) by extension 'ros'
[0.942s] DEBUG:colcon.colcon_core.package_identification:Package 'src/yahboom_rosmaster/yahboom_rosmaster_localization' with type 'ros.ament_cmake' and name 'yahboom_rosmaster_localization'
[0.943s] Level 1:colcon.colcon_core.package_identification:_identify(src/yahboom_rosmaster/yahboom_rosmaster_msgs) by extensions ['ignore', 'ignore_ament_install']
[0.943s] Level 1:colcon.colcon_core.package_identification:_identify(src/yahboom_rosmaster/yahboom_rosmaster_msgs) by extension 'ignore'
[0.943s] Level 1:colcon.colcon_core.package_identification:_identify(src/yahboom_rosmaster/yahboom_rosmaster_msgs) by extension 'ignore_ament_install'
[0.943s] Level 1:colcon.colcon_core.package_identification:_identify(src/yahboom_rosmaster/yahboom_rosmaster_msgs) by extensions ['colcon_pkg']
[0.943s] Level 1:colcon.colcon_core.package_identification:_identify(src/yahboom_rosmaster/yahboom_rosmaster_msgs) by extension 'colcon_pkg'
[0.943s] Level 1:colcon.colcon_core.package_identification:_identify(src/yahboom_rosmaster/yahboom_rosmaster_msgs) by extensions ['colcon_meta']
[0.943s] Level 1:colcon.colcon_core.package_identification:_identify(src/yahboom_rosmaster/yahboom_rosmaster_msgs) by extension 'colcon_meta'
[0.943s] Level 1:colcon.colcon_core.package_identification:_identify(src/yahboom_rosmaster/yahboom_rosmaster_msgs) by extensions ['ros']
[0.943s] Level 1:colcon.colcon_core.package_identification:_identify(src/yahboom_rosmaster/yahboom_rosmaster_msgs) by extension 'ros'
[0.945s] DEBUG:colcon.colcon_core.package_identification:Package 'src/yahboom_rosmaster/yahboom_rosmaster_msgs' with type 'ros.ament_cmake' and name 'yahboom_rosmaster_msgs'
[0.946s] Level 1:colcon.colcon_core.package_identification:_identify(src/yahboom_rosmaster/yahboom_rosmaster_navigation) by extensions ['ignore', 'ignore_ament_install']
[0.947s] Level 1:colcon.colcon_core.package_identification:_identify(src/yahboom_rosmaster/yahboom_rosmaster_navigation) by extension 'ignore'
[0.947s] Level 1:colcon.colcon_core.package_identification:_identify(src/yahboom_rosmaster/yahboom_rosmaster_navigation) by extension 'ignore_ament_install'
[0.947s] Level 1:colcon.colcon_core.package_identification:_identify(src/yahboom_rosmaster/yahboom_rosmaster_navigation) by extensions ['colcon_pkg']
[0.947s] Level 1:colcon.colcon_core.package_identification:_identify(src/yahboom_rosmaster/yahboom_rosmaster_navigation) by extension 'colcon_pkg'
[0.947s] Level 1:colcon.colcon_core.package_identification:_identify(src/yahboom_rosmaster/yahboom_rosmaster_navigation) by extensions ['colcon_meta']
[0.947s] Level 1:colcon.colcon_core.package_identification:_identify(src/yahboom_rosmaster/yahboom_rosmaster_navigation) by extension 'colcon_meta'
[0.947s] Level 1:colcon.colcon_core.package_identification:_identify(src/yahboom_rosmaster/yahboom_rosmaster_navigation) by extensions ['ros']
[0.947s] Level 1:colcon.colcon_core.package_identification:_identify(src/yahboom_rosmaster/yahboom_rosmaster_navigation) by extension 'ros'
[0.951s] DEBUG:colcon.colcon_core.package_identification:Package 'src/yahboom_rosmaster/yahboom_rosmaster_navigation' with type 'ros.ament_cmake' and name 'yahboom_rosmaster_navigation'
[0.952s] Level 1:colcon.colcon_core.package_identification:_identify(src/yahboom_rosmaster/yahboom_rosmaster_system_tests) by extensions ['ignore', 'ignore_ament_install']
[0.952s] Level 1:colcon.colcon_core.package_identification:_identify(src/yahboom_rosmaster/yahboom_rosmaster_system_tests) by extension 'ignore'
[0.952s] Level 1:colcon.colcon_core.package_identification:_identify(src/yahboom_rosmaster/yahboom_rosmaster_system_tests) by extension 'ignore_ament_install'
[0.952s] Level 1:colcon.colcon_core.package_identification:_identify(src/yahboom_rosmaster/yahboom_rosmaster_system_tests) by extensions ['colcon_pkg']
[0.952s] Level 1:colcon.colcon_core.package_identification:_identify(src/yahboom_rosmaster/yahboom_rosmaster_system_tests) by extension 'colcon_pkg'
[0.952s] Level 1:colcon.colcon_core.package_identification:_identify(src/yahboom_rosmaster/yahboom_rosmaster_system_tests) by extensions ['colcon_meta']
[0.952s] Level 1:colcon.colcon_core.package_identification:_identify(src/yahboom_rosmaster/yahboom_rosmaster_system_tests) by extension 'colcon_meta'
[0.952s] Level 1:colcon.colcon_core.package_identification:_identify(src/yahboom_rosmaster/yahboom_rosmaster_system_tests) by extensions ['ros']
[0.952s] Level 1:colcon.colcon_core.package_identification:_identify(src/yahboom_rosmaster/yahboom_rosmaster_system_tests) by extension 'ros'
[0.954s] DEBUG:colcon.colcon_core.package_identification:Package 'src/yahboom_rosmaster/yahboom_rosmaster_system_tests' with type 'ros.ament_cmake' and name 'yahboom_rosmaster_system_tests'
[0.954s] Level 1:colcon.colcon_core.package_discovery:discover_packages(recursive) using defaults
[0.954s] Level 1:colcon.colcon_core.package_discovery:discover_packages(ignore) discover
[0.954s] Level 1:colcon.colcon_core.package_discovery:discover_packages(ignore) using defaults
[0.954s] Level 1:colcon.colcon_core.package_discovery:discover_packages(path) discover
[0.954s] Level 1:colcon.colcon_core.package_discovery:discover_packages(path) using defaults
[1.007s] Level 1:colcon.colcon_core.package_discovery:discover_packages(prefix_path) check parameters
[1.007s] Level 1:colcon.colcon_core.package_discovery:discover_packages(prefix_path) discover
[1.009s] WARNING:colcon.colcon_core.prefix_path.colcon:The path '/home/ziad/ziad_ws/ROS2/tutorials_work_sapce/install' in the environment variable COLCON_PREFIX_PATH doesn't exist
[1.023s] WARNING:colcon.colcon_ros.prefix_path.ament:The path '/home/ziad/ziad_ws/ROS2/tutorials_work_sapce/install/urdf_tutorial_cpp' in the environment variable AMENT_PREFIX_PATH doesn't exist
[1.023s] WARNING:colcon.colcon_ros.prefix_path.ament:The path '/home/ziad/ziad_ws/ROS2/tutorials_work_sapce/install/learning_tf2_cpp' in the environment variable AMENT_PREFIX_PATH doesn't exist
[1.023s] WARNING:colcon.colcon_ros.prefix_path.ament:The path '/home/ziad/ziad_ws/ROS2/tutorials_work_sapce/install/simple_pub_sub' in the environment variable AMENT_PREFIX_PATH doesn't exist
[1.024s] WARNING:colcon.colcon_ros.prefix_path.ament:The path '/home/ziad/ziad_ws/ROS2/tutorials_work_sapce/install/ros2_service' in the environment variable AMENT_PREFIX_PATH doesn't exist
[1.024s] WARNING:colcon.colcon_ros.prefix_path.catkin:The path '/home/ziad/ziad_ws/ROS2/tutorials_work_sapce/install/urdf_tutorial_cpp' in the environment variable CMAKE_PREFIX_PATH doesn't exist
[1.024s] WARNING:colcon.colcon_ros.prefix_path.catkin:The path '/home/ziad/ziad_ws/ROS2/tutorials_work_sapce/install/learning_tf2_cpp' in the environment variable CMAKE_PREFIX_PATH doesn't exist
[1.024s] WARNING:colcon.colcon_ros.prefix_path.catkin:The path '/home/ziad/ziad_ws/ROS2/tutorials_work_sapce/install/simple_pub_sub' in the environment variable CMAKE_PREFIX_PATH doesn't exist
[1.024s] WARNING:colcon.colcon_ros.prefix_path.catkin:The path '/home/ziad/ziad_ws/ROS2/tutorials_work_sapce/install/ros2_service' in the environment variable CMAKE_PREFIX_PATH doesn't exist
[1.049s] DEBUG:colcon.colcon_installed_package_information.package_discovery:Found 18 installed packages in /home/ziad/ziad_ws/ROS2/turtlebot3_ws/install
[1.056s] DEBUG:colcon.colcon_installed_package_information.package_discovery:Found 490 installed packages in /opt/ros/jazzy
[1.058s] Level 1:colcon.colcon_core.package_discovery:discover_packages(prefix_path) using defaults
[1.453s] WARNING:colcon.colcon_core.package_selection:Some selected packages are already built in one or more underlay workspaces:
	'mecanum_drive_controller' is in: /opt/ros/jazzy
If a package in a merged underlay workspace is overridden and it installs headers, then all packages in the overlay must sort their include directories by workspace order. Failure to do so may result in build failures or undefined behavior at run time.
If the overridden package is used by another package in any underlay, then the overriding package in the overlay must be API and ABI compatible or undefined behavior at run time may occur.

If you understand the risks and want to override a package anyways, add the following to the command line:
	--allow-overriding mecanum_drive_controller

This may be promoted to an error in a future release of colcon-override-check.
[1.457s] Level 5:colcon.colcon_core.verb:set package 'apriltag_ros' build argument 'cmake_args' from command line to 'None'
[1.457s] Level 5:colcon.colcon_core.verb:set package 'apriltag_ros' build argument 'cmake_target' from command line to 'None'
[1.458s] Level 5:colcon.colcon_core.verb:set package 'apriltag_ros' build argument 'cmake_target_skip_unavailable' from command line to 'False'
[1.464s] Level 5:colcon.colcon_core.verb:set package 'apriltag_ros' build argument 'cmake_clean_cache' from command line to 'False'
[1.464s] Level 5:colcon.colcon_core.verb:set package 'apriltag_ros' build argument 'cmake_clean_first' from command line to 'False'
[1.464s] Level 5:colcon.colcon_core.verb:set package 'apriltag_ros' build argument 'cmake_force_configure' from command line to 'False'
[1.464s] Level 5:colcon.colcon_core.verb:set package 'apriltag_ros' build argument 'ament_cmake_args' from command line to 'None'
[1.464s] Level 5:colcon.colcon_core.verb:set package 'apriltag_ros' build argument 'catkin_cmake_args' from command line to 'None'
[1.464s] Level 5:colcon.colcon_core.verb:set package 'apriltag_ros' build argument 'catkin_skip_building_tests' from command line to 'False'
[1.464s] DEBUG:colcon.colcon_core.verb:Building package 'apriltag_ros' with the following arguments: {'ament_cmake_args': None, 'build_base': '/home/ziad/ziad_ws/ROS2/work_space/build/apriltag_ros', 'catkin_cmake_args': None, 'catkin_skip_building_tests': False, 'cmake_args': None, 'cmake_clean_cache': False, 'cmake_clean_first': False, 'cmake_force_configure': False, 'cmake_target': None, 'cmake_target_skip_unavailable': False, 'install_base': '/home/ziad/ziad_ws/ROS2/work_space/install/apriltag_ros', 'merge_install': False, 'path': '/home/ziad/ziad_ws/ROS2/work_space/src/yahboom_rosmaster/apriltag_ros', 'symlink_install': False, 'test_result_base': None}
[1.466s] Level 5:colcon.colcon_core.verb:set package 'custom_action_interfaces' build argument 'cmake_args' from command line to 'None'
[1.467s] Level 5:colcon.colcon_core.verb:set package 'custom_action_interfaces' build argument 'cmake_target' from command line to 'None'
[1.467s] Level 5:colcon.colcon_core.verb:set package 'custom_action_interfaces' build argument 'cmake_target_skip_unavailable' from command line to 'False'
[1.467s] Level 5:colcon.colcon_core.verb:set package 'custom_action_interfaces' build argument 'cmake_clean_cache' from command line to 'False'
[1.467s] Level 5:colcon.colcon_core.verb:set package 'custom_action_interfaces' build argument 'cmake_clean_first' from command line to 'False'
[1.467s] Level 5:colcon.colcon_core.verb:set package 'custom_action_interfaces' build argument 'cmake_force_configure' from command line to 'False'
[1.467s] Level 5:colcon.colcon_core.verb:set package 'custom_action_interfaces' build argument 'ament_cmake_args' from command line to 'None'
[1.467s] Level 5:colcon.colcon_core.verb:set package 'custom_action_interfaces' build argument 'catkin_cmake_args' from command line to 'None'
[1.467s] Level 5:colcon.colcon_core.verb:set package 'custom_action_interfaces' build argument 'catkin_skip_building_tests' from command line to 'False'
[1.467s] DEBUG:colcon.colcon_core.verb:Building package 'custom_action_interfaces' with the following arguments: {'ament_cmake_args': None, 'build_base': '/home/ziad/ziad_ws/ROS2/work_space/build/custom_action_interfaces', 'catkin_cmake_args': None, 'catkin_skip_building_tests': False, 'cmake_args': None, 'cmake_clean_cache': False, 'cmake_clean_first': False, 'cmake_force_configure': False, 'cmake_target': None, 'cmake_target_skip_unavailable': False, 'install_base': '/home/ziad/ziad_ws/ROS2/work_space/install/custom_action_interfaces', 'merge_install': False, 'path': '/home/ziad/ziad_ws/ROS2/work_space/src/custom_action_interfaces', 'symlink_install': False, 'test_result_base': None}
[1.468s] Level 5:colcon.colcon_core.verb:set package 'mecanum_drive_controller' build argument 'cmake_args' from command line to 'None'
[1.468s] Level 5:colcon.colcon_core.verb:set package 'mecanum_drive_controller' build argument 'cmake_target' from command line to 'None'
[1.469s] Level 5:colcon.colcon_core.verb:set package 'mecanum_drive_controller' build argument 'cmake_target_skip_unavailable' from command line to 'False'
[1.469s] Level 5:colcon.colcon_core.verb:set package 'mecanum_drive_controller' build argument 'cmake_clean_cache' from command line to 'False'
[1.469s] Level 5:colcon.colcon_core.verb:set package 'mecanum_drive_controller' build argument 'cmake_clean_first' from command line to 'False'
[1.469s] Level 5:colcon.colcon_core.verb:set package 'mecanum_drive_controller' build argument 'cmake_force_configure' from command line to 'False'
[1.469s] Level 5:colcon.colcon_core.verb:set package 'mecanum_drive_controller' build argument 'ament_cmake_args' from command line to 'None'
[1.469s] Level 5:colcon.colcon_core.verb:set package 'mecanum_drive_controller' build argument 'catkin_cmake_args' from command line to 'None'
[1.470s] Level 5:colcon.colcon_core.verb:set package 'mecanum_drive_controller' build argument 'catkin_skip_building_tests' from command line to 'False'
[1.470s] DEBUG:colcon.colcon_core.verb:Building package 'mecanum_drive_controller' with the following arguments: {'ament_cmake_args': None, 'build_base': '/home/ziad/ziad_ws/ROS2/work_space/build/mecanum_drive_controller', 'catkin_cmake_args': None, 'catkin_skip_building_tests': False, 'cmake_args': None, 'cmake_clean_cache': False, 'cmake_clean_first': False, 'cmake_force_configure': False, 'cmake_target': None, 'cmake_target_skip_unavailable': False, 'install_base': '/home/ziad/ziad_ws/ROS2/work_space/install/mecanum_drive_controller', 'merge_install': False, 'path': '/home/ziad/ziad_ws/ROS2/work_space/src/yahboom_rosmaster/mecanum_drive_controller', 'symlink_install': False, 'test_result_base': None}
[1.475s] Level 5:colcon.colcon_core.verb:set package 'ros2_control_turtel_bot' build argument 'cmake_args' from command line to 'None'
[1.476s] Level 5:colcon.colcon_core.verb:set package 'ros2_control_turtel_bot' build argument 'cmake_target' from command line to 'None'
[1.476s] Level 5:colcon.colcon_core.verb:set package 'ros2_control_turtel_bot' build argument 'cmake_target_skip_unavailable' from command line to 'False'
[1.476s] Level 5:colcon.colcon_core.verb:set package 'ros2_control_turtel_bot' build argument 'cmake_clean_cache' from command line to 'False'
[1.476s] Level 5:colcon.colcon_core.verb:set package 'ros2_control_turtel_bot' build argument 'cmake_clean_first' from command line to 'False'
[1.476s] Level 5:colcon.colcon_core.verb:set package 'ros2_control_turtel_bot' build argument 'cmake_force_configure' from command line to 'False'
[1.476s] Level 5:colcon.colcon_core.verb:set package 'ros2_control_turtel_bot' build argument 'ament_cmake_args' from command line to 'None'
[1.476s] Level 5:colcon.colcon_core.verb:set package 'ros2_control_turtel_bot' build argument 'catkin_cmake_args' from command line to 'None'
[1.476s] Level 5:colcon.colcon_core.verb:set package 'ros2_control_turtel_bot' build argument 'catkin_skip_building_tests' from command line to 'False'
[1.476s] DEBUG:colcon.colcon_core.verb:Building package 'ros2_control_turtel_bot' with the following arguments: {'ament_cmake_args': None, 'build_base': '/home/ziad/ziad_ws/ROS2/work_space/build/ros2_control_turtel_bot', 'catkin_cmake_args': None, 'catkin_skip_building_tests': False, 'cmake_args': None, 'cmake_clean_cache': False, 'cmake_clean_first': False, 'cmake_force_configure': False, 'cmake_target': None, 'cmake_target_skip_unavailable': False, 'install_base': '/home/ziad/ziad_ws/ROS2/work_space/install/ros2_control_turtel_bot', 'merge_install': False, 'path': '/home/ziad/ziad_ws/ROS2/work_space/src/ros2_control_turtel_bot', 'symlink_install': False, 'test_result_base': None}
[1.477s] Level 5:colcon.colcon_core.verb:set package 'yahboom_rosmaster_bringup' build argument 'cmake_args' from command line to 'None'
[1.477s] Level 5:colcon.colcon_core.verb:set package 'yahboom_rosmaster_bringup' build argument 'cmake_target' from command line to 'None'
[1.477s] Level 5:colcon.colcon_core.verb:set package 'yahboom_rosmaster_bringup' build argument 'cmake_target_skip_unavailable' from command line to 'False'
[1.477s] Level 5:colcon.colcon_core.verb:set package 'yahboom_rosmaster_bringup' build argument 'cmake_clean_cache' from command line to 'False'
[1.477s] Level 5:colcon.colcon_core.verb:set package 'yahboom_rosmaster_bringup' build argument 'cmake_clean_first' from command line to 'False'
[1.477s] Level 5:colcon.colcon_core.verb:set package 'yahboom_rosmaster_bringup' build argument 'cmake_force_configure' from command line to 'False'
[1.477s] Level 5:colcon.colcon_core.verb:set package 'yahboom_rosmaster_bringup' build argument 'ament_cmake_args' from command line to 'None'
[1.477s] Level 5:colcon.colcon_core.verb:set package 'yahboom_rosmaster_bringup' build argument 'catkin_cmake_args' from command line to 'None'
[1.477s] Level 5:colcon.colcon_core.verb:set package 'yahboom_rosmaster_bringup' build argument 'catkin_skip_building_tests' from command line to 'False'
[1.477s] DEBUG:colcon.colcon_core.verb:Building package 'yahboom_rosmaster_bringup' with the following arguments: {'ament_cmake_args': None, 'build_base': '/home/ziad/ziad_ws/ROS2/work_space/build/yahboom_rosmaster_bringup', 'catkin_cmake_args': None, 'catkin_skip_building_tests': False, 'cmake_args': None, 'cmake_clean_cache': False, 'cmake_clean_first': False, 'cmake_force_configure': False, 'cmake_target': None, 'cmake_target_skip_unavailable': False, 'install_base': '/home/ziad/ziad_ws/ROS2/work_space/install/yahboom_rosmaster_bringup', 'merge_install': False, 'path': '/home/ziad/ziad_ws/ROS2/work_space/src/yahboom_rosmaster/yahboom_rosmaster_bringup', 'symlink_install': False, 'test_result_base': None}
[1.479s] Level 5:colcon.colcon_core.verb:set package 'yahboom_rosmaster_description' build argument 'cmake_args' from command line to 'None'
[1.480s] Level 5:colcon.colcon_core.verb:set package 'yahboom_rosmaster_description' build argument 'cmake_target' from command line to 'None'
[1.480s] Level 5:colcon.colcon_core.verb:set package 'yahboom_rosmaster_description' build argument 'cmake_target_skip_unavailable' from command line to 'False'
[1.480s] Level 5:colcon.colcon_core.verb:set package 'yahboom_rosmaster_description' build argument 'cmake_clean_cache' from command line to 'False'
[1.480s] Level 5:colcon.colcon_core.verb:set package 'yahboom_rosmaster_description' build argument 'cmake_clean_first' from command line to 'False'
[1.481s] Level 5:colcon.colcon_core.verb:set package 'yahboom_rosmaster_description' build argument 'cmake_force_configure' from command line to 'False'
[1.481s] Level 5:colcon.colcon_core.verb:set package 'yahboom_rosmaster_description' build argument 'ament_cmake_args' from command line to 'None'
[1.481s] Level 5:colcon.colcon_core.verb:set package 'yahboom_rosmaster_description' build argument 'catkin_cmake_args' from command line to 'None'
[1.481s] Level 5:colcon.colcon_core.verb:set package 'yahboom_rosmaster_description' build argument 'catkin_skip_building_tests' from command line to 'False'
[1.481s] DEBUG:colcon.colcon_core.verb:Building package 'yahboom_rosmaster_description' with the following arguments: {'ament_cmake_args': None, 'build_base': '/home/ziad/ziad_ws/ROS2/work_space/build/yahboom_rosmaster_description', 'catkin_cmake_args': None, 'catkin_skip_building_tests': False, 'cmake_args': None, 'cmake_clean_cache': False, 'cmake_clean_first': False, 'cmake_force_configure': False, 'cmake_target': None, 'cmake_target_skip_unavailable': False, 'install_base': '/home/ziad/ziad_ws/ROS2/work_space/install/yahboom_rosmaster_description', 'merge_install': False, 'path': '/home/ziad/ziad_ws/ROS2/work_space/src/yahboom_rosmaster/yahboom_rosmaster_description', 'symlink_install': False, 'test_result_base': None}
[1.483s] Level 5:colcon.colcon_core.verb:set package 'yahboom_rosmaster_gazebo' build argument 'cmake_args' from command line to 'None'
[1.483s] Level 5:colcon.colcon_core.verb:set package 'yahboom_rosmaster_gazebo' build argument 'cmake_target' from command line to 'None'
[1.483s] Level 5:colcon.colcon_core.verb:set package 'yahboom_rosmaster_gazebo' build argument 'cmake_target_skip_unavailable' from command line to 'False'
[1.483s] Level 5:colcon.colcon_core.verb:set package 'yahboom_rosmaster_gazebo' build argument 'cmake_clean_cache' from command line to 'False'
[1.483s] Level 5:colcon.colcon_core.verb:set package 'yahboom_rosmaster_gazebo' build argument 'cmake_clean_first' from command line to 'False'
[1.483s] Level 5:colcon.colcon_core.verb:set package 'yahboom_rosmaster_gazebo' build argument 'cmake_force_configure' from command line to 'False'
[1.483s] Level 5:colcon.colcon_core.verb:set package 'yahboom_rosmaster_gazebo' build argument 'ament_cmake_args' from command line to 'None'
[1.483s] Level 5:colcon.colcon_core.verb:set package 'yahboom_rosmaster_gazebo' build argument 'catkin_cmake_args' from command line to 'None'
[1.483s] Level 5:colcon.colcon_core.verb:set package 'yahboom_rosmaster_gazebo' build argument 'catkin_skip_building_tests' from command line to 'False'
[1.483s] DEBUG:colcon.colcon_core.verb:Building package 'yahboom_rosmaster_gazebo' with the following arguments: {'ament_cmake_args': None, 'build_base': '/home/ziad/ziad_ws/ROS2/work_space/build/yahboom_rosmaster_gazebo', 'catkin_cmake_args': None, 'catkin_skip_building_tests': False, 'cmake_args': None, 'cmake_clean_cache': False, 'cmake_clean_first': False, 'cmake_force_configure': False, 'cmake_target': None, 'cmake_target_skip_unavailable': False, 'install_base': '/home/ziad/ziad_ws/ROS2/work_space/install/yahboom_rosmaster_gazebo', 'merge_install': False, 'path': '/home/ziad/ziad_ws/ROS2/work_space/src/yahboom_rosmaster/yahboom_rosmaster_gazebo', 'symlink_install': False, 'test_result_base': None}
[1.484s] Level 5:colcon.colcon_core.verb:set package 'yahboom_rosmaster_localization' build argument 'cmake_args' from command line to 'None'
[1.486s] Level 5:colcon.colcon_core.verb:set package 'yahboom_rosmaster_localization' build argument 'cmake_target' from command line to 'None'
[1.486s] Level 5:colcon.colcon_core.verb:set package 'yahboom_rosmaster_localization' build argument 'cmake_target_skip_unavailable' from command line to 'False'
[1.486s] Level 5:colcon.colcon_core.verb:set package 'yahboom_rosmaster_localization' build argument 'cmake_clean_cache' from command line to 'False'
[1.486s] Level 5:colcon.colcon_core.verb:set package 'yahboom_rosmaster_localization' build argument 'cmake_clean_first' from command line to 'False'
[1.486s] Level 5:colcon.colcon_core.verb:set package 'yahboom_rosmaster_localization' build argument 'cmake_force_configure' from command line to 'False'
[1.486s] Level 5:colcon.colcon_core.verb:set package 'yahboom_rosmaster_localization' build argument 'ament_cmake_args' from command line to 'None'
[1.486s] Level 5:colcon.colcon_core.verb:set package 'yahboom_rosmaster_localization' build argument 'catkin_cmake_args' from command line to 'None'
[1.487s] Level 5:colcon.colcon_core.verb:set package 'yahboom_rosmaster_localization' build argument 'catkin_skip_building_tests' from command line to 'False'
[1.487s] DEBUG:colcon.colcon_core.verb:Building package 'yahboom_rosmaster_localization' with the following arguments: {'ament_cmake_args': None, 'build_base': '/home/ziad/ziad_ws/ROS2/work_space/build/yahboom_rosmaster_localization', 'catkin_cmake_args': None, 'catkin_skip_building_tests': False, 'cmake_args': None, 'cmake_clean_cache': False, 'cmake_clean_first': False, 'cmake_force_configure': False, 'cmake_target': None, 'cmake_target_skip_unavailable': False, 'install_base': '/home/ziad/ziad_ws/ROS2/work_space/install/yahboom_rosmaster_localization', 'merge_install': False, 'path': '/home/ziad/ziad_ws/ROS2/work_space/src/yahboom_rosmaster/yahboom_rosmaster_localization', 'symlink_install': False, 'test_result_base': None}
[1.488s] Level 5:colcon.colcon_core.verb:set package 'yahboom_rosmaster_msgs' build argument 'cmake_args' from command line to 'None'
[1.488s] Level 5:colcon.colcon_core.verb:set package 'yahboom_rosmaster_msgs' build argument 'cmake_target' from command line to 'None'
[1.488s] Level 5:colcon.colcon_core.verb:set package 'yahboom_rosmaster_msgs' build argument 'cmake_target_skip_unavailable' from command line to 'False'
[1.488s] Level 5:colcon.colcon_core.verb:set package 'yahboom_rosmaster_msgs' build argument 'cmake_clean_cache' from command line to 'False'
[1.488s] Level 5:colcon.colcon_core.verb:set package 'yahboom_rosmaster_msgs' build argument 'cmake_clean_first' from command line to 'False'
[1.488s] Level 5:colcon.colcon_core.verb:set package 'yahboom_rosmaster_msgs' build argument 'cmake_force_configure' from command line to 'False'
[1.488s] Level 5:colcon.colcon_core.verb:set package 'yahboom_rosmaster_msgs' build argument 'ament_cmake_args' from command line to 'None'
[1.488s] Level 5:colcon.colcon_core.verb:set package 'yahboom_rosmaster_msgs' build argument 'catkin_cmake_args' from command line to 'None'
[1.489s] Level 5:colcon.colcon_core.verb:set package 'yahboom_rosmaster_msgs' build argument 'catkin_skip_building_tests' from command line to 'False'
[1.489s] DEBUG:colcon.colcon_core.verb:Building package 'yahboom_rosmaster_msgs' with the following arguments: {'ament_cmake_args': None, 'build_base': '/home/ziad/ziad_ws/ROS2/work_space/build/yahboom_rosmaster_msgs', 'catkin_cmake_args': None, 'catkin_skip_building_tests': False, 'cmake_args': None, 'cmake_clean_cache': False, 'cmake_clean_first': False, 'cmake_force_configure': False, 'cmake_target': None, 'cmake_target_skip_unavailable': False, 'install_base': '/home/ziad/ziad_ws/ROS2/work_space/install/yahboom_rosmaster_msgs', 'merge_install': False, 'path': '/home/ziad/ziad_ws/ROS2/work_space/src/yahboom_rosmaster/yahboom_rosmaster_msgs', 'symlink_install': False, 'test_result_base': None}
[1.489s] Level 5:colcon.colcon_core.verb:set package 'yahboom_rosmaster_navigation' build argument 'cmake_args' from command line to 'None'
[1.489s] Level 5:colcon.colcon_core.verb:set package 'yahboom_rosmaster_navigation' build argument 'cmake_target' from command line to 'None'
[1.489s] Level 5:colcon.colcon_core.verb:set package 'yahboom_rosmaster_navigation' build argument 'cmake_target_skip_unavailable' from command line to 'False'
[1.489s] Level 5:colcon.colcon_core.verb:set package 'yahboom_rosmaster_navigation' build argument 'cmake_clean_cache' from command line to 'False'
[1.489s] Level 5:colcon.colcon_core.verb:set package 'yahboom_rosmaster_navigation' build argument 'cmake_clean_first' from command line to 'False'
[1.490s] Level 5:colcon.colcon_core.verb:set package 'yahboom_rosmaster_navigation' build argument 'cmake_force_configure' from command line to 'False'
[1.490s] Level 5:colcon.colcon_core.verb:set package 'yahboom_rosmaster_navigation' build argument 'ament_cmake_args' from command line to 'None'
[1.490s] Level 5:colcon.colcon_core.verb:set package 'yahboom_rosmaster_navigation' build argument 'catkin_cmake_args' from command line to 'None'
[1.490s] Level 5:colcon.colcon_core.verb:set package 'yahboom_rosmaster_navigation' build argument 'catkin_skip_building_tests' from command line to 'False'
[1.490s] DEBUG:colcon.colcon_core.verb:Building package 'yahboom_rosmaster_navigation' with the following arguments: {'ament_cmake_args': None, 'build_base': '/home/ziad/ziad_ws/ROS2/work_space/build/yahboom_rosmaster_navigation', 'catkin_cmake_args': None, 'catkin_skip_building_tests': False, 'cmake_args': None, 'cmake_clean_cache': False, 'cmake_clean_first': False, 'cmake_force_configure': False, 'cmake_target': None, 'cmake_target_skip_unavailable': False, 'install_base': '/home/ziad/ziad_ws/ROS2/work_space/install/yahboom_rosmaster_navigation', 'merge_install': False, 'path': '/home/ziad/ziad_ws/ROS2/work_space/src/yahboom_rosmaster/yahboom_rosmaster_navigation', 'symlink_install': False, 'test_result_base': None}
[1.490s] Level 5:colcon.colcon_core.verb:set package 'yahboom_rosmaster_docking' build argument 'cmake_args' from command line to 'None'
[1.490s] Level 5:colcon.colcon_core.verb:set package 'yahboom_rosmaster_docking' build argument 'cmake_target' from command line to 'None'
[1.490s] Level 5:colcon.colcon_core.verb:set package 'yahboom_rosmaster_docking' build argument 'cmake_target_skip_unavailable' from command line to 'False'
[1.490s] Level 5:colcon.colcon_core.verb:set package 'yahboom_rosmaster_docking' build argument 'cmake_clean_cache' from command line to 'False'
[1.491s] Level 5:colcon.colcon_core.verb:set package 'yahboom_rosmaster_docking' build argument 'cmake_clean_first' from command line to 'False'
[1.491s] Level 5:colcon.colcon_core.verb:set package 'yahboom_rosmaster_docking' build argument 'cmake_force_configure' from command line to 'False'
[1.491s] Level 5:colcon.colcon_core.verb:set package 'yahboom_rosmaster_docking' build argument 'ament_cmake_args' from command line to 'None'
[1.491s] Level 5:colcon.colcon_core.verb:set package 'yahboom_rosmaster_docking' build argument 'catkin_cmake_args' from command line to 'None'
[1.491s] Level 5:colcon.colcon_core.verb:set package 'yahboom_rosmaster_docking' build argument 'catkin_skip_building_tests' from command line to 'False'
[1.491s] DEBUG:colcon.colcon_core.verb:Building package 'yahboom_rosmaster_docking' with the following arguments: {'ament_cmake_args': None, 'build_base': '/home/ziad/ziad_ws/ROS2/work_space/build/yahboom_rosmaster_docking', 'catkin_cmake_args': None, 'catkin_skip_building_tests': False, 'cmake_args': None, 'cmake_clean_cache': False, 'cmake_clean_first': False, 'cmake_force_configure': False, 'cmake_target': None, 'cmake_target_skip_unavailable': False, 'install_base': '/home/ziad/ziad_ws/ROS2/work_space/install/yahboom_rosmaster_docking', 'merge_install': False, 'path': '/home/ziad/ziad_ws/ROS2/work_space/src/yahboom_rosmaster/yahboom_rosmaster_docking', 'symlink_install': False, 'test_result_base': None}
[1.491s] Level 5:colcon.colcon_core.verb:set package 'yahboom_rosmaster_system_tests' build argument 'cmake_args' from command line to 'None'
[1.491s] Level 5:colcon.colcon_core.verb:set package 'yahboom_rosmaster_system_tests' build argument 'cmake_target' from command line to 'None'
[1.491s] Level 5:colcon.colcon_core.verb:set package 'yahboom_rosmaster_system_tests' build argument 'cmake_target_skip_unavailable' from command line to 'False'
[1.491s] Level 5:colcon.colcon_core.verb:set package 'yahboom_rosmaster_system_tests' build argument 'cmake_clean_cache' from command line to 'False'
[1.491s] Level 5:colcon.colcon_core.verb:set package 'yahboom_rosmaster_system_tests' build argument 'cmake_clean_first' from command line to 'False'
[1.491s] Level 5:colcon.colcon_core.verb:set package 'yahboom_rosmaster_system_tests' build argument 'cmake_force_configure' from command line to 'False'
[1.491s] Level 5:colcon.colcon_core.verb:set package 'yahboom_rosmaster_system_tests' build argument 'ament_cmake_args' from command line to 'None'
[1.491s] Level 5:colcon.colcon_core.verb:set package 'yahboom_rosmaster_system_tests' build argument 'catkin_cmake_args' from command line to 'None'
[1.491s] Level 5:colcon.colcon_core.verb:set package 'yahboom_rosmaster_system_tests' build argument 'catkin_skip_building_tests' from command line to 'False'
[1.491s] DEBUG:colcon.colcon_core.verb:Building package 'yahboom_rosmaster_system_tests' with the following arguments: {'ament_cmake_args': None, 'build_base': '/home/ziad/ziad_ws/ROS2/work_space/build/yahboom_rosmaster_system_tests', 'catkin_cmake_args': None, 'catkin_skip_building_tests': False, 'cmake_args': None, 'cmake_clean_cache': False, 'cmake_clean_first': False, 'cmake_force_configure': False, 'cmake_target': None, 'cmake_target_skip_unavailable': False, 'install_base': '/home/ziad/ziad_ws/ROS2/work_space/install/yahboom_rosmaster_system_tests', 'merge_install': False, 'path': '/home/ziad/ziad_ws/ROS2/work_space/src/yahboom_rosmaster/yahboom_rosmaster_system_tests', 'symlink_install': False, 'test_result_base': None}
[1.492s] Level 5:colcon.colcon_core.verb:set package 'yahboom_rosmaster' build argument 'cmake_args' from command line to 'None'
[1.492s] Level 5:colcon.colcon_core.verb:set package 'yahboom_rosmaster' build argument 'cmake_target' from command line to 'None'
[1.492s] Level 5:colcon.colcon_core.verb:set package 'yahboom_rosmaster' build argument 'cmake_target_skip_unavailable' from command line to 'False'
[1.492s] Level 5:colcon.colcon_core.verb:set package 'yahboom_rosmaster' build argument 'cmake_clean_cache' from command line to 'False'
[1.492s] Level 5:colcon.colcon_core.verb:set package 'yahboom_rosmaster' build argument 'cmake_clean_first' from command line to 'False'
[1.492s] Level 5:colcon.colcon_core.verb:set package 'yahboom_rosmaster' build argument 'cmake_force_configure' from command line to 'False'
[1.492s] Level 5:colcon.colcon_core.verb:set package 'yahboom_rosmaster' build argument 'ament_cmake_args' from command line to 'None'
[1.492s] Level 5:colcon.colcon_core.verb:set package 'yahboom_rosmaster' build argument 'catkin_cmake_args' from command line to 'None'
[1.492s] Level 5:colcon.colcon_core.verb:set package 'yahboom_rosmaster' build argument 'catkin_skip_building_tests' from command line to 'False'
[1.492s] DEBUG:colcon.colcon_core.verb:Building package 'yahboom_rosmaster' with the following arguments: {'ament_cmake_args': None, 'build_base': '/home/ziad/ziad_ws/ROS2/work_space/build/yahboom_rosmaster', 'catkin_cmake_args': None, 'catkin_skip_building_tests': False, 'cmake_args': None, 'cmake_clean_cache': False, 'cmake_clean_first': False, 'cmake_force_configure': False, 'cmake_target': None, 'cmake_target_skip_unavailable': False, 'install_base': '/home/ziad/ziad_ws/ROS2/work_space/install/yahboom_rosmaster', 'merge_install': False, 'path': '/home/ziad/ziad_ws/ROS2/work_space/src/yahboom_rosmaster/yahboom_rosmaster', 'symlink_install': False, 'test_result_base': None}
[1.493s] INFO:colcon.colcon_core.executor:Executing jobs using 'parallel' executor
[1.494s] DEBUG:colcon.colcon_parallel_executor.executor.parallel:run_until_complete
[1.494s] INFO:colcon.colcon_ros.task.ament_cmake.build:Building ROS package in '/home/ziad/ziad_ws/ROS2/work_space/src/yahboom_rosmaster/apriltag_ros' with build type 'ament_cmake'
[1.494s] INFO:colcon.colcon_cmake.task.cmake.build:Building CMake package in '/home/ziad/ziad_ws/ROS2/work_space/src/yahboom_rosmaster/apriltag_ros'
[1.505s] INFO:colcon.colcon_core.plugin_system:Skipping extension 'colcon_core.shell.bat': Not used on non-Windows systems
[1.505s] INFO:colcon.colcon_core.shell:Skip shell extension 'powershell' for command environment: Not usable outside of PowerShell
[1.505s] DEBUG:colcon.colcon_core.shell:Skip shell extension 'dsv' for command environment
[1.528s] INFO:colcon.colcon_ros.task.ament_cmake.build:Building ROS package in '/home/ziad/ziad_ws/ROS2/work_space/src/yahboom_rosmaster/yahboom_rosmaster_msgs' with build type 'ament_cmake'
[1.534s] INFO:colcon.colcon_cmake.task.cmake.build:Building CMake package in '/home/ziad/ziad_ws/ROS2/work_space/src/yahboom_rosmaster/yahboom_rosmaster_msgs'
[1.536s] INFO:colcon.colcon_core.shell:Skip shell extension 'powershell' for command environment: Not usable outside of PowerShell
[1.536s] DEBUG:colcon.colcon_core.shell:Skip shell extension 'dsv' for command environment
[1.560s] INFO:colcon.colcon_ros.task.ament_cmake.build:Building ROS package in '/home/ziad/ziad_ws/ROS2/work_space/src/yahboom_rosmaster/yahboom_rosmaster_bringup' with build type 'ament_cmake'
[1.560s] INFO:colcon.colcon_cmake.task.cmake.build:Building CMake package in '/home/ziad/ziad_ws/ROS2/work_space/src/yahboom_rosmaster/yahboom_rosmaster_bringup'
[1.561s] INFO:colcon.colcon_core.shell:Skip shell extension 'powershell' for command environment: Not usable outside of PowerShell
[1.561s] DEBUG:colcon.colcon_core.shell:Skip shell extension 'dsv' for command environment
[1.599s] INFO:colcon.colcon_ros.task.ament_cmake.build:Building ROS package in '/home/ziad/ziad_ws/ROS2/work_space/src/yahboom_rosmaster/yahboom_rosmaster_description' with build type 'ament_cmake'
[1.599s] INFO:colcon.colcon_cmake.task.cmake.build:Building CMake package in '/home/ziad/ziad_ws/ROS2/work_space/src/yahboom_rosmaster/yahboom_rosmaster_description'
[1.600s] INFO:colcon.colcon_core.shell:Skip shell extension 'powershell' for command environment: Not usable outside of PowerShell
[1.600s] DEBUG:colcon.colcon_core.shell:Skip shell extension 'dsv' for command environment
[1.670s] DEBUG:colcon.colcon_core.event_handler.log_command:Invoking command in '/home/ziad/ziad_ws/ROS2/work_space/build/apriltag_ros': CMAKE_PREFIX_PATH=${CMAKE_PREFIX_PATH}:/home/ziad/ziad_ws/ROS2/turtlebot3_ws/install/turtlebot3_teleop:/home/ziad/ziad_ws/ROS2/turtlebot3_ws/install/turtlebot3_example:/opt/ros/jazzy DEBUGINFOD_URLS=https://debuginfod.ubuntu.com /usr/bin/cmake /home/ziad/ziad_ws/ROS2/work_space/src/yahboom_rosmaster/apriltag_ros -DCMAKE_INSTALL_PREFIX=/home/ziad/ziad_ws/ROS2/work_space/install/apriltag_ros
[1.713s] DEBUG:colcon.colcon_core.event_handler.log_command:Invoking command in '/home/ziad/ziad_ws/ROS2/work_space/build/yahboom_rosmaster_msgs': CMAKE_PREFIX_PATH=${CMAKE_PREFIX_PATH}:/home/ziad/ziad_ws/ROS2/turtlebot3_ws/install/turtlebot3_teleop:/home/ziad/ziad_ws/ROS2/turtlebot3_ws/install/turtlebot3_example:/opt/ros/jazzy DEBUGINFOD_URLS=https://debuginfod.ubuntu.com /usr/bin/cmake /home/ziad/ziad_ws/ROS2/work_space/src/yahboom_rosmaster/yahboom_rosmaster_msgs -DCMAKE_INSTALL_PREFIX=/home/ziad/ziad_ws/ROS2/work_space/install/yahboom_rosmaster_msgs
[1.746s] DEBUG:colcon.colcon_core.event_handler.log_command:Invoking command in '/home/ziad/ziad_ws/ROS2/work_space/build/yahboom_rosmaster_bringup': CMAKE_PREFIX_PATH=${CMAKE_PREFIX_PATH}:/home/ziad/ziad_ws/ROS2/turtlebot3_ws/install/turtlebot3_teleop:/home/ziad/ziad_ws/ROS2/turtlebot3_ws/install/turtlebot3_example:/opt/ros/jazzy DEBUGINFOD_URLS=https://debuginfod.ubuntu.com /usr/bin/cmake /home/ziad/ziad_ws/ROS2/work_space/src/yahboom_rosmaster/yahboom_rosmaster_bringup -DCMAKE_INSTALL_PREFIX=/home/ziad/ziad_ws/ROS2/work_space/install/yahboom_rosmaster_bringup
[1.776s] DEBUG:colcon.colcon_core.event_handler.log_command:Invoking command in '/home/ziad/ziad_ws/ROS2/work_space/build/yahboom_rosmaster_description': CMAKE_PREFIX_PATH=${CMAKE_PREFIX_PATH}:/home/ziad/ziad_ws/ROS2/turtlebot3_ws/install/turtlebot3_teleop:/home/ziad/ziad_ws/ROS2/turtlebot3_ws/install/turtlebot3_example:/opt/ros/jazzy DEBUGINFOD_URLS=https://debuginfod.ubuntu.com /usr/bin/cmake /home/ziad/ziad_ws/ROS2/work_space/src/yahboom_rosmaster/yahboom_rosmaster_description -DCMAKE_INSTALL_PREFIX=/home/ziad/ziad_ws/ROS2/work_space/install/yahboom_rosmaster_description
[3.943s] DEBUG:colcon.colcon_core.event_handler.log_command:Invoked command in '/home/ziad/ziad_ws/ROS2/work_space/build/yahboom_rosmaster_bringup' returned '0': CMAKE_PREFIX_PATH=${CMAKE_PREFIX_PATH}:/home/ziad/ziad_ws/ROS2/turtlebot3_ws/install/turtlebot3_teleop:/home/ziad/ziad_ws/ROS2/turtlebot3_ws/install/turtlebot3_example:/opt/ros/jazzy DEBUGINFOD_URLS=https://debuginfod.ubuntu.com /usr/bin/cmake /home/ziad/ziad_ws/ROS2/work_space/src/yahboom_rosmaster/yahboom_rosmaster_bringup -DCMAKE_INSTALL_PREFIX=/home/ziad/ziad_ws/ROS2/work_space/install/yahboom_rosmaster_bringup
[3.944s] DEBUG:colcon.colcon_core.event_handler.log_command:Invoking command in '/home/ziad/ziad_ws/ROS2/work_space/build/yahboom_rosmaster_bringup': CMAKE_PREFIX_PATH=${CMAKE_PREFIX_PATH}:/home/ziad/ziad_ws/ROS2/turtlebot3_ws/install/turtlebot3_teleop:/home/ziad/ziad_ws/ROS2/turtlebot3_ws/install/turtlebot3_example:/opt/ros/jazzy DEBUGINFOD_URLS=https://debuginfod.ubuntu.com /usr/bin/cmake --build /home/ziad/ziad_ws/ROS2/work_space/build/yahboom_rosmaster_bringup -- -j4 -l4
[3.970s] DEBUG:colcon.colcon_core.event_handler.log_command:Invoked command in '/home/ziad/ziad_ws/ROS2/work_space/build/yahboom_rosmaster_description' returned '0': CMAKE_PREFIX_PATH=${CMAKE_PREFIX_PATH}:/home/ziad/ziad_ws/ROS2/turtlebot3_ws/install/turtlebot3_teleop:/home/ziad/ziad_ws/ROS2/turtlebot3_ws/install/turtlebot3_example:/opt/ros/jazzy DEBUGINFOD_URLS=https://debuginfod.ubuntu.com /usr/bin/cmake /home/ziad/ziad_ws/ROS2/work_space/src/yahboom_rosmaster/yahboom_rosmaster_description -DCMAKE_INSTALL_PREFIX=/home/ziad/ziad_ws/ROS2/work_space/install/yahboom_rosmaster_description
[3.972s] DEBUG:colcon.colcon_core.event_handler.log_command:Invoking command in '/home/ziad/ziad_ws/ROS2/work_space/build/yahboom_rosmaster_description': CMAKE_PREFIX_PATH=${CMAKE_PREFIX_PATH}:/home/ziad/ziad_ws/ROS2/turtlebot3_ws/install/turtlebot3_teleop:/home/ziad/ziad_ws/ROS2/turtlebot3_ws/install/turtlebot3_example:/opt/ros/jazzy DEBUGINFOD_URLS=https://debuginfod.ubuntu.com /usr/bin/cmake --build /home/ziad/ziad_ws/ROS2/work_space/build/yahboom_rosmaster_description -- -j4 -l4
[4.192s] DEBUG:colcon.colcon_core.event_handler.log_command:Invoked command in '/home/ziad/ziad_ws/ROS2/work_space/build/yahboom_rosmaster_bringup' returned '0': CMAKE_PREFIX_PATH=${CMAKE_PREFIX_PATH}:/home/ziad/ziad_ws/ROS2/turtlebot3_ws/install/turtlebot3_teleop:/home/ziad/ziad_ws/ROS2/turtlebot3_ws/install/turtlebot3_example:/opt/ros/jazzy DEBUGINFOD_URLS=https://debuginfod.ubuntu.com /usr/bin/cmake --build /home/ziad/ziad_ws/ROS2/work_space/build/yahboom_rosmaster_bringup -- -j4 -l4
[4.231s] DEBUG:colcon.colcon_core.event_handler.log_command:Invoking command in '/home/ziad/ziad_ws/ROS2/work_space/build/yahboom_rosmaster_bringup': CMAKE_PREFIX_PATH=${CMAKE_PREFIX_PATH}:/home/ziad/ziad_ws/ROS2/turtlebot3_ws/install/turtlebot3_teleop:/home/ziad/ziad_ws/ROS2/turtlebot3_ws/install/turtlebot3_example:/opt/ros/jazzy DEBUGINFOD_URLS=https://debuginfod.ubuntu.com /usr/bin/cmake --install /home/ziad/ziad_ws/ROS2/work_space/build/yahboom_rosmaster_bringup
[4.237s] DEBUG:colcon.colcon_core.event_handler.log_command:Invoked command in '/home/ziad/ziad_ws/ROS2/work_space/build/yahboom_rosmaster_description' returned '0': CMAKE_PREFIX_PATH=${CMAKE_PREFIX_PATH}:/home/ziad/ziad_ws/ROS2/turtlebot3_ws/install/turtlebot3_teleop:/home/ziad/ziad_ws/ROS2/turtlebot3_ws/install/turtlebot3_example:/opt/ros/jazzy DEBUGINFOD_URLS=https://debuginfod.ubuntu.com /usr/bin/cmake --build /home/ziad/ziad_ws/ROS2/work_space/build/yahboom_rosmaster_description -- -j4 -l4
[4.242s] DEBUG:colcon.colcon_core.event_handler.log_command:Invoking command in '/home/ziad/ziad_ws/ROS2/work_space/build/yahboom_rosmaster_description': CMAKE_PREFIX_PATH=${CMAKE_PREFIX_PATH}:/home/ziad/ziad_ws/ROS2/turtlebot3_ws/install/turtlebot3_teleop:/home/ziad/ziad_ws/ROS2/turtlebot3_ws/install/turtlebot3_example:/opt/ros/jazzy DEBUGINFOD_URLS=https://debuginfod.ubuntu.com /usr/bin/cmake --install /home/ziad/ziad_ws/ROS2/work_space/build/yahboom_rosmaster_description
[4.359s] Level 1:colcon.colcon_core.environment:create_environment_scripts_only(yahboom_rosmaster_bringup)
[4.365s] DEBUG:colcon.colcon_core.event_handler.log_command:Invoked command in '/home/ziad/ziad_ws/ROS2/work_space/build/yahboom_rosmaster_bringup' returned '0': CMAKE_PREFIX_PATH=${CMAKE_PREFIX_PATH}:/home/ziad/ziad_ws/ROS2/turtlebot3_ws/install/turtlebot3_teleop:/home/ziad/ziad_ws/ROS2/turtlebot3_ws/install/turtlebot3_example:/opt/ros/jazzy DEBUGINFOD_URLS=https://debuginfod.ubuntu.com /usr/bin/cmake --install /home/ziad/ziad_ws/ROS2/work_space/build/yahboom_rosmaster_bringup
[4.401s] Level 1:colcon.colcon_core.environment:checking '/home/ziad/ziad_ws/ROS2/work_space/install/yahboom_rosmaster_bringup' for CMake module files
[4.403s] Level 1:colcon.colcon_core.environment:checking '/home/ziad/ziad_ws/ROS2/work_space/install/yahboom_rosmaster_bringup' for CMake config files
[4.409s] Level 1:colcon.colcon_core.shell:create_environment_hook('yahboom_rosmaster_bringup', 'cmake_prefix_path')
[4.411s] INFO:colcon.colcon_core.shell:Creating environment hook '/home/ziad/ziad_ws/ROS2/work_space/install/yahboom_rosmaster_bringup/share/yahboom_rosmaster_bringup/hook/cmake_prefix_path.ps1'
[4.418s] INFO:colcon.colcon_core.shell:Creating environment descriptor '/home/ziad/ziad_ws/ROS2/work_space/install/yahboom_rosmaster_bringup/share/yahboom_rosmaster_bringup/hook/cmake_prefix_path.dsv'
[4.419s] INFO:colcon.colcon_core.shell:Creating environment hook '/home/ziad/ziad_ws/ROS2/work_space/install/yahboom_rosmaster_bringup/share/yahboom_rosmaster_bringup/hook/cmake_prefix_path.sh'
[4.426s] Level 1:colcon.colcon_core.environment:checking '/home/ziad/ziad_ws/ROS2/work_space/install/yahboom_rosmaster_bringup/bin'
[4.426s] Level 1:colcon.colcon_core.environment:checking '/home/ziad/ziad_ws/ROS2/work_space/install/yahboom_rosmaster_bringup/lib/pkgconfig/yahboom_rosmaster_bringup.pc'
[4.426s] Level 1:colcon.colcon_core.environment:checking '/home/ziad/ziad_ws/ROS2/work_space/install/yahboom_rosmaster_bringup/lib/python3.12/site-packages'
[4.427s] Level 1:colcon.colcon_core.environment:checking '/home/ziad/ziad_ws/ROS2/work_space/install/yahboom_rosmaster_bringup/bin'
[4.428s] INFO:colcon.colcon_core.shell:Creating package script '/home/ziad/ziad_ws/ROS2/work_space/install/yahboom_rosmaster_bringup/share/yahboom_rosmaster_bringup/package.ps1'
[4.431s] INFO:colcon.colcon_core.shell:Creating package descriptor '/home/ziad/ziad_ws/ROS2/work_space/install/yahboom_rosmaster_bringup/share/yahboom_rosmaster_bringup/package.dsv'
[4.432s] INFO:colcon.colcon_core.shell:Creating package script '/home/ziad/ziad_ws/ROS2/work_space/install/yahboom_rosmaster_bringup/share/yahboom_rosmaster_bringup/package.sh'
[4.434s] INFO:colcon.colcon_core.shell:Creating package script '/home/ziad/ziad_ws/ROS2/work_space/install/yahboom_rosmaster_bringup/share/yahboom_rosmaster_bringup/package.bash'
[4.435s] INFO:colcon.colcon_core.shell:Creating package script '/home/ziad/ziad_ws/ROS2/work_space/install/yahboom_rosmaster_bringup/share/yahboom_rosmaster_bringup/package.zsh'
[4.438s] Level 1:colcon.colcon_core.environment:create_file_with_runtime_dependencies(/home/ziad/ziad_ws/ROS2/work_space/install/yahboom_rosmaster_bringup/share/colcon-core/packages/yahboom_rosmaster_bringup)
[4.441s] Level 1:colcon.colcon_core.environment:create_environment_scripts_only(yahboom_rosmaster_bringup)
[4.444s] Level 1:colcon.colcon_core.environment:checking '/home/ziad/ziad_ws/ROS2/work_space/install/yahboom_rosmaster_bringup' for CMake module files
[4.447s] Level 1:colcon.colcon_core.environment:checking '/home/ziad/ziad_ws/ROS2/work_space/install/yahboom_rosmaster_bringup' for CMake config files
[4.448s] Level 1:colcon.colcon_core.shell:create_environment_hook('yahboom_rosmaster_bringup', 'cmake_prefix_path')
[4.448s] INFO:colcon.colcon_core.shell:Creating environment hook '/home/ziad/ziad_ws/ROS2/work_space/install/yahboom_rosmaster_bringup/share/yahboom_rosmaster_bringup/hook/cmake_prefix_path.ps1'
[4.449s] INFO:colcon.colcon_core.shell:Creating environment descriptor '/home/ziad/ziad_ws/ROS2/work_space/install/yahboom_rosmaster_bringup/share/yahboom_rosmaster_bringup/hook/cmake_prefix_path.dsv'
[4.449s] INFO:colcon.colcon_core.shell:Creating environment hook '/home/ziad/ziad_ws/ROS2/work_space/install/yahboom_rosmaster_bringup/share/yahboom_rosmaster_bringup/hook/cmake_prefix_path.sh'
[4.450s] Level 1:colcon.colcon_core.environment:checking '/home/ziad/ziad_ws/ROS2/work_space/install/yahboom_rosmaster_bringup/bin'
[4.450s] Level 1:colcon.colcon_core.environment:checking '/home/ziad/ziad_ws/ROS2/work_space/install/yahboom_rosmaster_bringup/lib/pkgconfig/yahboom_rosmaster_bringup.pc'
[4.450s] Level 1:colcon.colcon_core.environment:checking '/home/ziad/ziad_ws/ROS2/work_space/install/yahboom_rosmaster_bringup/lib/python3.12/site-packages'
[4.451s] Level 1:colcon.colcon_core.environment:checking '/home/ziad/ziad_ws/ROS2/work_space/install/yahboom_rosmaster_bringup/bin'
[4.451s] INFO:colcon.colcon_core.shell:Creating package script '/home/ziad/ziad_ws/ROS2/work_space/install/yahboom_rosmaster_bringup/share/yahboom_rosmaster_bringup/package.ps1'
[4.452s] INFO:colcon.colcon_core.shell:Creating package descriptor '/home/ziad/ziad_ws/ROS2/work_space/install/yahboom_rosmaster_bringup/share/yahboom_rosmaster_bringup/package.dsv'
[4.453s] INFO:colcon.colcon_core.shell:Creating package script '/home/ziad/ziad_ws/ROS2/work_space/install/yahboom_rosmaster_bringup/share/yahboom_rosmaster_bringup/package.sh'
[4.466s] INFO:colcon.colcon_core.shell:Creating package script '/home/ziad/ziad_ws/ROS2/work_space/install/yahboom_rosmaster_bringup/share/yahboom_rosmaster_bringup/package.bash'
[4.469s] INFO:colcon.colcon_core.shell:Creating package script '/home/ziad/ziad_ws/ROS2/work_space/install/yahboom_rosmaster_bringup/share/yahboom_rosmaster_bringup/package.zsh'
[4.470s] Level 1:colcon.colcon_core.environment:create_file_with_runtime_dependencies(/home/ziad/ziad_ws/ROS2/work_space/install/yahboom_rosmaster_bringup/share/colcon-core/packages/yahboom_rosmaster_bringup)
[4.473s] INFO:colcon.colcon_ros.task.ament_cmake.build:Building ROS package in '/home/ziad/ziad_ws/ROS2/work_space/src/yahboom_rosmaster/yahboom_rosmaster_gazebo' with build type 'ament_cmake'
[4.474s] INFO:colcon.colcon_cmake.task.cmake.build:Building CMake package in '/home/ziad/ziad_ws/ROS2/work_space/src/yahboom_rosmaster/yahboom_rosmaster_gazebo'
[4.474s] INFO:colcon.colcon_core.shell:Skip shell extension 'powershell' for command environment: Not usable outside of PowerShell
[4.475s] DEBUG:colcon.colcon_core.shell:Skip shell extension 'dsv' for command environment
[4.520s] Level 1:colcon.colcon_core.environment:create_environment_scripts_only(yahboom_rosmaster_description)
[4.521s] Level 1:colcon.colcon_core.environment:checking '/home/ziad/ziad_ws/ROS2/work_space/install/yahboom_rosmaster_description' for CMake module files
[4.524s] DEBUG:colcon.colcon_core.event_handler.log_command:Invoked command in '/home/ziad/ziad_ws/ROS2/work_space/build/yahboom_rosmaster_description' returned '0': CMAKE_PREFIX_PATH=${CMAKE_PREFIX_PATH}:/home/ziad/ziad_ws/ROS2/turtlebot3_ws/install/turtlebot3_teleop:/home/ziad/ziad_ws/ROS2/turtlebot3_ws/install/turtlebot3_example:/opt/ros/jazzy DEBUGINFOD_URLS=https://debuginfod.ubuntu.com /usr/bin/cmake --install /home/ziad/ziad_ws/ROS2/work_space/build/yahboom_rosmaster_description
[4.531s] Level 1:colcon.colcon_core.environment:checking '/home/ziad/ziad_ws/ROS2/work_space/install/yahboom_rosmaster_description' for CMake config files
[4.533s] Level 1:colcon.colcon_core.shell:create_environment_hook('yahboom_rosmaster_description', 'cmake_prefix_path')
[4.533s] INFO:colcon.colcon_core.shell:Creating environment hook '/home/ziad/ziad_ws/ROS2/work_space/install/yahboom_rosmaster_description/share/yahboom_rosmaster_description/hook/cmake_prefix_path.ps1'
[4.534s] INFO:colcon.colcon_core.shell:Creating environment descriptor '/home/ziad/ziad_ws/ROS2/work_space/install/yahboom_rosmaster_description/share/yahboom_rosmaster_description/hook/cmake_prefix_path.dsv'
[4.536s] INFO:colcon.colcon_core.shell:Creating environment hook '/home/ziad/ziad_ws/ROS2/work_space/install/yahboom_rosmaster_description/share/yahboom_rosmaster_description/hook/cmake_prefix_path.sh'
[4.537s] Level 1:colcon.colcon_core.environment:checking '/home/ziad/ziad_ws/ROS2/work_space/install/yahboom_rosmaster_description/bin'
[4.544s] Level 1:colcon.colcon_core.environment:checking '/home/ziad/ziad_ws/ROS2/work_space/install/yahboom_rosmaster_description/lib/pkgconfig/yahboom_rosmaster_description.pc'
[4.547s] Level 1:colcon.colcon_core.environment:checking '/home/ziad/ziad_ws/ROS2/work_space/install/yahboom_rosmaster_description/lib/python3.12/site-packages'
[4.548s] Level 1:colcon.colcon_core.environment:checking '/home/ziad/ziad_ws/ROS2/work_space/install/yahboom_rosmaster_description/bin'
[4.549s] INFO:colcon.colcon_core.shell:Creating package script '/home/ziad/ziad_ws/ROS2/work_space/install/yahboom_rosmaster_description/share/yahboom_rosmaster_description/package.ps1'
[4.552s] INFO:colcon.colcon_core.shell:Creating package descriptor '/home/ziad/ziad_ws/ROS2/work_space/install/yahboom_rosmaster_description/share/yahboom_rosmaster_description/package.dsv'
[4.554s] INFO:colcon.colcon_core.shell:Creating package script '/home/ziad/ziad_ws/ROS2/work_space/install/yahboom_rosmaster_description/share/yahboom_rosmaster_description/package.sh'
[4.556s] INFO:colcon.colcon_core.shell:Creating package script '/home/ziad/ziad_ws/ROS2/work_space/install/yahboom_rosmaster_description/share/yahboom_rosmaster_description/package.bash'
[4.558s] INFO:colcon.colcon_core.shell:Creating package script '/home/ziad/ziad_ws/ROS2/work_space/install/yahboom_rosmaster_description/share/yahboom_rosmaster_description/package.zsh'
[4.562s] Level 1:colcon.colcon_core.environment:create_file_with_runtime_dependencies(/home/ziad/ziad_ws/ROS2/work_space/install/yahboom_rosmaster_description/share/colcon-core/packages/yahboom_rosmaster_description)
[4.567s] Level 1:colcon.colcon_core.environment:create_environment_scripts_only(yahboom_rosmaster_description)
[4.567s] Level 1:colcon.colcon_core.environment:checking '/home/ziad/ziad_ws/ROS2/work_space/install/yahboom_rosmaster_description' for CMake module files
[4.571s] Level 1:colcon.colcon_core.environment:checking '/home/ziad/ziad_ws/ROS2/work_space/install/yahboom_rosmaster_description' for CMake config files
[4.573s] Level 1:colcon.colcon_core.shell:create_environment_hook('yahboom_rosmaster_description', 'cmake_prefix_path')
[4.574s] INFO:colcon.colcon_core.shell:Creating environment hook '/home/ziad/ziad_ws/ROS2/work_space/install/yahboom_rosmaster_description/share/yahboom_rosmaster_description/hook/cmake_prefix_path.ps1'
[4.584s] INFO:colcon.colcon_core.shell:Creating environment descriptor '/home/ziad/ziad_ws/ROS2/work_space/install/yahboom_rosmaster_description/share/yahboom_rosmaster_description/hook/cmake_prefix_path.dsv'
[4.597s] INFO:colcon.colcon_core.shell:Creating environment hook '/home/ziad/ziad_ws/ROS2/work_space/install/yahboom_rosmaster_description/share/yahboom_rosmaster_description/hook/cmake_prefix_path.sh'
[4.608s] Level 1:colcon.colcon_core.environment:checking '/home/ziad/ziad_ws/ROS2/work_space/install/yahboom_rosmaster_description/bin'
[4.608s] Level 1:colcon.colcon_core.environment:checking '/home/ziad/ziad_ws/ROS2/work_space/install/yahboom_rosmaster_description/lib/pkgconfig/yahboom_rosmaster_description.pc'
[4.612s] Level 1:colcon.colcon_core.environment:checking '/home/ziad/ziad_ws/ROS2/work_space/install/yahboom_rosmaster_description/lib/python3.12/site-packages'
[4.613s] Level 1:colcon.colcon_core.environment:checking '/home/ziad/ziad_ws/ROS2/work_space/install/yahboom_rosmaster_description/bin'
[4.614s] INFO:colcon.colcon_core.shell:Creating package script '/home/ziad/ziad_ws/ROS2/work_space/install/yahboom_rosmaster_description/share/yahboom_rosmaster_description/package.ps1'
[4.617s] INFO:colcon.colcon_core.shell:Creating package descriptor '/home/ziad/ziad_ws/ROS2/work_space/install/yahboom_rosmaster_description/share/yahboom_rosmaster_description/package.dsv'
[4.635s] INFO:colcon.colcon_core.shell:Creating package script '/home/ziad/ziad_ws/ROS2/work_space/install/yahboom_rosmaster_description/share/yahboom_rosmaster_description/package.sh'
[4.636s] INFO:colcon.colcon_core.shell:Creating package script '/home/ziad/ziad_ws/ROS2/work_space/install/yahboom_rosmaster_description/share/yahboom_rosmaster_description/package.bash'
[4.643s] INFO:colcon.colcon_core.shell:Creating package script '/home/ziad/ziad_ws/ROS2/work_space/install/yahboom_rosmaster_description/share/yahboom_rosmaster_description/package.zsh'
[4.651s] Level 1:colcon.colcon_core.environment:create_file_with_runtime_dependencies(/home/ziad/ziad_ws/ROS2/work_space/install/yahboom_rosmaster_description/share/colcon-core/packages/yahboom_rosmaster_description)
[4.664s] INFO:colcon.colcon_ros.task.ament_cmake.build:Building ROS package in '/home/ziad/ziad_ws/ROS2/work_space/src/yahboom_rosmaster/yahboom_rosmaster_localization' with build type 'ament_cmake'
[4.665s] INFO:colcon.colcon_cmake.task.cmake.build:Building CMake package in '/home/ziad/ziad_ws/ROS2/work_space/src/yahboom_rosmaster/yahboom_rosmaster_localization'
[4.666s] INFO:colcon.colcon_core.shell:Skip shell extension 'powershell' for command environment: Not usable outside of PowerShell
[4.668s] DEBUG:colcon.colcon_core.shell:Skip shell extension 'dsv' for command environment
[4.804s] DEBUG:colcon.colcon_core.event_handler.log_command:Invoking command in '/home/ziad/ziad_ws/ROS2/work_space/build/yahboom_rosmaster_gazebo': CMAKE_PREFIX_PATH=${CMAKE_PREFIX_PATH}:/home/ziad/ziad_ws/ROS2/turtlebot3_ws/install/turtlebot3_teleop:/home/ziad/ziad_ws/ROS2/turtlebot3_ws/install/turtlebot3_example:/opt/ros/jazzy DEBUGINFOD_URLS=https://debuginfod.ubuntu.com /usr/bin/cmake /home/ziad/ziad_ws/ROS2/work_space/src/yahboom_rosmaster/yahboom_rosmaster_gazebo -DCMAKE_INSTALL_PREFIX=/home/ziad/ziad_ws/ROS2/work_space/install/yahboom_rosmaster_gazebo
[4.844s] DEBUG:colcon.colcon_core.event_handler.log_command:Invoking command in '/home/ziad/ziad_ws/ROS2/work_space/build/yahboom_rosmaster_localization': CMAKE_PREFIX_PATH=${CMAKE_PREFIX_PATH}:/home/ziad/ziad_ws/ROS2/turtlebot3_ws/install/turtlebot3_teleop:/home/ziad/ziad_ws/ROS2/turtlebot3_ws/install/turtlebot3_example:/opt/ros/jazzy DEBUGINFOD_URLS=https://debuginfod.ubuntu.com /usr/bin/cmake /home/ziad/ziad_ws/ROS2/work_space/src/yahboom_rosmaster/yahboom_rosmaster_localization -DCMAKE_INSTALL_PREFIX=/home/ziad/ziad_ws/ROS2/work_space/install/yahboom_rosmaster_localization
[8.705s] DEBUG:colcon.colcon_core.event_handler.log_command:Invoked command in '/home/ziad/ziad_ws/ROS2/work_space/build/yahboom_rosmaster_localization' returned '0': CMAKE_PREFIX_PATH=${CMAKE_PREFIX_PATH}:/home/ziad/ziad_ws/ROS2/turtlebot3_ws/install/turtlebot3_teleop:/home/ziad/ziad_ws/ROS2/turtlebot3_ws/install/turtlebot3_example:/opt/ros/jazzy DEBUGINFOD_URLS=https://debuginfod.ubuntu.com /usr/bin/cmake /home/ziad/ziad_ws/ROS2/work_space/src/yahboom_rosmaster/yahboom_rosmaster_localization -DCMAKE_INSTALL_PREFIX=/home/ziad/ziad_ws/ROS2/work_space/install/yahboom_rosmaster_localization
[8.705s] DEBUG:colcon.colcon_core.event_handler.log_command:Invoking command in '/home/ziad/ziad_ws/ROS2/work_space/build/yahboom_rosmaster_localization': CMAKE_PREFIX_PATH=${CMAKE_PREFIX_PATH}:/home/ziad/ziad_ws/ROS2/turtlebot3_ws/install/turtlebot3_teleop:/home/ziad/ziad_ws/ROS2/turtlebot3_ws/install/turtlebot3_example:/opt/ros/jazzy DEBUGINFOD_URLS=https://debuginfod.ubuntu.com /usr/bin/cmake --build /home/ziad/ziad_ws/ROS2/work_space/build/yahboom_rosmaster_localization -- -j4 -l4
[8.998s] DEBUG:colcon.colcon_core.event_handler.log_command:Invoked command in '/home/ziad/ziad_ws/ROS2/work_space/build/yahboom_rosmaster_localization' returned '0': CMAKE_PREFIX_PATH=${CMAKE_PREFIX_PATH}:/home/ziad/ziad_ws/ROS2/turtlebot3_ws/install/turtlebot3_teleop:/home/ziad/ziad_ws/ROS2/turtlebot3_ws/install/turtlebot3_example:/opt/ros/jazzy DEBUGINFOD_URLS=https://debuginfod.ubuntu.com /usr/bin/cmake --build /home/ziad/ziad_ws/ROS2/work_space/build/yahboom_rosmaster_localization -- -j4 -l4
[9.023s] DEBUG:colcon.colcon_core.event_handler.log_command:Invoking command in '/home/ziad/ziad_ws/ROS2/work_space/build/yahboom_rosmaster_localization': CMAKE_PREFIX_PATH=${CMAKE_PREFIX_PATH}:/home/ziad/ziad_ws/ROS2/turtlebot3_ws/install/turtlebot3_teleop:/home/ziad/ziad_ws/ROS2/turtlebot3_ws/install/turtlebot3_example:/opt/ros/jazzy DEBUGINFOD_URLS=https://debuginfod.ubuntu.com /usr/bin/cmake --install /home/ziad/ziad_ws/ROS2/work_space/build/yahboom_rosmaster_localization
[9.264s] Level 1:colcon.colcon_core.environment:create_environment_scripts_only(yahboom_rosmaster_localization)
[9.264s] Level 1:colcon.colcon_core.environment:checking '/home/ziad/ziad_ws/ROS2/work_space/install/yahboom_rosmaster_localization' for CMake module files
[9.272s] DEBUG:colcon.colcon_core.event_handler.log_command:Invoked command in '/home/ziad/ziad_ws/ROS2/work_space/build/yahboom_rosmaster_localization' returned '0': CMAKE_PREFIX_PATH=${CMAKE_PREFIX_PATH}:/home/ziad/ziad_ws/ROS2/turtlebot3_ws/install/turtlebot3_teleop:/home/ziad/ziad_ws/ROS2/turtlebot3_ws/install/turtlebot3_example:/opt/ros/jazzy DEBUGINFOD_URLS=https://debuginfod.ubuntu.com /usr/bin/cmake --install /home/ziad/ziad_ws/ROS2/work_space/build/yahboom_rosmaster_localization
[9.278s] Level 1:colcon.colcon_core.environment:checking '/home/ziad/ziad_ws/ROS2/work_space/install/yahboom_rosmaster_localization' for CMake config files
[9.279s] Level 1:colcon.colcon_core.shell:create_environment_hook('yahboom_rosmaster_localization', 'cmake_prefix_path')
[9.279s] INFO:colcon.colcon_core.shell:Creating environment hook '/home/ziad/ziad_ws/ROS2/work_space/install/yahboom_rosmaster_localization/share/yahboom_rosmaster_localization/hook/cmake_prefix_path.ps1'
[9.287s] INFO:colcon.colcon_core.shell:Creating environment descriptor '/home/ziad/ziad_ws/ROS2/work_space/install/yahboom_rosmaster_localization/share/yahboom_rosmaster_localization/hook/cmake_prefix_path.dsv'
[9.287s] INFO:colcon.colcon_core.shell:Creating environment hook '/home/ziad/ziad_ws/ROS2/work_space/install/yahboom_rosmaster_localization/share/yahboom_rosmaster_localization/hook/cmake_prefix_path.sh'
[9.288s] Level 1:colcon.colcon_core.environment:checking '/home/ziad/ziad_ws/ROS2/work_space/install/yahboom_rosmaster_localization/bin'
[9.289s] Level 1:colcon.colcon_core.environment:checking '/home/ziad/ziad_ws/ROS2/work_space/install/yahboom_rosmaster_localization/lib/pkgconfig/yahboom_rosmaster_localization.pc'
[9.289s] Level 1:colcon.colcon_core.environment:checking '/home/ziad/ziad_ws/ROS2/work_space/install/yahboom_rosmaster_localization/lib/python3.12/site-packages'
[9.297s] Level 1:colcon.colcon_core.environment:checking '/home/ziad/ziad_ws/ROS2/work_space/install/yahboom_rosmaster_localization/bin'
[9.300s] INFO:colcon.colcon_core.shell:Creating package script '/home/ziad/ziad_ws/ROS2/work_space/install/yahboom_rosmaster_localization/share/yahboom_rosmaster_localization/package.ps1'
[9.301s] INFO:colcon.colcon_core.shell:Creating package descriptor '/home/ziad/ziad_ws/ROS2/work_space/install/yahboom_rosmaster_localization/share/yahboom_rosmaster_localization/package.dsv'
[9.302s] INFO:colcon.colcon_core.shell:Creating package script '/home/ziad/ziad_ws/ROS2/work_space/install/yahboom_rosmaster_localization/share/yahboom_rosmaster_localization/package.sh'
[9.303s] INFO:colcon.colcon_core.shell:Creating package script '/home/ziad/ziad_ws/ROS2/work_space/install/yahboom_rosmaster_localization/share/yahboom_rosmaster_localization/package.bash'
[9.304s] INFO:colcon.colcon_core.shell:Creating package script '/home/ziad/ziad_ws/ROS2/work_space/install/yahboom_rosmaster_localization/share/yahboom_rosmaster_localization/package.zsh'
[9.306s] Level 1:colcon.colcon_core.environment:create_file_with_runtime_dependencies(/home/ziad/ziad_ws/ROS2/work_space/install/yahboom_rosmaster_localization/share/colcon-core/packages/yahboom_rosmaster_localization)
[9.310s] Level 1:colcon.colcon_core.environment:create_environment_scripts_only(yahboom_rosmaster_localization)
[9.312s] Level 1:colcon.colcon_core.environment:checking '/home/ziad/ziad_ws/ROS2/work_space/install/yahboom_rosmaster_localization' for CMake module files
[9.320s] Level 1:colcon.colcon_core.environment:checking '/home/ziad/ziad_ws/ROS2/work_space/install/yahboom_rosmaster_localization' for CMake config files
[9.323s] Level 1:colcon.colcon_core.shell:create_environment_hook('yahboom_rosmaster_localization', 'cmake_prefix_path')
[9.323s] INFO:colcon.colcon_core.shell:Creating environment hook '/home/ziad/ziad_ws/ROS2/work_space/install/yahboom_rosmaster_localization/share/yahboom_rosmaster_localization/hook/cmake_prefix_path.ps1'
[9.326s] INFO:colcon.colcon_core.shell:Creating environment descriptor '/home/ziad/ziad_ws/ROS2/work_space/install/yahboom_rosmaster_localization/share/yahboom_rosmaster_localization/hook/cmake_prefix_path.dsv'
[9.328s] INFO:colcon.colcon_core.shell:Creating environment hook '/home/ziad/ziad_ws/ROS2/work_space/install/yahboom_rosmaster_localization/share/yahboom_rosmaster_localization/hook/cmake_prefix_path.sh'
[9.331s] Level 1:colcon.colcon_core.environment:checking '/home/ziad/ziad_ws/ROS2/work_space/install/yahboom_rosmaster_localization/bin'
[9.331s] Level 1:colcon.colcon_core.environment:checking '/home/ziad/ziad_ws/ROS2/work_space/install/yahboom_rosmaster_localization/lib/pkgconfig/yahboom_rosmaster_localization.pc'
[9.332s] Level 1:colcon.colcon_core.environment:checking '/home/ziad/ziad_ws/ROS2/work_space/install/yahboom_rosmaster_localization/lib/python3.12/site-packages'
[9.332s] Level 1:colcon.colcon_core.environment:checking '/home/ziad/ziad_ws/ROS2/work_space/install/yahboom_rosmaster_localization/bin'
[9.333s] INFO:colcon.colcon_core.shell:Creating package script '/home/ziad/ziad_ws/ROS2/work_space/install/yahboom_rosmaster_localization/share/yahboom_rosmaster_localization/package.ps1'
[9.336s] INFO:colcon.colcon_core.shell:Creating package descriptor '/home/ziad/ziad_ws/ROS2/work_space/install/yahboom_rosmaster_localization/share/yahboom_rosmaster_localization/package.dsv'
[9.337s] INFO:colcon.colcon_core.shell:Creating package script '/home/ziad/ziad_ws/ROS2/work_space/install/yahboom_rosmaster_localization/share/yahboom_rosmaster_localization/package.sh'
[9.344s] INFO:colcon.colcon_core.shell:Creating package script '/home/ziad/ziad_ws/ROS2/work_space/install/yahboom_rosmaster_localization/share/yahboom_rosmaster_localization/package.bash'
[9.347s] INFO:colcon.colcon_core.shell:Creating package script '/home/ziad/ziad_ws/ROS2/work_space/install/yahboom_rosmaster_localization/share/yahboom_rosmaster_localization/package.zsh'
[9.349s] Level 1:colcon.colcon_core.environment:create_file_with_runtime_dependencies(/home/ziad/ziad_ws/ROS2/work_space/install/yahboom_rosmaster_localization/share/colcon-core/packages/yahboom_rosmaster_localization)
[9.351s] INFO:colcon.colcon_ros.task.ament_cmake.build:Building ROS package in '/home/ziad/ziad_ws/ROS2/work_space/src/yahboom_rosmaster/yahboom_rosmaster_navigation' with build type 'ament_cmake'
[9.351s] INFO:colcon.colcon_cmake.task.cmake.build:Building CMake package in '/home/ziad/ziad_ws/ROS2/work_space/src/yahboom_rosmaster/yahboom_rosmaster_navigation'
[9.352s] INFO:colcon.colcon_core.shell:Skip shell extension 'powershell' for command environment: Not usable outside of PowerShell
[9.352s] DEBUG:colcon.colcon_core.shell:Skip shell extension 'dsv' for command environment
[9.473s] DEBUG:colcon.colcon_core.event_handler.log_command:Invoking command in '/home/ziad/ziad_ws/ROS2/work_space/build/yahboom_rosmaster_navigation': CMAKE_PREFIX_PATH=${CMAKE_PREFIX_PATH}:/home/ziad/ziad_ws/ROS2/turtlebot3_ws/install/turtlebot3_teleop:/home/ziad/ziad_ws/ROS2/turtlebot3_ws/install/turtlebot3_example:/opt/ros/jazzy DEBUGINFOD_URLS=https://debuginfod.ubuntu.com /usr/bin/cmake /home/ziad/ziad_ws/ROS2/work_space/src/yahboom_rosmaster/yahboom_rosmaster_navigation -DCMAKE_INSTALL_PREFIX=/home/ziad/ziad_ws/ROS2/work_space/install/yahboom_rosmaster_navigation
[9.577s] DEBUG:colcon.colcon_core.event_handler.log_command:Invoked command in '/home/ziad/ziad_ws/ROS2/work_space/build/apriltag_ros' returned '0': CMAKE_PREFIX_PATH=${CMAKE_PREFIX_PATH}:/home/ziad/ziad_ws/ROS2/turtlebot3_ws/install/turtlebot3_teleop:/home/ziad/ziad_ws/ROS2/turtlebot3_ws/install/turtlebot3_example:/opt/ros/jazzy DEBUGINFOD_URLS=https://debuginfod.ubuntu.com /usr/bin/cmake /home/ziad/ziad_ws/ROS2/work_space/src/yahboom_rosmaster/apriltag_ros -DCMAKE_INSTALL_PREFIX=/home/ziad/ziad_ws/ROS2/work_space/install/apriltag_ros
[9.594s] DEBUG:colcon.colcon_core.event_handler.log_command:Invoking command in '/home/ziad/ziad_ws/ROS2/work_space/build/apriltag_ros': CMAKE_PREFIX_PATH=${CMAKE_PREFIX_PATH}:/home/ziad/ziad_ws/ROS2/turtlebot3_ws/install/turtlebot3_teleop:/home/ziad/ziad_ws/ROS2/turtlebot3_ws/install/turtlebot3_example:/opt/ros/jazzy DEBUGINFOD_URLS=https://debuginfod.ubuntu.com /usr/bin/cmake --build /home/ziad/ziad_ws/ROS2/work_space/build/apriltag_ros -- -j4 -l4
[11.271s] DEBUG:colcon.colcon_core.event_handler.log_command:Invoked command in '/home/ziad/ziad_ws/ROS2/work_space/build/apriltag_ros' returned '0': CMAKE_PREFIX_PATH=${CMAKE_PREFIX_PATH}:/home/ziad/ziad_ws/ROS2/turtlebot3_ws/install/turtlebot3_teleop:/home/ziad/ziad_ws/ROS2/turtlebot3_ws/install/turtlebot3_example:/opt/ros/jazzy DEBUGINFOD_URLS=https://debuginfod.ubuntu.com /usr/bin/cmake --build /home/ziad/ziad_ws/ROS2/work_space/build/apriltag_ros -- -j4 -l4
[11.274s] DEBUG:colcon.colcon_core.event_handler.log_command:Invoking command in '/home/ziad/ziad_ws/ROS2/work_space/build/apriltag_ros': CMAKE_PREFIX_PATH=${CMAKE_PREFIX_PATH}:/home/ziad/ziad_ws/ROS2/turtlebot3_ws/install/turtlebot3_teleop:/home/ziad/ziad_ws/ROS2/turtlebot3_ws/install/turtlebot3_example:/opt/ros/jazzy DEBUGINFOD_URLS=https://debuginfod.ubuntu.com /usr/bin/cmake --install /home/ziad/ziad_ws/ROS2/work_space/build/apriltag_ros
[11.510s] Level 1:colcon.colcon_core.environment:create_environment_scripts_only(apriltag_ros)
[11.512s] Level 1:colcon.colcon_core.environment:checking '/home/ziad/ziad_ws/ROS2/work_space/install/apriltag_ros' for CMake module files
[11.515s] DEBUG:colcon.colcon_core.event_handler.log_command:Invoked command in '/home/ziad/ziad_ws/ROS2/work_space/build/apriltag_ros' returned '0': CMAKE_PREFIX_PATH=${CMAKE_PREFIX_PATH}:/home/ziad/ziad_ws/ROS2/turtlebot3_ws/install/turtlebot3_teleop:/home/ziad/ziad_ws/ROS2/turtlebot3_ws/install/turtlebot3_example:/opt/ros/jazzy DEBUGINFOD_URLS=https://debuginfod.ubuntu.com /usr/bin/cmake --install /home/ziad/ziad_ws/ROS2/work_space/build/apriltag_ros
[11.525s] Level 1:colcon.colcon_core.environment:checking '/home/ziad/ziad_ws/ROS2/work_space/install/apriltag_ros' for CMake config files
[11.526s] Level 1:colcon.colcon_core.shell:create_environment_hook('apriltag_ros', 'cmake_prefix_path')
[11.527s] INFO:colcon.colcon_core.shell:Creating environment hook '/home/ziad/ziad_ws/ROS2/work_space/install/apriltag_ros/share/apriltag_ros/hook/cmake_prefix_path.ps1'
[11.529s] INFO:colcon.colcon_core.shell:Creating environment descriptor '/home/ziad/ziad_ws/ROS2/work_space/install/apriltag_ros/share/apriltag_ros/hook/cmake_prefix_path.dsv'
[11.536s] INFO:colcon.colcon_core.shell:Creating environment hook '/home/ziad/ziad_ws/ROS2/work_space/install/apriltag_ros/share/apriltag_ros/hook/cmake_prefix_path.sh'
[11.542s] Level 1:colcon.colcon_core.environment:checking '/home/ziad/ziad_ws/ROS2/work_space/install/apriltag_ros/lib'
[11.543s] Level 1:colcon.colcon_core.shell:create_environment_hook('apriltag_ros', 'ld_library_path_lib')
[11.549s] INFO:colcon.colcon_core.shell:Creating environment hook '/home/ziad/ziad_ws/ROS2/work_space/install/apriltag_ros/share/apriltag_ros/hook/ld_library_path_lib.ps1'
[11.553s] INFO:colcon.colcon_core.shell:Creating environment descriptor '/home/ziad/ziad_ws/ROS2/work_space/install/apriltag_ros/share/apriltag_ros/hook/ld_library_path_lib.dsv'
[11.554s] INFO:colcon.colcon_core.shell:Creating environment hook '/home/ziad/ziad_ws/ROS2/work_space/install/apriltag_ros/share/apriltag_ros/hook/ld_library_path_lib.sh'
[11.563s] Level 1:colcon.colcon_core.environment:checking '/home/ziad/ziad_ws/ROS2/work_space/install/apriltag_ros/bin'
[11.563s] Level 1:colcon.colcon_core.environment:checking '/home/ziad/ziad_ws/ROS2/work_space/install/apriltag_ros/lib/pkgconfig/apriltag_ros.pc'
[11.566s] Level 1:colcon.colcon_core.environment:checking '/home/ziad/ziad_ws/ROS2/work_space/install/apriltag_ros/lib/python3.12/site-packages'
[11.579s] Level 1:colcon.colcon_core.environment:checking '/home/ziad/ziad_ws/ROS2/work_space/install/apriltag_ros/bin'
[11.581s] INFO:colcon.colcon_core.shell:Creating package script '/home/ziad/ziad_ws/ROS2/work_space/install/apriltag_ros/share/apriltag_ros/package.ps1'
[11.590s] INFO:colcon.colcon_core.shell:Creating package descriptor '/home/ziad/ziad_ws/ROS2/work_space/install/apriltag_ros/share/apriltag_ros/package.dsv'
[11.593s] INFO:colcon.colcon_core.shell:Creating package script '/home/ziad/ziad_ws/ROS2/work_space/install/apriltag_ros/share/apriltag_ros/package.sh'
[11.606s] INFO:colcon.colcon_core.shell:Creating package script '/home/ziad/ziad_ws/ROS2/work_space/install/apriltag_ros/share/apriltag_ros/package.bash'
[11.617s] INFO:colcon.colcon_core.shell:Creating package script '/home/ziad/ziad_ws/ROS2/work_space/install/apriltag_ros/share/apriltag_ros/package.zsh'
[11.617s] Level 1:colcon.colcon_core.environment:create_file_with_runtime_dependencies(/home/ziad/ziad_ws/ROS2/work_space/install/apriltag_ros/share/colcon-core/packages/apriltag_ros)
[11.644s] Level 1:colcon.colcon_core.environment:create_environment_scripts_only(apriltag_ros)
[11.656s] Level 1:colcon.colcon_core.environment:checking '/home/ziad/ziad_ws/ROS2/work_space/install/apriltag_ros' for CMake module files
[11.662s] Level 1:colcon.colcon_core.environment:checking '/home/ziad/ziad_ws/ROS2/work_space/install/apriltag_ros' for CMake config files
[11.685s] Level 1:colcon.colcon_core.shell:create_environment_hook('apriltag_ros', 'cmake_prefix_path')
[11.697s] INFO:colcon.colcon_core.shell:Creating environment hook '/home/ziad/ziad_ws/ROS2/work_space/install/apriltag_ros/share/apriltag_ros/hook/cmake_prefix_path.ps1'
[11.709s] INFO:colcon.colcon_core.shell:Creating environment descriptor '/home/ziad/ziad_ws/ROS2/work_space/install/apriltag_ros/share/apriltag_ros/hook/cmake_prefix_path.dsv'
[11.712s] INFO:colcon.colcon_core.shell:Creating environment hook '/home/ziad/ziad_ws/ROS2/work_space/install/apriltag_ros/share/apriltag_ros/hook/cmake_prefix_path.sh'
[11.714s] Level 1:colcon.colcon_core.environment:checking '/home/ziad/ziad_ws/ROS2/work_space/install/apriltag_ros/lib'
[11.725s] Level 1:colcon.colcon_core.shell:create_environment_hook('apriltag_ros', 'ld_library_path_lib')
[11.725s] INFO:colcon.colcon_core.shell:Creating environment hook '/home/ziad/ziad_ws/ROS2/work_space/install/apriltag_ros/share/apriltag_ros/hook/ld_library_path_lib.ps1'
[11.726s] INFO:colcon.colcon_core.shell:Creating environment descriptor '/home/ziad/ziad_ws/ROS2/work_space/install/apriltag_ros/share/apriltag_ros/hook/ld_library_path_lib.dsv'
[11.727s] INFO:colcon.colcon_core.shell:Creating environment hook '/home/ziad/ziad_ws/ROS2/work_space/install/apriltag_ros/share/apriltag_ros/hook/ld_library_path_lib.sh'
[11.739s] Level 1:colcon.colcon_core.environment:checking '/home/ziad/ziad_ws/ROS2/work_space/install/apriltag_ros/bin'
[11.739s] Level 1:colcon.colcon_core.environment:checking '/home/ziad/ziad_ws/ROS2/work_space/install/apriltag_ros/lib/pkgconfig/apriltag_ros.pc'
[11.740s] Level 1:colcon.colcon_core.environment:checking '/home/ziad/ziad_ws/ROS2/work_space/install/apriltag_ros/lib/python3.12/site-packages'
[11.754s] Level 1:colcon.colcon_core.environment:checking '/home/ziad/ziad_ws/ROS2/work_space/install/apriltag_ros/bin'
[11.767s] INFO:colcon.colcon_core.shell:Creating package script '/home/ziad/ziad_ws/ROS2/work_space/install/apriltag_ros/share/apriltag_ros/package.ps1'
[11.769s] INFO:colcon.colcon_core.shell:Creating package descriptor '/home/ziad/ziad_ws/ROS2/work_space/install/apriltag_ros/share/apriltag_ros/package.dsv'
[11.777s] INFO:colcon.colcon_core.shell:Creating package script '/home/ziad/ziad_ws/ROS2/work_space/install/apriltag_ros/share/apriltag_ros/package.sh'
[11.782s] INFO:colcon.colcon_core.shell:Creating package script '/home/ziad/ziad_ws/ROS2/work_space/install/apriltag_ros/share/apriltag_ros/package.bash'
[11.790s] INFO:colcon.colcon_core.shell:Creating package script '/home/ziad/ziad_ws/ROS2/work_space/install/apriltag_ros/share/apriltag_ros/package.zsh'
[11.792s] Level 1:colcon.colcon_core.environment:create_file_with_runtime_dependencies(/home/ziad/ziad_ws/ROS2/work_space/install/apriltag_ros/share/colcon-core/packages/apriltag_ros)
[11.792s] INFO:colcon.colcon_ros.task.ament_cmake.build:Building ROS package in '/home/ziad/ziad_ws/ROS2/work_space/src/yahboom_rosmaster/yahboom_rosmaster_docking' with build type 'ament_cmake'
[11.795s] INFO:colcon.colcon_cmake.task.cmake.build:Building CMake package in '/home/ziad/ziad_ws/ROS2/work_space/src/yahboom_rosmaster/yahboom_rosmaster_docking'
[11.795s] INFO:colcon.colcon_core.shell:Skip shell extension 'powershell' for command environment: Not usable outside of PowerShell
[11.796s] DEBUG:colcon.colcon_core.shell:Skip shell extension 'dsv' for command environment
[12.164s] DEBUG:colcon.colcon_core.event_handler.log_command:Invoking command in '/home/ziad/ziad_ws/ROS2/work_space/build/yahboom_rosmaster_docking': AMENT_PREFIX_PATH=/home/ziad/ziad_ws/ROS2/work_space/install/apriltag_ros:${AMENT_PREFIX_PATH} CMAKE_PREFIX_PATH=/home/ziad/ziad_ws/ROS2/work_space/install/apriltag_ros:/home/ziad/ziad_ws/ROS2/turtlebot3_ws/install/turtlebot3_simulations:/home/ziad/ziad_ws/ROS2/turtlebot3_ws/install/turtlebot3_fake_node:/home/ziad/ziad_ws/ROS2/turtlebot3_ws/install/turtlebot3_gazebo:/home/ziad/ziad_ws/ROS2/turtlebot3_ws/install/urdf_tutorial_cpp:/home/ziad/ziad_ws/ROS2/turtlebot3_ws/install/turtlebot3:/home/ziad/ziad_ws/ROS2/turtlebot3_ws/install/turtlebot3_bringup:/home/ziad/ziad_ws/ROS2/turtlebot3_ws/install/turtlebot3_node:/home/ziad/ziad_ws/ROS2/turtlebot3_ws/install/turtlebot3_navigation2:/home/ziad/ziad_ws/ROS2/turtlebot3_ws/install/turtlebot3_msgs:/home/ziad/ziad_ws/ROS2/turtlebot3_ws/install/turtlebot3_description:/home/ziad/ziad_ws/ROS2/turtlebot3_ws/install/turtlebot3_cartographer:/home/ziad/ziad_ws/ROS2/turtlebot3_ws/install/simple_pub_sub:/home/ziad/ziad_ws/ROS2/turtlebot3_ws/install/learning_tf2_cpp:/home/ziad/ziad_ws/ROS2/turtlebot3_ws/install/dynamixel_sdk_examples:/home/ziad/ziad_ws/ROS2/turtlebot3_ws/install/dynamixel_sdk_custom_interfaces:/home/ziad/ziad_ws/ROS2/turtlebot3_ws/install/dynamixel_sdk:/home/ziad/ziad_ws/ROS2/tutorials_work_sapce/install/urdf_tutorial_cpp:/home/ziad/ziad_ws/ROS2/tutorials_work_sapce/install/learning_tf2_cpp:/home/ziad/ziad_ws/ROS2/tutorials_work_sapce/install/simple_pub_sub:/home/ziad/ziad_ws/ROS2/tutorials_work_sapce/install/ros2_service:/opt/ros/jazzy/opt/gz_sim_vendor:/opt/ros/jazzy/opt/gz_sensors_vendor:/opt/ros/jazzy/opt/gz_physics_vendor:/opt/ros/jazzy/opt/sdformat_vendor:/opt/ros/jazzy/opt/gz_gui_vendor:/opt/ros/jazzy/opt/gz_transport_vendor:/opt/ros/jazzy/opt/gz_rendering_vendor:/opt/ros/jazzy/opt/gz_plugin_vendor:/opt/ros/jazzy/opt/gz_fuel_tools_vendor:/opt/ros/jazzy/opt/gz_msgs_vendor:/opt/ros/jazzy/opt/gz_common_vendor:/opt/ros/jazzy/opt/gz_math_vendor:/opt/ros/jazzy/opt/gz_utils_vendor:/opt/ros/jazzy/opt/gz_tools_vendor:/opt/ros/jazzy/opt/gz_ogre_next_vendor:/opt/ros/jazzy/opt/gz_dartsim_vendor:/opt/ros/jazzy/opt/gz_cmake_vendor:/home/ziad/ziad_ws/ROS2/turtlebot3_ws/install/turtlebot3_teleop:/home/ziad/ziad_ws/ROS2/turtlebot3_ws/install/turtlebot3_example:/opt/ros/jazzy DEBUGINFOD_URLS=https://debuginfod.ubuntu.com LD_LIBRARY_PATH=/home/ziad/ziad_ws/ROS2/work_space/install/apriltag_ros/lib:${LD_LIBRARY_PATH} /usr/bin/cmake /home/ziad/ziad_ws/ROS2/work_space/src/yahboom_rosmaster/yahboom_rosmaster_docking -DCMAKE_INSTALL_PREFIX=/home/ziad/ziad_ws/ROS2/work_space/install/yahboom_rosmaster_docking
[12.818s] DEBUG:colcon.colcon_core.event_handler.log_command:Invoked command in '/home/ziad/ziad_ws/ROS2/work_space/build/yahboom_rosmaster_msgs' returned '0': CMAKE_PREFIX_PATH=${CMAKE_PREFIX_PATH}:/home/ziad/ziad_ws/ROS2/turtlebot3_ws/install/turtlebot3_teleop:/home/ziad/ziad_ws/ROS2/turtlebot3_ws/install/turtlebot3_example:/opt/ros/jazzy DEBUGINFOD_URLS=https://debuginfod.ubuntu.com /usr/bin/cmake /home/ziad/ziad_ws/ROS2/work_space/src/yahboom_rosmaster/yahboom_rosmaster_msgs -DCMAKE_INSTALL_PREFIX=/home/ziad/ziad_ws/ROS2/work_space/install/yahboom_rosmaster_msgs
[12.834s] DEBUG:colcon.colcon_core.event_handler.log_command:Invoking command in '/home/ziad/ziad_ws/ROS2/work_space/build/yahboom_rosmaster_msgs': CMAKE_PREFIX_PATH=${CMAKE_PREFIX_PATH}:/home/ziad/ziad_ws/ROS2/turtlebot3_ws/install/turtlebot3_teleop:/home/ziad/ziad_ws/ROS2/turtlebot3_ws/install/turtlebot3_example:/opt/ros/jazzy DEBUGINFOD_URLS=https://debuginfod.ubuntu.com /usr/bin/cmake --build /home/ziad/ziad_ws/ROS2/work_space/build/yahboom_rosmaster_msgs -- -j4 -l4
[18.887s] DEBUG:colcon.colcon_core.event_handler.log_command:Invoked command in '/home/ziad/ziad_ws/ROS2/work_space/build/yahboom_rosmaster_gazebo' returned '0': CMAKE_PREFIX_PATH=${CMAKE_PREFIX_PATH}:/home/ziad/ziad_ws/ROS2/turtlebot3_ws/install/turtlebot3_teleop:/home/ziad/ziad_ws/ROS2/turtlebot3_ws/install/turtlebot3_example:/opt/ros/jazzy DEBUGINFOD_URLS=https://debuginfod.ubuntu.com /usr/bin/cmake /home/ziad/ziad_ws/ROS2/work_space/src/yahboom_rosmaster/yahboom_rosmaster_gazebo -DCMAKE_INSTALL_PREFIX=/home/ziad/ziad_ws/ROS2/work_space/install/yahboom_rosmaster_gazebo
[18.891s] DEBUG:colcon.colcon_core.event_handler.log_command:Invoking command in '/home/ziad/ziad_ws/ROS2/work_space/build/yahboom_rosmaster_gazebo': CMAKE_PREFIX_PATH=${CMAKE_PREFIX_PATH}:/home/ziad/ziad_ws/ROS2/turtlebot3_ws/install/turtlebot3_teleop:/home/ziad/ziad_ws/ROS2/turtlebot3_ws/install/turtlebot3_example:/opt/ros/jazzy DEBUGINFOD_URLS=https://debuginfod.ubuntu.com /usr/bin/cmake --build /home/ziad/ziad_ws/ROS2/work_space/build/yahboom_rosmaster_gazebo -- -j4 -l4
[19.409s] DEBUG:colcon.colcon_core.event_handler.log_command:Invoked command in '/home/ziad/ziad_ws/ROS2/work_space/build/yahboom_rosmaster_gazebo' returned '0': CMAKE_PREFIX_PATH=${CMAKE_PREFIX_PATH}:/home/ziad/ziad_ws/ROS2/turtlebot3_ws/install/turtlebot3_teleop:/home/ziad/ziad_ws/ROS2/turtlebot3_ws/install/turtlebot3_example:/opt/ros/jazzy DEBUGINFOD_URLS=https://debuginfod.ubuntu.com /usr/bin/cmake --build /home/ziad/ziad_ws/ROS2/work_space/build/yahboom_rosmaster_gazebo -- -j4 -l4
[19.416s] DEBUG:colcon.colcon_core.event_handler.log_command:Invoking command in '/home/ziad/ziad_ws/ROS2/work_space/build/yahboom_rosmaster_gazebo': CMAKE_PREFIX_PATH=${CMAKE_PREFIX_PATH}:/home/ziad/ziad_ws/ROS2/turtlebot3_ws/install/turtlebot3_teleop:/home/ziad/ziad_ws/ROS2/turtlebot3_ws/install/turtlebot3_example:/opt/ros/jazzy DEBUGINFOD_URLS=https://debuginfod.ubuntu.com /usr/bin/cmake --install /home/ziad/ziad_ws/ROS2/work_space/build/yahboom_rosmaster_gazebo
[20.225s] DEBUG:colcon.colcon_core.event_handler.log_command:Invoked command in '/home/ziad/ziad_ws/ROS2/work_space/build/yahboom_rosmaster_docking' returned '0': AMENT_PREFIX_PATH=/home/ziad/ziad_ws/ROS2/work_space/install/apriltag_ros:${AMENT_PREFIX_PATH} CMAKE_PREFIX_PATH=/home/ziad/ziad_ws/ROS2/work_space/install/apriltag_ros:/home/ziad/ziad_ws/ROS2/turtlebot3_ws/install/turtlebot3_simulations:/home/ziad/ziad_ws/ROS2/turtlebot3_ws/install/turtlebot3_fake_node:/home/ziad/ziad_ws/ROS2/turtlebot3_ws/install/turtlebot3_gazebo:/home/ziad/ziad_ws/ROS2/turtlebot3_ws/install/urdf_tutorial_cpp:/home/ziad/ziad_ws/ROS2/turtlebot3_ws/install/turtlebot3:/home/ziad/ziad_ws/ROS2/turtlebot3_ws/install/turtlebot3_bringup:/home/ziad/ziad_ws/ROS2/turtlebot3_ws/install/turtlebot3_node:/home/ziad/ziad_ws/ROS2/turtlebot3_ws/install/turtlebot3_navigation2:/home/ziad/ziad_ws/ROS2/turtlebot3_ws/install/turtlebot3_msgs:/home/ziad/ziad_ws/ROS2/turtlebot3_ws/install/turtlebot3_description:/home/ziad/ziad_ws/ROS2/turtlebot3_ws/install/turtlebot3_cartographer:/home/ziad/ziad_ws/ROS2/turtlebot3_ws/install/simple_pub_sub:/home/ziad/ziad_ws/ROS2/turtlebot3_ws/install/learning_tf2_cpp:/home/ziad/ziad_ws/ROS2/turtlebot3_ws/install/dynamixel_sdk_examples:/home/ziad/ziad_ws/ROS2/turtlebot3_ws/install/dynamixel_sdk_custom_interfaces:/home/ziad/ziad_ws/ROS2/turtlebot3_ws/install/dynamixel_sdk:/home/ziad/ziad_ws/ROS2/tutorials_work_sapce/install/urdf_tutorial_cpp:/home/ziad/ziad_ws/ROS2/tutorials_work_sapce/install/learning_tf2_cpp:/home/ziad/ziad_ws/ROS2/tutorials_work_sapce/install/simple_pub_sub:/home/ziad/ziad_ws/ROS2/tutorials_work_sapce/install/ros2_service:/opt/ros/jazzy/opt/gz_sim_vendor:/opt/ros/jazzy/opt/gz_sensors_vendor:/opt/ros/jazzy/opt/gz_physics_vendor:/opt/ros/jazzy/opt/sdformat_vendor:/opt/ros/jazzy/opt/gz_gui_vendor:/opt/ros/jazzy/opt/gz_transport_vendor:/opt/ros/jazzy/opt/gz_rendering_vendor:/opt/ros/jazzy/opt/gz_plugin_vendor:/opt/ros/jazzy/opt/gz_fuel_tools_vendor:/opt/ros/jazzy/opt/gz_msgs_vendor:/opt/ros/jazzy/opt/gz_common_vendor:/opt/ros/jazzy/opt/gz_math_vendor:/opt/ros/jazzy/opt/gz_utils_vendor:/opt/ros/jazzy/opt/gz_tools_vendor:/opt/ros/jazzy/opt/gz_ogre_next_vendor:/opt/ros/jazzy/opt/gz_dartsim_vendor:/opt/ros/jazzy/opt/gz_cmake_vendor:/home/ziad/ziad_ws/ROS2/turtlebot3_ws/install/turtlebot3_teleop:/home/ziad/ziad_ws/ROS2/turtlebot3_ws/install/turtlebot3_example:/opt/ros/jazzy DEBUGINFOD_URLS=https://debuginfod.ubuntu.com LD_LIBRARY_PATH=/home/ziad/ziad_ws/ROS2/work_space/install/apriltag_ros/lib:${LD_LIBRARY_PATH} /usr/bin/cmake /home/ziad/ziad_ws/ROS2/work_space/src/yahboom_rosmaster/yahboom_rosmaster_docking -DCMAKE_INSTALL_PREFIX=/home/ziad/ziad_ws/ROS2/work_space/install/yahboom_rosmaster_docking
[20.233s] DEBUG:colcon.colcon_core.event_handler.log_command:Invoking command in '/home/ziad/ziad_ws/ROS2/work_space/build/yahboom_rosmaster_docking': AMENT_PREFIX_PATH=/home/ziad/ziad_ws/ROS2/work_space/install/apriltag_ros:${AMENT_PREFIX_PATH} CMAKE_PREFIX_PATH=/home/ziad/ziad_ws/ROS2/work_space/install/apriltag_ros:/home/ziad/ziad_ws/ROS2/turtlebot3_ws/install/turtlebot3_simulations:/home/ziad/ziad_ws/ROS2/turtlebot3_ws/install/turtlebot3_fake_node:/home/ziad/ziad_ws/ROS2/turtlebot3_ws/install/turtlebot3_gazebo:/home/ziad/ziad_ws/ROS2/turtlebot3_ws/install/urdf_tutorial_cpp:/home/ziad/ziad_ws/ROS2/turtlebot3_ws/install/turtlebot3:/home/ziad/ziad_ws/ROS2/turtlebot3_ws/install/turtlebot3_bringup:/home/ziad/ziad_ws/ROS2/turtlebot3_ws/install/turtlebot3_node:/home/ziad/ziad_ws/ROS2/turtlebot3_ws/install/turtlebot3_navigation2:/home/ziad/ziad_ws/ROS2/turtlebot3_ws/install/turtlebot3_msgs:/home/ziad/ziad_ws/ROS2/turtlebot3_ws/install/turtlebot3_description:/home/ziad/ziad_ws/ROS2/turtlebot3_ws/install/turtlebot3_cartographer:/home/ziad/ziad_ws/ROS2/turtlebot3_ws/install/simple_pub_sub:/home/ziad/ziad_ws/ROS2/turtlebot3_ws/install/learning_tf2_cpp:/home/ziad/ziad_ws/ROS2/turtlebot3_ws/install/dynamixel_sdk_examples:/home/ziad/ziad_ws/ROS2/turtlebot3_ws/install/dynamixel_sdk_custom_interfaces:/home/ziad/ziad_ws/ROS2/turtlebot3_ws/install/dynamixel_sdk:/home/ziad/ziad_ws/ROS2/tutorials_work_sapce/install/urdf_tutorial_cpp:/home/ziad/ziad_ws/ROS2/tutorials_work_sapce/install/learning_tf2_cpp:/home/ziad/ziad_ws/ROS2/tutorials_work_sapce/install/simple_pub_sub:/home/ziad/ziad_ws/ROS2/tutorials_work_sapce/install/ros2_service:/opt/ros/jazzy/opt/gz_sim_vendor:/opt/ros/jazzy/opt/gz_sensors_vendor:/opt/ros/jazzy/opt/gz_physics_vendor:/opt/ros/jazzy/opt/sdformat_vendor:/opt/ros/jazzy/opt/gz_gui_vendor:/opt/ros/jazzy/opt/gz_transport_vendor:/opt/ros/jazzy/opt/gz_rendering_vendor:/opt/ros/jazzy/opt/gz_plugin_vendor:/opt/ros/jazzy/opt/gz_fuel_tools_vendor:/opt/ros/jazzy/opt/gz_msgs_vendor:/opt/ros/jazzy/opt/gz_common_vendor:/opt/ros/jazzy/opt/gz_math_vendor:/opt/ros/jazzy/opt/gz_utils_vendor:/opt/ros/jazzy/opt/gz_tools_vendor:/opt/ros/jazzy/opt/gz_ogre_next_vendor:/opt/ros/jazzy/opt/gz_dartsim_vendor:/opt/ros/jazzy/opt/gz_cmake_vendor:/home/ziad/ziad_ws/ROS2/turtlebot3_ws/install/turtlebot3_teleop:/home/ziad/ziad_ws/ROS2/turtlebot3_ws/install/turtlebot3_example:/opt/ros/jazzy DEBUGINFOD_URLS=https://debuginfod.ubuntu.com LD_LIBRARY_PATH=/home/ziad/ziad_ws/ROS2/work_space/install/apriltag_ros/lib:${LD_LIBRARY_PATH} /usr/bin/cmake --build /home/ziad/ziad_ws/ROS2/work_space/build/yahboom_rosmaster_docking -- -j4 -l4
[21.020s] DEBUG:colcon.colcon_core.event_handler.log_command:Invoked command in '/home/ziad/ziad_ws/ROS2/work_space/build/yahboom_rosmaster_docking' returned '0': AMENT_PREFIX_PATH=/home/ziad/ziad_ws/ROS2/work_space/install/apriltag_ros:${AMENT_PREFIX_PATH} CMAKE_PREFIX_PATH=/home/ziad/ziad_ws/ROS2/work_space/install/apriltag_ros:/home/ziad/ziad_ws/ROS2/turtlebot3_ws/install/turtlebot3_simulations:/home/ziad/ziad_ws/ROS2/turtlebot3_ws/install/turtlebot3_fake_node:/home/ziad/ziad_ws/ROS2/turtlebot3_ws/install/turtlebot3_gazebo:/home/ziad/ziad_ws/ROS2/turtlebot3_ws/install/urdf_tutorial_cpp:/home/ziad/ziad_ws/ROS2/turtlebot3_ws/install/turtlebot3:/home/ziad/ziad_ws/ROS2/turtlebot3_ws/install/turtlebot3_bringup:/home/ziad/ziad_ws/ROS2/turtlebot3_ws/install/turtlebot3_node:/home/ziad/ziad_ws/ROS2/turtlebot3_ws/install/turtlebot3_navigation2:/home/ziad/ziad_ws/ROS2/turtlebot3_ws/install/turtlebot3_msgs:/home/ziad/ziad_ws/ROS2/turtlebot3_ws/install/turtlebot3_description:/home/ziad/ziad_ws/ROS2/turtlebot3_ws/install/turtlebot3_cartographer:/home/ziad/ziad_ws/ROS2/turtlebot3_ws/install/simple_pub_sub:/home/ziad/ziad_ws/ROS2/turtlebot3_ws/install/learning_tf2_cpp:/home/ziad/ziad_ws/ROS2/turtlebot3_ws/install/dynamixel_sdk_examples:/home/ziad/ziad_ws/ROS2/turtlebot3_ws/install/dynamixel_sdk_custom_interfaces:/home/ziad/ziad_ws/ROS2/turtlebot3_ws/install/dynamixel_sdk:/home/ziad/ziad_ws/ROS2/tutorials_work_sapce/install/urdf_tutorial_cpp:/home/ziad/ziad_ws/ROS2/tutorials_work_sapce/install/learning_tf2_cpp:/home/ziad/ziad_ws/ROS2/tutorials_work_sapce/install/simple_pub_sub:/home/ziad/ziad_ws/ROS2/tutorials_work_sapce/install/ros2_service:/opt/ros/jazzy/opt/gz_sim_vendor:/opt/ros/jazzy/opt/gz_sensors_vendor:/opt/ros/jazzy/opt/gz_physics_vendor:/opt/ros/jazzy/opt/sdformat_vendor:/opt/ros/jazzy/opt/gz_gui_vendor:/opt/ros/jazzy/opt/gz_transport_vendor:/opt/ros/jazzy/opt/gz_rendering_vendor:/opt/ros/jazzy/opt/gz_plugin_vendor:/opt/ros/jazzy/opt/gz_fuel_tools_vendor:/opt/ros/jazzy/opt/gz_msgs_vendor:/opt/ros/jazzy/opt/gz_common_vendor:/opt/ros/jazzy/opt/gz_math_vendor:/opt/ros/jazzy/opt/gz_utils_vendor:/opt/ros/jazzy/opt/gz_tools_vendor:/opt/ros/jazzy/opt/gz_ogre_next_vendor:/opt/ros/jazzy/opt/gz_dartsim_vendor:/opt/ros/jazzy/opt/gz_cmake_vendor:/home/ziad/ziad_ws/ROS2/turtlebot3_ws/install/turtlebot3_teleop:/home/ziad/ziad_ws/ROS2/turtlebot3_ws/install/turtlebot3_example:/opt/ros/jazzy DEBUGINFOD_URLS=https://debuginfod.ubuntu.com LD_LIBRARY_PATH=/home/ziad/ziad_ws/ROS2/work_space/install/apriltag_ros/lib:${LD_LIBRARY_PATH} /usr/bin/cmake --build /home/ziad/ziad_ws/ROS2/work_space/build/yahboom_rosmaster_docking -- -j4 -l4
[21.039s] DEBUG:colcon.colcon_core.event_handler.log_command:Invoking command in '/home/ziad/ziad_ws/ROS2/work_space/build/yahboom_rosmaster_docking': AMENT_PREFIX_PATH=/home/ziad/ziad_ws/ROS2/work_space/install/apriltag_ros:${AMENT_PREFIX_PATH} CMAKE_PREFIX_PATH=/home/ziad/ziad_ws/ROS2/work_space/install/apriltag_ros:/home/ziad/ziad_ws/ROS2/turtlebot3_ws/install/turtlebot3_simulations:/home/ziad/ziad_ws/ROS2/turtlebot3_ws/install/turtlebot3_fake_node:/home/ziad/ziad_ws/ROS2/turtlebot3_ws/install/turtlebot3_gazebo:/home/ziad/ziad_ws/ROS2/turtlebot3_ws/install/urdf_tutorial_cpp:/home/ziad/ziad_ws/ROS2/turtlebot3_ws/install/turtlebot3:/home/ziad/ziad_ws/ROS2/turtlebot3_ws/install/turtlebot3_bringup:/home/ziad/ziad_ws/ROS2/turtlebot3_ws/install/turtlebot3_node:/home/ziad/ziad_ws/ROS2/turtlebot3_ws/install/turtlebot3_navigation2:/home/ziad/ziad_ws/ROS2/turtlebot3_ws/install/turtlebot3_msgs:/home/ziad/ziad_ws/ROS2/turtlebot3_ws/install/turtlebot3_description:/home/ziad/ziad_ws/ROS2/turtlebot3_ws/install/turtlebot3_cartographer:/home/ziad/ziad_ws/ROS2/turtlebot3_ws/install/simple_pub_sub:/home/ziad/ziad_ws/ROS2/turtlebot3_ws/install/learning_tf2_cpp:/home/ziad/ziad_ws/ROS2/turtlebot3_ws/install/dynamixel_sdk_examples:/home/ziad/ziad_ws/ROS2/turtlebot3_ws/install/dynamixel_sdk_custom_interfaces:/home/ziad/ziad_ws/ROS2/turtlebot3_ws/install/dynamixel_sdk:/home/ziad/ziad_ws/ROS2/tutorials_work_sapce/install/urdf_tutorial_cpp:/home/ziad/ziad_ws/ROS2/tutorials_work_sapce/install/learning_tf2_cpp:/home/ziad/ziad_ws/ROS2/tutorials_work_sapce/install/simple_pub_sub:/home/ziad/ziad_ws/ROS2/tutorials_work_sapce/install/ros2_service:/opt/ros/jazzy/opt/gz_sim_vendor:/opt/ros/jazzy/opt/gz_sensors_vendor:/opt/ros/jazzy/opt/gz_physics_vendor:/opt/ros/jazzy/opt/sdformat_vendor:/opt/ros/jazzy/opt/gz_gui_vendor:/opt/ros/jazzy/opt/gz_transport_vendor:/opt/ros/jazzy/opt/gz_rendering_vendor:/opt/ros/jazzy/opt/gz_plugin_vendor:/opt/ros/jazzy/opt/gz_fuel_tools_vendor:/opt/ros/jazzy/opt/gz_msgs_vendor:/opt/ros/jazzy/opt/gz_common_vendor:/opt/ros/jazzy/opt/gz_math_vendor:/opt/ros/jazzy/opt/gz_utils_vendor:/opt/ros/jazzy/opt/gz_tools_vendor:/opt/ros/jazzy/opt/gz_ogre_next_vendor:/opt/ros/jazzy/opt/gz_dartsim_vendor:/opt/ros/jazzy/opt/gz_cmake_vendor:/home/ziad/ziad_ws/ROS2/turtlebot3_ws/install/turtlebot3_teleop:/home/ziad/ziad_ws/ROS2/turtlebot3_ws/install/turtlebot3_example:/opt/ros/jazzy DEBUGINFOD_URLS=https://debuginfod.ubuntu.com LD_LIBRARY_PATH=/home/ziad/ziad_ws/ROS2/work_space/install/apriltag_ros/lib:${LD_LIBRARY_PATH} /usr/bin/cmake --install /home/ziad/ziad_ws/ROS2/work_space/build/yahboom_rosmaster_docking
[21.384s] Level 1:colcon.colcon_core.environment:create_environment_scripts_only(yahboom_rosmaster_docking)
[21.387s] Level 1:colcon.colcon_core.environment:checking '/home/ziad/ziad_ws/ROS2/work_space/install/yahboom_rosmaster_docking' for CMake module files
[21.385s] DEBUG:colcon.colcon_core.event_handler.log_command:Invoked command in '/home/ziad/ziad_ws/ROS2/work_space/build/yahboom_rosmaster_docking' returned '0': AMENT_PREFIX_PATH=/home/ziad/ziad_ws/ROS2/work_space/install/apriltag_ros:${AMENT_PREFIX_PATH} CMAKE_PREFIX_PATH=/home/ziad/ziad_ws/ROS2/work_space/install/apriltag_ros:/home/ziad/ziad_ws/ROS2/turtlebot3_ws/install/turtlebot3_simulations:/home/ziad/ziad_ws/ROS2/turtlebot3_ws/install/turtlebot3_fake_node:/home/ziad/ziad_ws/ROS2/turtlebot3_ws/install/turtlebot3_gazebo:/home/ziad/ziad_ws/ROS2/turtlebot3_ws/install/urdf_tutorial_cpp:/home/ziad/ziad_ws/ROS2/turtlebot3_ws/install/turtlebot3:/home/ziad/ziad_ws/ROS2/turtlebot3_ws/install/turtlebot3_bringup:/home/ziad/ziad_ws/ROS2/turtlebot3_ws/install/turtlebot3_node:/home/ziad/ziad_ws/ROS2/turtlebot3_ws/install/turtlebot3_navigation2:/home/ziad/ziad_ws/ROS2/turtlebot3_ws/install/turtlebot3_msgs:/home/ziad/ziad_ws/ROS2/turtlebot3_ws/install/turtlebot3_description:/home/ziad/ziad_ws/ROS2/turtlebot3_ws/install/turtlebot3_cartographer:/home/ziad/ziad_ws/ROS2/turtlebot3_ws/install/simple_pub_sub:/home/ziad/ziad_ws/ROS2/turtlebot3_ws/install/learning_tf2_cpp:/home/ziad/ziad_ws/ROS2/turtlebot3_ws/install/dynamixel_sdk_examples:/home/ziad/ziad_ws/ROS2/turtlebot3_ws/install/dynamixel_sdk_custom_interfaces:/home/ziad/ziad_ws/ROS2/turtlebot3_ws/install/dynamixel_sdk:/home/ziad/ziad_ws/ROS2/tutorials_work_sapce/install/urdf_tutorial_cpp:/home/ziad/ziad_ws/ROS2/tutorials_work_sapce/install/learning_tf2_cpp:/home/ziad/ziad_ws/ROS2/tutorials_work_sapce/install/simple_pub_sub:/home/ziad/ziad_ws/ROS2/tutorials_work_sapce/install/ros2_service:/opt/ros/jazzy/opt/gz_sim_vendor:/opt/ros/jazzy/opt/gz_sensors_vendor:/opt/ros/jazzy/opt/gz_physics_vendor:/opt/ros/jazzy/opt/sdformat_vendor:/opt/ros/jazzy/opt/gz_gui_vendor:/opt/ros/jazzy/opt/gz_transport_vendor:/opt/ros/jazzy/opt/gz_rendering_vendor:/opt/ros/jazzy/opt/gz_plugin_vendor:/opt/ros/jazzy/opt/gz_fuel_tools_vendor:/opt/ros/jazzy/opt/gz_msgs_vendor:/opt/ros/jazzy/opt/gz_common_vendor:/opt/ros/jazzy/opt/gz_math_vendor:/opt/ros/jazzy/opt/gz_utils_vendor:/opt/ros/jazzy/opt/gz_tools_vendor:/opt/ros/jazzy/opt/gz_ogre_next_vendor:/opt/ros/jazzy/opt/gz_dartsim_vendor:/opt/ros/jazzy/opt/gz_cmake_vendor:/home/ziad/ziad_ws/ROS2/turtlebot3_ws/install/turtlebot3_teleop:/home/ziad/ziad_ws/ROS2/turtlebot3_ws/install/turtlebot3_example:/opt/ros/jazzy DEBUGINFOD_URLS=https://debuginfod.ubuntu.com LD_LIBRARY_PATH=/home/ziad/ziad_ws/ROS2/work_space/install/apriltag_ros/lib:${LD_LIBRARY_PATH} /usr/bin/cmake --install /home/ziad/ziad_ws/ROS2/work_space/build/yahboom_rosmaster_docking
[21.403s] Level 1:colcon.colcon_core.environment:checking '/home/ziad/ziad_ws/ROS2/work_space/install/yahboom_rosmaster_docking' for CMake config files
[21.408s] Level 1:colcon.colcon_core.shell:create_environment_hook('yahboom_rosmaster_docking', 'cmake_prefix_path')
[21.410s] INFO:colcon.colcon_core.shell:Creating environment hook '/home/ziad/ziad_ws/ROS2/work_space/install/yahboom_rosmaster_docking/share/yahboom_rosmaster_docking/hook/cmake_prefix_path.ps1'
[21.415s] INFO:colcon.colcon_core.shell:Creating environment descriptor '/home/ziad/ziad_ws/ROS2/work_space/install/yahboom_rosmaster_docking/share/yahboom_rosmaster_docking/hook/cmake_prefix_path.dsv'
[21.424s] INFO:colcon.colcon_core.shell:Creating environment hook '/home/ziad/ziad_ws/ROS2/work_space/install/yahboom_rosmaster_docking/share/yahboom_rosmaster_docking/hook/cmake_prefix_path.sh'
[21.434s] Level 1:colcon.colcon_core.environment:checking '/home/ziad/ziad_ws/ROS2/work_space/install/yahboom_rosmaster_docking/lib'
[21.434s] Level 1:colcon.colcon_core.environment:checking '/home/ziad/ziad_ws/ROS2/work_space/install/yahboom_rosmaster_docking/bin'
[21.434s] Level 1:colcon.colcon_core.environment:checking '/home/ziad/ziad_ws/ROS2/work_space/install/yahboom_rosmaster_docking/lib/pkgconfig/yahboom_rosmaster_docking.pc'
[21.435s] Level 1:colcon.colcon_core.environment:checking '/home/ziad/ziad_ws/ROS2/work_space/install/yahboom_rosmaster_docking/lib/python3.12/site-packages'
[21.438s] Level 1:colcon.colcon_core.environment:checking '/home/ziad/ziad_ws/ROS2/work_space/install/yahboom_rosmaster_docking/bin'
[21.449s] INFO:colcon.colcon_core.shell:Creating package script '/home/ziad/ziad_ws/ROS2/work_space/install/yahboom_rosmaster_docking/share/yahboom_rosmaster_docking/package.ps1'
[21.451s] INFO:colcon.colcon_core.shell:Creating package descriptor '/home/ziad/ziad_ws/ROS2/work_space/install/yahboom_rosmaster_docking/share/yahboom_rosmaster_docking/package.dsv'
[21.459s] INFO:colcon.colcon_core.shell:Creating package script '/home/ziad/ziad_ws/ROS2/work_space/install/yahboom_rosmaster_docking/share/yahboom_rosmaster_docking/package.sh'
[21.464s] INFO:colcon.colcon_core.shell:Creating package script '/home/ziad/ziad_ws/ROS2/work_space/install/yahboom_rosmaster_docking/share/yahboom_rosmaster_docking/package.bash'
[21.476s] INFO:colcon.colcon_core.shell:Creating package script '/home/ziad/ziad_ws/ROS2/work_space/install/yahboom_rosmaster_docking/share/yahboom_rosmaster_docking/package.zsh'
[21.479s] Level 1:colcon.colcon_core.environment:create_file_with_runtime_dependencies(/home/ziad/ziad_ws/ROS2/work_space/install/yahboom_rosmaster_docking/share/colcon-core/packages/yahboom_rosmaster_docking)
[21.489s] Level 1:colcon.colcon_core.environment:create_environment_scripts_only(yahboom_rosmaster_docking)
[21.500s] Level 1:colcon.colcon_core.environment:checking '/home/ziad/ziad_ws/ROS2/work_space/install/yahboom_rosmaster_docking' for CMake module files
[21.510s] Level 1:colcon.colcon_core.environment:checking '/home/ziad/ziad_ws/ROS2/work_space/install/yahboom_rosmaster_docking' for CMake config files
[21.512s] Level 1:colcon.colcon_core.shell:create_environment_hook('yahboom_rosmaster_docking', 'cmake_prefix_path')
[21.513s] INFO:colcon.colcon_core.shell:Creating environment hook '/home/ziad/ziad_ws/ROS2/work_space/install/yahboom_rosmaster_docking/share/yahboom_rosmaster_docking/hook/cmake_prefix_path.ps1'
[21.521s] INFO:colcon.colcon_core.shell:Creating environment descriptor '/home/ziad/ziad_ws/ROS2/work_space/install/yahboom_rosmaster_docking/share/yahboom_rosmaster_docking/hook/cmake_prefix_path.dsv'
[21.523s] INFO:colcon.colcon_core.shell:Creating environment hook '/home/ziad/ziad_ws/ROS2/work_space/install/yahboom_rosmaster_docking/share/yahboom_rosmaster_docking/hook/cmake_prefix_path.sh'
[21.526s] Level 1:colcon.colcon_core.environment:checking '/home/ziad/ziad_ws/ROS2/work_space/install/yahboom_rosmaster_docking/lib'
[21.527s] Level 1:colcon.colcon_core.environment:checking '/home/ziad/ziad_ws/ROS2/work_space/install/yahboom_rosmaster_docking/bin'
[21.527s] Level 1:colcon.colcon_core.environment:checking '/home/ziad/ziad_ws/ROS2/work_space/install/yahboom_rosmaster_docking/lib/pkgconfig/yahboom_rosmaster_docking.pc'
[21.528s] Level 1:colcon.colcon_core.environment:checking '/home/ziad/ziad_ws/ROS2/work_space/install/yahboom_rosmaster_docking/lib/python3.12/site-packages'
[21.528s] Level 1:colcon.colcon_core.environment:checking '/home/ziad/ziad_ws/ROS2/work_space/install/yahboom_rosmaster_docking/bin'
[21.529s] INFO:colcon.colcon_core.shell:Creating package script '/home/ziad/ziad_ws/ROS2/work_space/install/yahboom_rosmaster_docking/share/yahboom_rosmaster_docking/package.ps1'
[21.531s] INFO:colcon.colcon_core.shell:Creating package descriptor '/home/ziad/ziad_ws/ROS2/work_space/install/yahboom_rosmaster_docking/share/yahboom_rosmaster_docking/package.dsv'
[21.532s] INFO:colcon.colcon_core.shell:Creating package script '/home/ziad/ziad_ws/ROS2/work_space/install/yahboom_rosmaster_docking/share/yahboom_rosmaster_docking/package.sh'
[21.535s] INFO:colcon.colcon_core.shell:Creating package script '/home/ziad/ziad_ws/ROS2/work_space/install/yahboom_rosmaster_docking/share/yahboom_rosmaster_docking/package.bash'
[21.544s] INFO:colcon.colcon_core.shell:Creating package script '/home/ziad/ziad_ws/ROS2/work_space/install/yahboom_rosmaster_docking/share/yahboom_rosmaster_docking/package.zsh'
[21.548s] Level 1:colcon.colcon_core.environment:create_file_with_runtime_dependencies(/home/ziad/ziad_ws/ROS2/work_space/install/yahboom_rosmaster_docking/share/colcon-core/packages/yahboom_rosmaster_docking)
[21.550s] INFO:colcon.colcon_ros.task.ament_cmake.build:Building ROS package in '/home/ziad/ziad_ws/ROS2/work_space/src/custom_action_interfaces' with build type 'ament_cmake'
[21.551s] INFO:colcon.colcon_cmake.task.cmake.build:Building CMake package in '/home/ziad/ziad_ws/ROS2/work_space/src/custom_action_interfaces'
[21.551s] INFO:colcon.colcon_core.shell:Skip shell extension 'powershell' for command environment: Not usable outside of PowerShell
[21.551s] DEBUG:colcon.colcon_core.shell:Skip shell extension 'dsv' for command environment
[21.658s] DEBUG:colcon.colcon_core.event_handler.log_command:Invoking command in '/home/ziad/ziad_ws/ROS2/work_space/build/custom_action_interfaces': CMAKE_PREFIX_PATH=${CMAKE_PREFIX_PATH}:/home/ziad/ziad_ws/ROS2/turtlebot3_ws/install/turtlebot3_teleop:/home/ziad/ziad_ws/ROS2/turtlebot3_ws/install/turtlebot3_example:/opt/ros/jazzy DEBUGINFOD_URLS=https://debuginfod.ubuntu.com /usr/bin/cmake /home/ziad/ziad_ws/ROS2/work_space/src/custom_action_interfaces -DCMAKE_INSTALL_PREFIX=/home/ziad/ziad_ws/ROS2/work_space/install/custom_action_interfaces
[21.900s] DEBUG:colcon.colcon_core.event_handler.log_command:Invoked command in '/home/ziad/ziad_ws/ROS2/work_space/build/yahboom_rosmaster_msgs' returned '0': CMAKE_PREFIX_PATH=${CMAKE_PREFIX_PATH}:/home/ziad/ziad_ws/ROS2/turtlebot3_ws/install/turtlebot3_teleop:/home/ziad/ziad_ws/ROS2/turtlebot3_ws/install/turtlebot3_example:/opt/ros/jazzy DEBUGINFOD_URLS=https://debuginfod.ubuntu.com /usr/bin/cmake --build /home/ziad/ziad_ws/ROS2/work_space/build/yahboom_rosmaster_msgs -- -j4 -l4
[21.908s] DEBUG:colcon.colcon_core.event_handler.log_command:Invoking command in '/home/ziad/ziad_ws/ROS2/work_space/build/yahboom_rosmaster_msgs': CMAKE_PREFIX_PATH=${CMAKE_PREFIX_PATH}:/home/ziad/ziad_ws/ROS2/turtlebot3_ws/install/turtlebot3_teleop:/home/ziad/ziad_ws/ROS2/turtlebot3_ws/install/turtlebot3_example:/opt/ros/jazzy DEBUGINFOD_URLS=https://debuginfod.ubuntu.com /usr/bin/cmake --install /home/ziad/ziad_ws/ROS2/work_space/build/yahboom_rosmaster_msgs
[21.989s] Level 1:colcon.colcon_core.environment:create_environment_scripts_only(yahboom_rosmaster_gazebo)
[21.990s] Level 1:colcon.colcon_core.environment:checking '/home/ziad/ziad_ws/ROS2/work_space/install/yahboom_rosmaster_gazebo' for CMake module files
[21.995s] Level 1:colcon.colcon_core.environment:checking '/home/ziad/ziad_ws/ROS2/work_space/install/yahboom_rosmaster_gazebo' for CMake config files
[21.996s] DEBUG:colcon.colcon_core.event_handler.log_command:Invoked command in '/home/ziad/ziad_ws/ROS2/work_space/build/yahboom_rosmaster_gazebo' returned '0': CMAKE_PREFIX_PATH=${CMAKE_PREFIX_PATH}:/home/ziad/ziad_ws/ROS2/turtlebot3_ws/install/turtlebot3_teleop:/home/ziad/ziad_ws/ROS2/turtlebot3_ws/install/turtlebot3_example:/opt/ros/jazzy DEBUGINFOD_URLS=https://debuginfod.ubuntu.com /usr/bin/cmake --install /home/ziad/ziad_ws/ROS2/work_space/build/yahboom_rosmaster_gazebo
[21.999s] Level 1:colcon.colcon_core.shell:create_environment_hook('yahboom_rosmaster_gazebo', 'cmake_prefix_path')
[22.000s] INFO:colcon.colcon_core.shell:Creating environment hook '/home/ziad/ziad_ws/ROS2/work_space/install/yahboom_rosmaster_gazebo/share/yahboom_rosmaster_gazebo/hook/cmake_prefix_path.ps1'
[22.014s] INFO:colcon.colcon_core.shell:Creating environment descriptor '/home/ziad/ziad_ws/ROS2/work_space/install/yahboom_rosmaster_gazebo/share/yahboom_rosmaster_gazebo/hook/cmake_prefix_path.dsv'
[22.017s] INFO:colcon.colcon_core.shell:Creating environment hook '/home/ziad/ziad_ws/ROS2/work_space/install/yahboom_rosmaster_gazebo/share/yahboom_rosmaster_gazebo/hook/cmake_prefix_path.sh'
[22.020s] Level 1:colcon.colcon_core.environment:checking '/home/ziad/ziad_ws/ROS2/work_space/install/yahboom_rosmaster_gazebo/bin'
[22.020s] Level 1:colcon.colcon_core.environment:checking '/home/ziad/ziad_ws/ROS2/work_space/install/yahboom_rosmaster_gazebo/lib/pkgconfig/yahboom_rosmaster_gazebo.pc'
[22.023s] Level 1:colcon.colcon_core.environment:checking '/home/ziad/ziad_ws/ROS2/work_space/install/yahboom_rosmaster_gazebo/lib/python3.12/site-packages'
[22.025s] Level 1:colcon.colcon_core.environment:checking '/home/ziad/ziad_ws/ROS2/work_space/install/yahboom_rosmaster_gazebo/bin'
[22.026s] INFO:colcon.colcon_core.shell:Creating package script '/home/ziad/ziad_ws/ROS2/work_space/install/yahboom_rosmaster_gazebo/share/yahboom_rosmaster_gazebo/package.ps1'
[22.027s] INFO:colcon.colcon_core.shell:Creating package descriptor '/home/ziad/ziad_ws/ROS2/work_space/install/yahboom_rosmaster_gazebo/share/yahboom_rosmaster_gazebo/package.dsv'
[22.028s] INFO:colcon.colcon_core.shell:Creating package script '/home/ziad/ziad_ws/ROS2/work_space/install/yahboom_rosmaster_gazebo/share/yahboom_rosmaster_gazebo/package.sh'
[22.029s] INFO:colcon.colcon_core.shell:Creating package script '/home/ziad/ziad_ws/ROS2/work_space/install/yahboom_rosmaster_gazebo/share/yahboom_rosmaster_gazebo/package.bash'
[22.030s] INFO:colcon.colcon_core.shell:Creating package script '/home/ziad/ziad_ws/ROS2/work_space/install/yahboom_rosmaster_gazebo/share/yahboom_rosmaster_gazebo/package.zsh'
[22.035s] Level 1:colcon.colcon_core.environment:create_file_with_runtime_dependencies(/home/ziad/ziad_ws/ROS2/work_space/install/yahboom_rosmaster_gazebo/share/colcon-core/packages/yahboom_rosmaster_gazebo)
[22.048s] Level 1:colcon.colcon_core.environment:create_environment_scripts_only(yahboom_rosmaster_gazebo)
[22.048s] Level 1:colcon.colcon_core.environment:checking '/home/ziad/ziad_ws/ROS2/work_space/install/yahboom_rosmaster_gazebo' for CMake module files
[22.051s] Level 1:colcon.colcon_core.environment:checking '/home/ziad/ziad_ws/ROS2/work_space/install/yahboom_rosmaster_gazebo' for CMake config files
[22.051s] Level 1:colcon.colcon_core.shell:create_environment_hook('yahboom_rosmaster_gazebo', 'cmake_prefix_path')
[22.052s] INFO:colcon.colcon_core.shell:Creating environment hook '/home/ziad/ziad_ws/ROS2/work_space/install/yahboom_rosmaster_gazebo/share/yahboom_rosmaster_gazebo/hook/cmake_prefix_path.ps1'
[22.059s] INFO:colcon.colcon_core.shell:Creating environment descriptor '/home/ziad/ziad_ws/ROS2/work_space/install/yahboom_rosmaster_gazebo/share/yahboom_rosmaster_gazebo/hook/cmake_prefix_path.dsv'
[22.061s] INFO:colcon.colcon_core.shell:Creating environment hook '/home/ziad/ziad_ws/ROS2/work_space/install/yahboom_rosmaster_gazebo/share/yahboom_rosmaster_gazebo/hook/cmake_prefix_path.sh'
[22.080s] Level 1:colcon.colcon_core.environment:checking '/home/ziad/ziad_ws/ROS2/work_space/install/yahboom_rosmaster_gazebo/bin'
[22.081s] Level 1:colcon.colcon_core.environment:checking '/home/ziad/ziad_ws/ROS2/work_space/install/yahboom_rosmaster_gazebo/lib/pkgconfig/yahboom_rosmaster_gazebo.pc'
[22.084s] Level 1:colcon.colcon_core.environment:checking '/home/ziad/ziad_ws/ROS2/work_space/install/yahboom_rosmaster_gazebo/lib/python3.12/site-packages'
[22.085s] Level 1:colcon.colcon_core.environment:checking '/home/ziad/ziad_ws/ROS2/work_space/install/yahboom_rosmaster_gazebo/bin'
[22.086s] INFO:colcon.colcon_core.shell:Creating package script '/home/ziad/ziad_ws/ROS2/work_space/install/yahboom_rosmaster_gazebo/share/yahboom_rosmaster_gazebo/package.ps1'
[22.104s] INFO:colcon.colcon_core.shell:Creating package descriptor '/home/ziad/ziad_ws/ROS2/work_space/install/yahboom_rosmaster_gazebo/share/yahboom_rosmaster_gazebo/package.dsv'
[22.109s] INFO:colcon.colcon_core.shell:Creating package script '/home/ziad/ziad_ws/ROS2/work_space/install/yahboom_rosmaster_gazebo/share/yahboom_rosmaster_gazebo/package.sh'
[22.112s] INFO:colcon.colcon_core.shell:Creating package script '/home/ziad/ziad_ws/ROS2/work_space/install/yahboom_rosmaster_gazebo/share/yahboom_rosmaster_gazebo/package.bash'
[22.115s] INFO:colcon.colcon_core.shell:Creating package script '/home/ziad/ziad_ws/ROS2/work_space/install/yahboom_rosmaster_gazebo/share/yahboom_rosmaster_gazebo/package.zsh'
[22.116s] Level 1:colcon.colcon_core.environment:create_file_with_runtime_dependencies(/home/ziad/ziad_ws/ROS2/work_space/install/yahboom_rosmaster_gazebo/share/colcon-core/packages/yahboom_rosmaster_gazebo)
[22.117s] INFO:colcon.colcon_ros.task.ament_cmake.build:Building ROS package in '/home/ziad/ziad_ws/ROS2/work_space/src/yahboom_rosmaster/mecanum_drive_controller' with build type 'ament_cmake'
[22.117s] INFO:colcon.colcon_cmake.task.cmake.build:Building CMake package in '/home/ziad/ziad_ws/ROS2/work_space/src/yahboom_rosmaster/mecanum_drive_controller'
[22.117s] INFO:colcon.colcon_core.shell:Skip shell extension 'powershell' for command environment: Not usable outside of PowerShell
[22.117s] DEBUG:colcon.colcon_core.shell:Skip shell extension 'dsv' for command environment
[22.166s] DEBUG:colcon.colcon_core.event_handler.log_command:Invoked command in '/home/ziad/ziad_ws/ROS2/work_space/build/yahboom_rosmaster_navigation' returned '0': CMAKE_PREFIX_PATH=${CMAKE_PREFIX_PATH}:/home/ziad/ziad_ws/ROS2/turtlebot3_ws/install/turtlebot3_teleop:/home/ziad/ziad_ws/ROS2/turtlebot3_ws/install/turtlebot3_example:/opt/ros/jazzy DEBUGINFOD_URLS=https://debuginfod.ubuntu.com /usr/bin/cmake /home/ziad/ziad_ws/ROS2/work_space/src/yahboom_rosmaster/yahboom_rosmaster_navigation -DCMAKE_INSTALL_PREFIX=/home/ziad/ziad_ws/ROS2/work_space/install/yahboom_rosmaster_navigation
[22.169s] DEBUG:colcon.colcon_core.event_handler.log_command:Invoking command in '/home/ziad/ziad_ws/ROS2/work_space/build/yahboom_rosmaster_navigation': CMAKE_PREFIX_PATH=${CMAKE_PREFIX_PATH}:/home/ziad/ziad_ws/ROS2/turtlebot3_ws/install/turtlebot3_teleop:/home/ziad/ziad_ws/ROS2/turtlebot3_ws/install/turtlebot3_example:/opt/ros/jazzy DEBUGINFOD_URLS=https://debuginfod.ubuntu.com /usr/bin/cmake --build /home/ziad/ziad_ws/ROS2/work_space/build/yahboom_rosmaster_navigation -- -j4 -l4
[22.205s] DEBUG:colcon.colcon_core.event_handler.log_command:Invoking command in '/home/ziad/ziad_ws/ROS2/work_space/build/mecanum_drive_controller': CMAKE_PREFIX_PATH=${CMAKE_PREFIX_PATH}:/home/ziad/ziad_ws/ROS2/turtlebot3_ws/install/turtlebot3_teleop:/home/ziad/ziad_ws/ROS2/turtlebot3_ws/install/turtlebot3_example:/opt/ros/jazzy DEBUGINFOD_URLS=https://debuginfod.ubuntu.com /usr/bin/cmake /home/ziad/ziad_ws/ROS2/work_space/src/yahboom_rosmaster/mecanum_drive_controller -DCMAKE_INSTALL_PREFIX=/home/ziad/ziad_ws/ROS2/work_space/install/mecanum_drive_controller
[22.918s] Level 1:colcon.colcon_core.environment:create_environment_scripts_only(yahboom_rosmaster_msgs)
[22.919s] Level 1:colcon.colcon_core.environment:checking '/home/ziad/ziad_ws/ROS2/work_space/install/yahboom_rosmaster_msgs' for CMake module files
[22.920s] DEBUG:colcon.colcon_core.event_handler.log_command:Invoked command in '/home/ziad/ziad_ws/ROS2/work_space/build/yahboom_rosmaster_msgs' returned '0': CMAKE_PREFIX_PATH=${CMAKE_PREFIX_PATH}:/home/ziad/ziad_ws/ROS2/turtlebot3_ws/install/turtlebot3_teleop:/home/ziad/ziad_ws/ROS2/turtlebot3_ws/install/turtlebot3_example:/opt/ros/jazzy DEBUGINFOD_URLS=https://debuginfod.ubuntu.com /usr/bin/cmake --install /home/ziad/ziad_ws/ROS2/work_space/build/yahboom_rosmaster_msgs
[22.933s] Level 1:colcon.colcon_core.environment:checking '/home/ziad/ziad_ws/ROS2/work_space/install/yahboom_rosmaster_msgs' for CMake config files
[22.946s] Level 1:colcon.colcon_core.shell:create_environment_hook('yahboom_rosmaster_msgs', 'cmake_prefix_path')
[22.947s] INFO:colcon.colcon_core.shell:Creating environment hook '/home/ziad/ziad_ws/ROS2/work_space/install/yahboom_rosmaster_msgs/share/yahboom_rosmaster_msgs/hook/cmake_prefix_path.ps1'
[22.948s] INFO:colcon.colcon_core.shell:Creating environment descriptor '/home/ziad/ziad_ws/ROS2/work_space/install/yahboom_rosmaster_msgs/share/yahboom_rosmaster_msgs/hook/cmake_prefix_path.dsv'
[22.949s] INFO:colcon.colcon_core.shell:Creating environment hook '/home/ziad/ziad_ws/ROS2/work_space/install/yahboom_rosmaster_msgs/share/yahboom_rosmaster_msgs/hook/cmake_prefix_path.sh'
[22.953s] Level 1:colcon.colcon_core.environment:checking '/home/ziad/ziad_ws/ROS2/work_space/install/yahboom_rosmaster_msgs/lib'
[22.953s] Level 1:colcon.colcon_core.shell:create_environment_hook('yahboom_rosmaster_msgs', 'ld_library_path_lib')
[22.954s] INFO:colcon.colcon_core.shell:Creating environment hook '/home/ziad/ziad_ws/ROS2/work_space/install/yahboom_rosmaster_msgs/share/yahboom_rosmaster_msgs/hook/ld_library_path_lib.ps1'
[22.959s] INFO:colcon.colcon_core.shell:Creating environment descriptor '/home/ziad/ziad_ws/ROS2/work_space/install/yahboom_rosmaster_msgs/share/yahboom_rosmaster_msgs/hook/ld_library_path_lib.dsv'
[22.962s] INFO:colcon.colcon_core.shell:Creating environment hook '/home/ziad/ziad_ws/ROS2/work_space/install/yahboom_rosmaster_msgs/share/yahboom_rosmaster_msgs/hook/ld_library_path_lib.sh'
[22.992s] Level 1:colcon.colcon_core.environment:checking '/home/ziad/ziad_ws/ROS2/work_space/install/yahboom_rosmaster_msgs/bin'
[22.993s] Level 1:colcon.colcon_core.environment:checking '/home/ziad/ziad_ws/ROS2/work_space/install/yahboom_rosmaster_msgs/lib/pkgconfig/yahboom_rosmaster_msgs.pc'
[22.994s] Level 1:colcon.colcon_core.environment:checking '/home/ziad/ziad_ws/ROS2/work_space/install/yahboom_rosmaster_msgs/lib/python3.12/site-packages'
[22.994s] Level 1:colcon.colcon_core.shell:create_environment_hook('yahboom_rosmaster_msgs', 'pythonpath')
[23.016s] INFO:colcon.colcon_core.shell:Creating environment hook '/home/ziad/ziad_ws/ROS2/work_space/install/yahboom_rosmaster_msgs/share/yahboom_rosmaster_msgs/hook/pythonpath.ps1'
[23.017s] INFO:colcon.colcon_core.shell:Creating environment descriptor '/home/ziad/ziad_ws/ROS2/work_space/install/yahboom_rosmaster_msgs/share/yahboom_rosmaster_msgs/hook/pythonpath.dsv'
[23.024s] INFO:colcon.colcon_core.shell:Creating environment hook '/home/ziad/ziad_ws/ROS2/work_space/install/yahboom_rosmaster_msgs/share/yahboom_rosmaster_msgs/hook/pythonpath.sh'
[23.034s] Level 1:colcon.colcon_core.environment:checking '/home/ziad/ziad_ws/ROS2/work_space/install/yahboom_rosmaster_msgs/bin'
[23.035s] INFO:colcon.colcon_core.shell:Creating package script '/home/ziad/ziad_ws/ROS2/work_space/install/yahboom_rosmaster_msgs/share/yahboom_rosmaster_msgs/package.ps1'
[23.054s] INFO:colcon.colcon_core.shell:Creating package descriptor '/home/ziad/ziad_ws/ROS2/work_space/install/yahboom_rosmaster_msgs/share/yahboom_rosmaster_msgs/package.dsv'
[23.064s] INFO:colcon.colcon_core.shell:Creating package script '/home/ziad/ziad_ws/ROS2/work_space/install/yahboom_rosmaster_msgs/share/yahboom_rosmaster_msgs/package.sh'
[23.075s] INFO:colcon.colcon_core.shell:Creating package script '/home/ziad/ziad_ws/ROS2/work_space/install/yahboom_rosmaster_msgs/share/yahboom_rosmaster_msgs/package.bash'
[23.076s] INFO:colcon.colcon_core.shell:Creating package script '/home/ziad/ziad_ws/ROS2/work_space/install/yahboom_rosmaster_msgs/share/yahboom_rosmaster_msgs/package.zsh'
[23.100s] Level 1:colcon.colcon_core.environment:create_file_with_runtime_dependencies(/home/ziad/ziad_ws/ROS2/work_space/install/yahboom_rosmaster_msgs/share/colcon-core/packages/yahboom_rosmaster_msgs)
[23.101s] Level 1:colcon.colcon_core.environment:create_environment_scripts_only(yahboom_rosmaster_msgs)
[23.101s] Level 1:colcon.colcon_core.environment:checking '/home/ziad/ziad_ws/ROS2/work_space/install/yahboom_rosmaster_msgs' for CMake module files
[23.136s] Level 1:colcon.colcon_core.environment:checking '/home/ziad/ziad_ws/ROS2/work_space/install/yahboom_rosmaster_msgs' for CMake config files
[23.138s] Level 1:colcon.colcon_core.shell:create_environment_hook('yahboom_rosmaster_msgs', 'cmake_prefix_path')
[23.150s] INFO:colcon.colcon_core.shell:Creating environment hook '/home/ziad/ziad_ws/ROS2/work_space/install/yahboom_rosmaster_msgs/share/yahboom_rosmaster_msgs/hook/cmake_prefix_path.ps1'
[23.152s] INFO:colcon.colcon_core.shell:Creating environment descriptor '/home/ziad/ziad_ws/ROS2/work_space/install/yahboom_rosmaster_msgs/share/yahboom_rosmaster_msgs/hook/cmake_prefix_path.dsv'
[23.156s] INFO:colcon.colcon_core.shell:Creating environment hook '/home/ziad/ziad_ws/ROS2/work_space/install/yahboom_rosmaster_msgs/share/yahboom_rosmaster_msgs/hook/cmake_prefix_path.sh'
[23.163s] Level 1:colcon.colcon_core.environment:checking '/home/ziad/ziad_ws/ROS2/work_space/install/yahboom_rosmaster_msgs/lib'
[23.164s] Level 1:colcon.colcon_core.shell:create_environment_hook('yahboom_rosmaster_msgs', 'ld_library_path_lib')
[23.176s] INFO:colcon.colcon_core.shell:Creating environment hook '/home/ziad/ziad_ws/ROS2/work_space/install/yahboom_rosmaster_msgs/share/yahboom_rosmaster_msgs/hook/ld_library_path_lib.ps1'
[23.177s] INFO:colcon.colcon_core.shell:Creating environment descriptor '/home/ziad/ziad_ws/ROS2/work_space/install/yahboom_rosmaster_msgs/share/yahboom_rosmaster_msgs/hook/ld_library_path_lib.dsv'
[23.185s] INFO:colcon.colcon_core.shell:Creating environment hook '/home/ziad/ziad_ws/ROS2/work_space/install/yahboom_rosmaster_msgs/share/yahboom_rosmaster_msgs/hook/ld_library_path_lib.sh'
[23.186s] Level 1:colcon.colcon_core.environment:checking '/home/ziad/ziad_ws/ROS2/work_space/install/yahboom_rosmaster_msgs/bin'
[23.186s] Level 1:colcon.colcon_core.environment:checking '/home/ziad/ziad_ws/ROS2/work_space/install/yahboom_rosmaster_msgs/lib/pkgconfig/yahboom_rosmaster_msgs.pc'
[23.195s] Level 1:colcon.colcon_core.environment:checking '/home/ziad/ziad_ws/ROS2/work_space/install/yahboom_rosmaster_msgs/lib/python3.12/site-packages'
[23.195s] Level 1:colcon.colcon_core.shell:create_environment_hook('yahboom_rosmaster_msgs', 'pythonpath')
[23.196s] INFO:colcon.colcon_core.shell:Creating environment hook '/home/ziad/ziad_ws/ROS2/work_space/install/yahboom_rosmaster_msgs/share/yahboom_rosmaster_msgs/hook/pythonpath.ps1'
[23.196s] INFO:colcon.colcon_core.shell:Creating environment descriptor '/home/ziad/ziad_ws/ROS2/work_space/install/yahboom_rosmaster_msgs/share/yahboom_rosmaster_msgs/hook/pythonpath.dsv'
[23.197s] INFO:colcon.colcon_core.shell:Creating environment hook '/home/ziad/ziad_ws/ROS2/work_space/install/yahboom_rosmaster_msgs/share/yahboom_rosmaster_msgs/hook/pythonpath.sh'
[23.221s] Level 1:colcon.colcon_core.environment:checking '/home/ziad/ziad_ws/ROS2/work_space/install/yahboom_rosmaster_msgs/bin'
[23.222s] INFO:colcon.colcon_core.shell:Creating package script '/home/ziad/ziad_ws/ROS2/work_space/install/yahboom_rosmaster_msgs/share/yahboom_rosmaster_msgs/package.ps1'
[23.227s] INFO:colcon.colcon_core.shell:Creating package descriptor '/home/ziad/ziad_ws/ROS2/work_space/install/yahboom_rosmaster_msgs/share/yahboom_rosmaster_msgs/package.dsv'
[23.229s] INFO:colcon.colcon_core.shell:Creating package script '/home/ziad/ziad_ws/ROS2/work_space/install/yahboom_rosmaster_msgs/share/yahboom_rosmaster_msgs/package.sh'
[23.230s] INFO:colcon.colcon_core.shell:Creating package script '/home/ziad/ziad_ws/ROS2/work_space/install/yahboom_rosmaster_msgs/share/yahboom_rosmaster_msgs/package.bash'
[23.232s] INFO:colcon.colcon_core.shell:Creating package script '/home/ziad/ziad_ws/ROS2/work_space/install/yahboom_rosmaster_msgs/share/yahboom_rosmaster_msgs/package.zsh'
[23.242s] Level 1:colcon.colcon_core.environment:create_file_with_runtime_dependencies(/home/ziad/ziad_ws/ROS2/work_space/install/yahboom_rosmaster_msgs/share/colcon-core/packages/yahboom_rosmaster_msgs)
[23.243s] INFO:colcon.colcon_ros.task.ament_cmake.build:Building ROS package in '/home/ziad/ziad_ws/ROS2/work_space/src/yahboom_rosmaster/yahboom_rosmaster_system_tests' with build type 'ament_cmake'
[23.243s] INFO:colcon.colcon_cmake.task.cmake.build:Building CMake package in '/home/ziad/ziad_ws/ROS2/work_space/src/yahboom_rosmaster/yahboom_rosmaster_system_tests'
[23.243s] INFO:colcon.colcon_core.shell:Skip shell extension 'powershell' for command environment: Not usable outside of PowerShell
[23.243s] DEBUG:colcon.colcon_core.shell:Skip shell extension 'dsv' for command environment
[23.435s] DEBUG:colcon.colcon_core.event_handler.log_command:Invoking command in '/home/ziad/ziad_ws/ROS2/work_space/build/yahboom_rosmaster_system_tests': AMENT_PREFIX_PATH=/home/ziad/ziad_ws/ROS2/work_space/install/yahboom_rosmaster_msgs:${AMENT_PREFIX_PATH} CMAKE_PREFIX_PATH=/home/ziad/ziad_ws/ROS2/work_space/install/yahboom_rosmaster_msgs:/home/ziad/ziad_ws/ROS2/turtlebot3_ws/install/turtlebot3_simulations:/home/ziad/ziad_ws/ROS2/turtlebot3_ws/install/turtlebot3_fake_node:/home/ziad/ziad_ws/ROS2/turtlebot3_ws/install/turtlebot3_gazebo:/home/ziad/ziad_ws/ROS2/turtlebot3_ws/install/urdf_tutorial_cpp:/home/ziad/ziad_ws/ROS2/turtlebot3_ws/install/turtlebot3:/home/ziad/ziad_ws/ROS2/turtlebot3_ws/install/turtlebot3_bringup:/home/ziad/ziad_ws/ROS2/turtlebot3_ws/install/turtlebot3_node:/home/ziad/ziad_ws/ROS2/turtlebot3_ws/install/turtlebot3_navigation2:/home/ziad/ziad_ws/ROS2/turtlebot3_ws/install/turtlebot3_msgs:/home/ziad/ziad_ws/ROS2/turtlebot3_ws/install/turtlebot3_description:/home/ziad/ziad_ws/ROS2/turtlebot3_ws/install/turtlebot3_cartographer:/home/ziad/ziad_ws/ROS2/turtlebot3_ws/install/simple_pub_sub:/home/ziad/ziad_ws/ROS2/turtlebot3_ws/install/learning_tf2_cpp:/home/ziad/ziad_ws/ROS2/turtlebot3_ws/install/dynamixel_sdk_examples:/home/ziad/ziad_ws/ROS2/turtlebot3_ws/install/dynamixel_sdk_custom_interfaces:/home/ziad/ziad_ws/ROS2/turtlebot3_ws/install/dynamixel_sdk:/home/ziad/ziad_ws/ROS2/tutorials_work_sapce/install/urdf_tutorial_cpp:/home/ziad/ziad_ws/ROS2/tutorials_work_sapce/install/learning_tf2_cpp:/home/ziad/ziad_ws/ROS2/tutorials_work_sapce/install/simple_pub_sub:/home/ziad/ziad_ws/ROS2/tutorials_work_sapce/install/ros2_service:/opt/ros/jazzy/opt/gz_sim_vendor:/opt/ros/jazzy/opt/gz_sensors_vendor:/opt/ros/jazzy/opt/gz_physics_vendor:/opt/ros/jazzy/opt/sdformat_vendor:/opt/ros/jazzy/opt/gz_gui_vendor:/opt/ros/jazzy/opt/gz_transport_vendor:/opt/ros/jazzy/opt/gz_rendering_vendor:/opt/ros/jazzy/opt/gz_plugin_vendor:/opt/ros/jazzy/opt/gz_fuel_tools_vendor:/opt/ros/jazzy/opt/gz_msgs_vendor:/opt/ros/jazzy/opt/gz_common_vendor:/opt/ros/jazzy/opt/gz_math_vendor:/opt/ros/jazzy/opt/gz_utils_vendor:/opt/ros/jazzy/opt/gz_tools_vendor:/opt/ros/jazzy/opt/gz_ogre_next_vendor:/opt/ros/jazzy/opt/gz_dartsim_vendor:/opt/ros/jazzy/opt/gz_cmake_vendor:/home/ziad/ziad_ws/ROS2/turtlebot3_ws/install/turtlebot3_teleop:/home/ziad/ziad_ws/ROS2/turtlebot3_ws/install/turtlebot3_example:/opt/ros/jazzy DEBUGINFOD_URLS=https://debuginfod.ubuntu.com LD_LIBRARY_PATH=/home/ziad/ziad_ws/ROS2/work_space/install/yahboom_rosmaster_msgs/lib:${LD_LIBRARY_PATH} PYTHONPATH=/home/ziad/ziad_ws/ROS2/work_space/install/yahboom_rosmaster_msgs/lib/python3.12/site-packages:${PYTHONPATH} /usr/bin/cmake /home/ziad/ziad_ws/ROS2/work_space/src/yahboom_rosmaster/yahboom_rosmaster_system_tests -DCMAKE_INSTALL_PREFIX=/home/ziad/ziad_ws/ROS2/work_space/install/yahboom_rosmaster_system_tests
[26.022s] DEBUG:colcon.colcon_core.event_handler.log_command:Invoked command in '/home/ziad/ziad_ws/ROS2/work_space/build/yahboom_rosmaster_navigation' returned '0': CMAKE_PREFIX_PATH=${CMAKE_PREFIX_PATH}:/home/ziad/ziad_ws/ROS2/turtlebot3_ws/install/turtlebot3_teleop:/home/ziad/ziad_ws/ROS2/turtlebot3_ws/install/turtlebot3_example:/opt/ros/jazzy DEBUGINFOD_URLS=https://debuginfod.ubuntu.com /usr/bin/cmake --build /home/ziad/ziad_ws/ROS2/work_space/build/yahboom_rosmaster_navigation -- -j4 -l4
[26.031s] DEBUG:colcon.colcon_core.event_handler.log_command:Invoking command in '/home/ziad/ziad_ws/ROS2/work_space/build/yahboom_rosmaster_navigation': CMAKE_PREFIX_PATH=${CMAKE_PREFIX_PATH}:/home/ziad/ziad_ws/ROS2/turtlebot3_ws/install/turtlebot3_teleop:/home/ziad/ziad_ws/ROS2/turtlebot3_ws/install/turtlebot3_example:/opt/ros/jazzy DEBUGINFOD_URLS=https://debuginfod.ubuntu.com /usr/bin/cmake --install /home/ziad/ziad_ws/ROS2/work_space/build/yahboom_rosmaster_navigation
[26.673s] Level 1:colcon.colcon_core.environment:create_environment_scripts_only(yahboom_rosmaster_navigation)
[26.674s] DEBUG:colcon.colcon_core.event_handler.log_command:Invoked command in '/home/ziad/ziad_ws/ROS2/work_space/build/yahboom_rosmaster_navigation' returned '0': CMAKE_PREFIX_PATH=${CMAKE_PREFIX_PATH}:/home/ziad/ziad_ws/ROS2/turtlebot3_ws/install/turtlebot3_teleop:/home/ziad/ziad_ws/ROS2/turtlebot3_ws/install/turtlebot3_example:/opt/ros/jazzy DEBUGINFOD_URLS=https://debuginfod.ubuntu.com /usr/bin/cmake --install /home/ziad/ziad_ws/ROS2/work_space/build/yahboom_rosmaster_navigation
[26.674s] Level 1:colcon.colcon_core.environment:checking '/home/ziad/ziad_ws/ROS2/work_space/install/yahboom_rosmaster_navigation' for CMake module files
[26.683s] Level 1:colcon.colcon_core.environment:checking '/home/ziad/ziad_ws/ROS2/work_space/install/yahboom_rosmaster_navigation' for CMake config files
[26.684s] Level 1:colcon.colcon_core.shell:create_environment_hook('yahboom_rosmaster_navigation', 'cmake_prefix_path')
[26.684s] INFO:colcon.colcon_core.shell:Creating environment hook '/home/ziad/ziad_ws/ROS2/work_space/install/yahboom_rosmaster_navigation/share/yahboom_rosmaster_navigation/hook/cmake_prefix_path.ps1'
[26.688s] INFO:colcon.colcon_core.shell:Creating environment descriptor '/home/ziad/ziad_ws/ROS2/work_space/install/yahboom_rosmaster_navigation/share/yahboom_rosmaster_navigation/hook/cmake_prefix_path.dsv'
[26.692s] INFO:colcon.colcon_core.shell:Creating environment hook '/home/ziad/ziad_ws/ROS2/work_space/install/yahboom_rosmaster_navigation/share/yahboom_rosmaster_navigation/hook/cmake_prefix_path.sh'
[26.703s] Level 1:colcon.colcon_core.environment:checking '/home/ziad/ziad_ws/ROS2/work_space/install/yahboom_rosmaster_navigation/lib'
[26.704s] Level 1:colcon.colcon_core.environment:checking '/home/ziad/ziad_ws/ROS2/work_space/install/yahboom_rosmaster_navigation/bin'
[26.705s] Level 1:colcon.colcon_core.environment:checking '/home/ziad/ziad_ws/ROS2/work_space/install/yahboom_rosmaster_navigation/lib/pkgconfig/yahboom_rosmaster_navigation.pc'
[26.706s] Level 1:colcon.colcon_core.environment:checking '/home/ziad/ziad_ws/ROS2/work_space/install/yahboom_rosmaster_navigation/lib/python3.12/site-packages'
[26.706s] Level 1:colcon.colcon_core.shell:create_environment_hook('yahboom_rosmaster_navigation', 'pythonpath')
[26.707s] INFO:colcon.colcon_core.shell:Creating environment hook '/home/ziad/ziad_ws/ROS2/work_space/install/yahboom_rosmaster_navigation/share/yahboom_rosmaster_navigation/hook/pythonpath.ps1'
[26.713s] INFO:colcon.colcon_core.shell:Creating environment descriptor '/home/ziad/ziad_ws/ROS2/work_space/install/yahboom_rosmaster_navigation/share/yahboom_rosmaster_navigation/hook/pythonpath.dsv'
[26.725s] INFO:colcon.colcon_core.shell:Creating environment hook '/home/ziad/ziad_ws/ROS2/work_space/install/yahboom_rosmaster_navigation/share/yahboom_rosmaster_navigation/hook/pythonpath.sh'
[26.727s] Level 1:colcon.colcon_core.environment:checking '/home/ziad/ziad_ws/ROS2/work_space/install/yahboom_rosmaster_navigation/bin'
[26.734s] INFO:colcon.colcon_core.shell:Creating package script '/home/ziad/ziad_ws/ROS2/work_space/install/yahboom_rosmaster_navigation/share/yahboom_rosmaster_navigation/package.ps1'
[26.742s] INFO:colcon.colcon_core.shell:Creating package descriptor '/home/ziad/ziad_ws/ROS2/work_space/install/yahboom_rosmaster_navigation/share/yahboom_rosmaster_navigation/package.dsv'
[26.745s] INFO:colcon.colcon_core.shell:Creating package script '/home/ziad/ziad_ws/ROS2/work_space/install/yahboom_rosmaster_navigation/share/yahboom_rosmaster_navigation/package.sh'
[26.748s] INFO:colcon.colcon_core.shell:Creating package script '/home/ziad/ziad_ws/ROS2/work_space/install/yahboom_rosmaster_navigation/share/yahboom_rosmaster_navigation/package.bash'
[26.748s] INFO:colcon.colcon_core.shell:Creating package script '/home/ziad/ziad_ws/ROS2/work_space/install/yahboom_rosmaster_navigation/share/yahboom_rosmaster_navigation/package.zsh'
[26.749s] Level 1:colcon.colcon_core.environment:create_file_with_runtime_dependencies(/home/ziad/ziad_ws/ROS2/work_space/install/yahboom_rosmaster_navigation/share/colcon-core/packages/yahboom_rosmaster_navigation)
[26.766s] Level 1:colcon.colcon_core.environment:create_environment_scripts_only(yahboom_rosmaster_navigation)
[26.774s] Level 1:colcon.colcon_core.environment:checking '/home/ziad/ziad_ws/ROS2/work_space/install/yahboom_rosmaster_navigation' for CMake module files
[26.785s] Level 1:colcon.colcon_core.environment:checking '/home/ziad/ziad_ws/ROS2/work_space/install/yahboom_rosmaster_navigation' for CMake config files
[26.789s] Level 1:colcon.colcon_core.shell:create_environment_hook('yahboom_rosmaster_navigation', 'cmake_prefix_path')
[26.790s] INFO:colcon.colcon_core.shell:Creating environment hook '/home/ziad/ziad_ws/ROS2/work_space/install/yahboom_rosmaster_navigation/share/yahboom_rosmaster_navigation/hook/cmake_prefix_path.ps1'
[26.808s] INFO:colcon.colcon_core.shell:Creating environment descriptor '/home/ziad/ziad_ws/ROS2/work_space/install/yahboom_rosmaster_navigation/share/yahboom_rosmaster_navigation/hook/cmake_prefix_path.dsv'
[26.813s] INFO:colcon.colcon_core.shell:Creating environment hook '/home/ziad/ziad_ws/ROS2/work_space/install/yahboom_rosmaster_navigation/share/yahboom_rosmaster_navigation/hook/cmake_prefix_path.sh'
[26.825s] Level 1:colcon.colcon_core.environment:checking '/home/ziad/ziad_ws/ROS2/work_space/install/yahboom_rosmaster_navigation/lib'
[26.825s] Level 1:colcon.colcon_core.environment:checking '/home/ziad/ziad_ws/ROS2/work_space/install/yahboom_rosmaster_navigation/bin'
[26.825s] Level 1:colcon.colcon_core.environment:checking '/home/ziad/ziad_ws/ROS2/work_space/install/yahboom_rosmaster_navigation/lib/pkgconfig/yahboom_rosmaster_navigation.pc'
[26.826s] Level 1:colcon.colcon_core.environment:checking '/home/ziad/ziad_ws/ROS2/work_space/install/yahboom_rosmaster_navigation/lib/python3.12/site-packages'
[26.826s] Level 1:colcon.colcon_core.shell:create_environment_hook('yahboom_rosmaster_navigation', 'pythonpath')
[26.830s] INFO:colcon.colcon_core.shell:Creating environment hook '/home/ziad/ziad_ws/ROS2/work_space/install/yahboom_rosmaster_navigation/share/yahboom_rosmaster_navigation/hook/pythonpath.ps1'
[26.852s] INFO:colcon.colcon_core.shell:Creating environment descriptor '/home/ziad/ziad_ws/ROS2/work_space/install/yahboom_rosmaster_navigation/share/yahboom_rosmaster_navigation/hook/pythonpath.dsv'
[26.868s] INFO:colcon.colcon_core.shell:Creating environment hook '/home/ziad/ziad_ws/ROS2/work_space/install/yahboom_rosmaster_navigation/share/yahboom_rosmaster_navigation/hook/pythonpath.sh'
[26.882s] Level 1:colcon.colcon_core.environment:checking '/home/ziad/ziad_ws/ROS2/work_space/install/yahboom_rosmaster_navigation/bin'
[26.883s] INFO:colcon.colcon_core.shell:Creating package script '/home/ziad/ziad_ws/ROS2/work_space/install/yahboom_rosmaster_navigation/share/yahboom_rosmaster_navigation/package.ps1'
[26.891s] INFO:colcon.colcon_core.shell:Creating package descriptor '/home/ziad/ziad_ws/ROS2/work_space/install/yahboom_rosmaster_navigation/share/yahboom_rosmaster_navigation/package.dsv'
[26.904s] INFO:colcon.colcon_core.shell:Creating package script '/home/ziad/ziad_ws/ROS2/work_space/install/yahboom_rosmaster_navigation/share/yahboom_rosmaster_navigation/package.sh'
[26.908s] INFO:colcon.colcon_core.shell:Creating package script '/home/ziad/ziad_ws/ROS2/work_space/install/yahboom_rosmaster_navigation/share/yahboom_rosmaster_navigation/package.bash'
[26.911s] INFO:colcon.colcon_core.shell:Creating package script '/home/ziad/ziad_ws/ROS2/work_space/install/yahboom_rosmaster_navigation/share/yahboom_rosmaster_navigation/package.zsh'
[26.914s] Level 1:colcon.colcon_core.environment:create_file_with_runtime_dependencies(/home/ziad/ziad_ws/ROS2/work_space/install/yahboom_rosmaster_navigation/share/colcon-core/packages/yahboom_rosmaster_navigation)
[26.924s] INFO:colcon.colcon_ros.task.ament_cmake.build:Building ROS package in '/home/ziad/ziad_ws/ROS2/work_space/src/ros2_control_turtel_bot' with build type 'ament_cmake'
[26.928s] INFO:colcon.colcon_cmake.task.cmake.build:Building CMake package in '/home/ziad/ziad_ws/ROS2/work_space/src/ros2_control_turtel_bot'
[26.932s] INFO:colcon.colcon_core.shell:Skip shell extension 'powershell' for command environment: Not usable outside of PowerShell
[26.932s] DEBUG:colcon.colcon_core.shell:Skip shell extension 'dsv' for command environment
[27.063s] DEBUG:colcon.colcon_core.event_handler.log_command:Invoking command in '/home/ziad/ziad_ws/ROS2/work_space/build/ros2_control_turtel_bot': CMAKE_PREFIX_PATH=${CMAKE_PREFIX_PATH}:/home/ziad/ziad_ws/ROS2/turtlebot3_ws/install/turtlebot3_teleop:/home/ziad/ziad_ws/ROS2/turtlebot3_ws/install/turtlebot3_example:/opt/ros/jazzy DEBUGINFOD_URLS=https://debuginfod.ubuntu.com /usr/bin/cmake /home/ziad/ziad_ws/ROS2/work_space/src/ros2_control_turtel_bot -DCMAKE_INSTALL_PREFIX=/home/ziad/ziad_ws/ROS2/work_space/install/ros2_control_turtel_bot
[29.197s] DEBUG:colcon.colcon_core.event_handler.log_command:Invoked command in '/home/ziad/ziad_ws/ROS2/work_space/build/mecanum_drive_controller' returned '0': CMAKE_PREFIX_PATH=${CMAKE_PREFIX_PATH}:/home/ziad/ziad_ws/ROS2/turtlebot3_ws/install/turtlebot3_teleop:/home/ziad/ziad_ws/ROS2/turtlebot3_ws/install/turtlebot3_example:/opt/ros/jazzy DEBUGINFOD_URLS=https://debuginfod.ubuntu.com /usr/bin/cmake /home/ziad/ziad_ws/ROS2/work_space/src/yahboom_rosmaster/mecanum_drive_controller -DCMAKE_INSTALL_PREFIX=/home/ziad/ziad_ws/ROS2/work_space/install/mecanum_drive_controller
[29.199s] DEBUG:colcon.colcon_core.event_handler.log_command:Invoking command in '/home/ziad/ziad_ws/ROS2/work_space/build/mecanum_drive_controller': CMAKE_PREFIX_PATH=${CMAKE_PREFIX_PATH}:/home/ziad/ziad_ws/ROS2/turtlebot3_ws/install/turtlebot3_teleop:/home/ziad/ziad_ws/ROS2/turtlebot3_ws/install/turtlebot3_example:/opt/ros/jazzy DEBUGINFOD_URLS=https://debuginfod.ubuntu.com /usr/bin/cmake --build /home/ziad/ziad_ws/ROS2/work_space/build/mecanum_drive_controller -- -j4 -l4
[29.599s] DEBUG:colcon.colcon_core.event_handler.log_command:Invoked command in '/home/ziad/ziad_ws/ROS2/work_space/build/yahboom_rosmaster_system_tests' returned '0': AMENT_PREFIX_PATH=/home/ziad/ziad_ws/ROS2/work_space/install/yahboom_rosmaster_msgs:${AMENT_PREFIX_PATH} CMAKE_PREFIX_PATH=/home/ziad/ziad_ws/ROS2/work_space/install/yahboom_rosmaster_msgs:/home/ziad/ziad_ws/ROS2/turtlebot3_ws/install/turtlebot3_simulations:/home/ziad/ziad_ws/ROS2/turtlebot3_ws/install/turtlebot3_fake_node:/home/ziad/ziad_ws/ROS2/turtlebot3_ws/install/turtlebot3_gazebo:/home/ziad/ziad_ws/ROS2/turtlebot3_ws/install/urdf_tutorial_cpp:/home/ziad/ziad_ws/ROS2/turtlebot3_ws/install/turtlebot3:/home/ziad/ziad_ws/ROS2/turtlebot3_ws/install/turtlebot3_bringup:/home/ziad/ziad_ws/ROS2/turtlebot3_ws/install/turtlebot3_node:/home/ziad/ziad_ws/ROS2/turtlebot3_ws/install/turtlebot3_navigation2:/home/ziad/ziad_ws/ROS2/turtlebot3_ws/install/turtlebot3_msgs:/home/ziad/ziad_ws/ROS2/turtlebot3_ws/install/turtlebot3_description:/home/ziad/ziad_ws/ROS2/turtlebot3_ws/install/turtlebot3_cartographer:/home/ziad/ziad_ws/ROS2/turtlebot3_ws/install/simple_pub_sub:/home/ziad/ziad_ws/ROS2/turtlebot3_ws/install/learning_tf2_cpp:/home/ziad/ziad_ws/ROS2/turtlebot3_ws/install/dynamixel_sdk_examples:/home/ziad/ziad_ws/ROS2/turtlebot3_ws/install/dynamixel_sdk_custom_interfaces:/home/ziad/ziad_ws/ROS2/turtlebot3_ws/install/dynamixel_sdk:/home/ziad/ziad_ws/ROS2/tutorials_work_sapce/install/urdf_tutorial_cpp:/home/ziad/ziad_ws/ROS2/tutorials_work_sapce/install/learning_tf2_cpp:/home/ziad/ziad_ws/ROS2/tutorials_work_sapce/install/simple_pub_sub:/home/ziad/ziad_ws/ROS2/tutorials_work_sapce/install/ros2_service:/opt/ros/jazzy/opt/gz_sim_vendor:/opt/ros/jazzy/opt/gz_sensors_vendor:/opt/ros/jazzy/opt/gz_physics_vendor:/opt/ros/jazzy/opt/sdformat_vendor:/opt/ros/jazzy/opt/gz_gui_vendor:/opt/ros/jazzy/opt/gz_transport_vendor:/opt/ros/jazzy/opt/gz_rendering_vendor:/opt/ros/jazzy/opt/gz_plugin_vendor:/opt/ros/jazzy/opt/gz_fuel_tools_vendor:/opt/ros/jazzy/opt/gz_msgs_vendor:/opt/ros/jazzy/opt/gz_common_vendor:/opt/ros/jazzy/opt/gz_math_vendor:/opt/ros/jazzy/opt/gz_utils_vendor:/opt/ros/jazzy/opt/gz_tools_vendor:/opt/ros/jazzy/opt/gz_ogre_next_vendor:/opt/ros/jazzy/opt/gz_dartsim_vendor:/opt/ros/jazzy/opt/gz_cmake_vendor:/home/ziad/ziad_ws/ROS2/turtlebot3_ws/install/turtlebot3_teleop:/home/ziad/ziad_ws/ROS2/turtlebot3_ws/install/turtlebot3_example:/opt/ros/jazzy DEBUGINFOD_URLS=https://debuginfod.ubuntu.com LD_LIBRARY_PATH=/home/ziad/ziad_ws/ROS2/work_space/install/yahboom_rosmaster_msgs/lib:${LD_LIBRARY_PATH} PYTHONPATH=/home/ziad/ziad_ws/ROS2/work_space/install/yahboom_rosmaster_msgs/lib/python3.12/site-packages:${PYTHONPATH} /usr/bin/cmake /home/ziad/ziad_ws/ROS2/work_space/src/yahboom_rosmaster/yahboom_rosmaster_system_tests -DCMAKE_INSTALL_PREFIX=/home/ziad/ziad_ws/ROS2/work_space/install/yahboom_rosmaster_system_tests
[29.605s] DEBUG:colcon.colcon_core.event_handler.log_command:Invoking command in '/home/ziad/ziad_ws/ROS2/work_space/build/yahboom_rosmaster_system_tests': AMENT_PREFIX_PATH=/home/ziad/ziad_ws/ROS2/work_space/install/yahboom_rosmaster_msgs:${AMENT_PREFIX_PATH} CMAKE_PREFIX_PATH=/home/ziad/ziad_ws/ROS2/work_space/install/yahboom_rosmaster_msgs:/home/ziad/ziad_ws/ROS2/turtlebot3_ws/install/turtlebot3_simulations:/home/ziad/ziad_ws/ROS2/turtlebot3_ws/install/turtlebot3_fake_node:/home/ziad/ziad_ws/ROS2/turtlebot3_ws/install/turtlebot3_gazebo:/home/ziad/ziad_ws/ROS2/turtlebot3_ws/install/urdf_tutorial_cpp:/home/ziad/ziad_ws/ROS2/turtlebot3_ws/install/turtlebot3:/home/ziad/ziad_ws/ROS2/turtlebot3_ws/install/turtlebot3_bringup:/home/ziad/ziad_ws/ROS2/turtlebot3_ws/install/turtlebot3_node:/home/ziad/ziad_ws/ROS2/turtlebot3_ws/install/turtlebot3_navigation2:/home/ziad/ziad_ws/ROS2/turtlebot3_ws/install/turtlebot3_msgs:/home/ziad/ziad_ws/ROS2/turtlebot3_ws/install/turtlebot3_description:/home/ziad/ziad_ws/ROS2/turtlebot3_ws/install/turtlebot3_cartographer:/home/ziad/ziad_ws/ROS2/turtlebot3_ws/install/simple_pub_sub:/home/ziad/ziad_ws/ROS2/turtlebot3_ws/install/learning_tf2_cpp:/home/ziad/ziad_ws/ROS2/turtlebot3_ws/install/dynamixel_sdk_examples:/home/ziad/ziad_ws/ROS2/turtlebot3_ws/install/dynamixel_sdk_custom_interfaces:/home/ziad/ziad_ws/ROS2/turtlebot3_ws/install/dynamixel_sdk:/home/ziad/ziad_ws/ROS2/tutorials_work_sapce/install/urdf_tutorial_cpp:/home/ziad/ziad_ws/ROS2/tutorials_work_sapce/install/learning_tf2_cpp:/home/ziad/ziad_ws/ROS2/tutorials_work_sapce/install/simple_pub_sub:/home/ziad/ziad_ws/ROS2/tutorials_work_sapce/install/ros2_service:/opt/ros/jazzy/opt/gz_sim_vendor:/opt/ros/jazzy/opt/gz_sensors_vendor:/opt/ros/jazzy/opt/gz_physics_vendor:/opt/ros/jazzy/opt/sdformat_vendor:/opt/ros/jazzy/opt/gz_gui_vendor:/opt/ros/jazzy/opt/gz_transport_vendor:/opt/ros/jazzy/opt/gz_rendering_vendor:/opt/ros/jazzy/opt/gz_plugin_vendor:/opt/ros/jazzy/opt/gz_fuel_tools_vendor:/opt/ros/jazzy/opt/gz_msgs_vendor:/opt/ros/jazzy/opt/gz_common_vendor:/opt/ros/jazzy/opt/gz_math_vendor:/opt/ros/jazzy/opt/gz_utils_vendor:/opt/ros/jazzy/opt/gz_tools_vendor:/opt/ros/jazzy/opt/gz_ogre_next_vendor:/opt/ros/jazzy/opt/gz_dartsim_vendor:/opt/ros/jazzy/opt/gz_cmake_vendor:/home/ziad/ziad_ws/ROS2/turtlebot3_ws/install/turtlebot3_teleop:/home/ziad/ziad_ws/ROS2/turtlebot3_ws/install/turtlebot3_example:/opt/ros/jazzy DEBUGINFOD_URLS=https://debuginfod.ubuntu.com LD_LIBRARY_PATH=/home/ziad/ziad_ws/ROS2/work_space/install/yahboom_rosmaster_msgs/lib:${LD_LIBRARY_PATH} PYTHONPATH=/home/ziad/ziad_ws/ROS2/work_space/install/yahboom_rosmaster_msgs/lib/python3.12/site-packages:${PYTHONPATH} /usr/bin/cmake --build /home/ziad/ziad_ws/ROS2/work_space/build/yahboom_rosmaster_system_tests -- -j4 -l4
[29.751s] DEBUG:colcon.colcon_core.event_handler.log_command:Invoked command in '/home/ziad/ziad_ws/ROS2/work_space/build/custom_action_interfaces' returned '0': CMAKE_PREFIX_PATH=${CMAKE_PREFIX_PATH}:/home/ziad/ziad_ws/ROS2/turtlebot3_ws/install/turtlebot3_teleop:/home/ziad/ziad_ws/ROS2/turtlebot3_ws/install/turtlebot3_example:/opt/ros/jazzy DEBUGINFOD_URLS=https://debuginfod.ubuntu.com /usr/bin/cmake /home/ziad/ziad_ws/ROS2/work_space/src/custom_action_interfaces -DCMAKE_INSTALL_PREFIX=/home/ziad/ziad_ws/ROS2/work_space/install/custom_action_interfaces
[29.757s] DEBUG:colcon.colcon_core.event_handler.log_command:Invoking command in '/home/ziad/ziad_ws/ROS2/work_space/build/custom_action_interfaces': CMAKE_PREFIX_PATH=${CMAKE_PREFIX_PATH}:/home/ziad/ziad_ws/ROS2/turtlebot3_ws/install/turtlebot3_teleop:/home/ziad/ziad_ws/ROS2/turtlebot3_ws/install/turtlebot3_example:/opt/ros/jazzy DEBUGINFOD_URLS=https://debuginfod.ubuntu.com /usr/bin/cmake --build /home/ziad/ziad_ws/ROS2/work_space/build/custom_action_interfaces -- -j4 -l4
[30.138s] DEBUG:colcon.colcon_core.event_handler.log_command:Invoked command in '/home/ziad/ziad_ws/ROS2/work_space/build/custom_action_interfaces' returned '0': CMAKE_PREFIX_PATH=${CMAKE_PREFIX_PATH}:/home/ziad/ziad_ws/ROS2/turtlebot3_ws/install/turtlebot3_teleop:/home/ziad/ziad_ws/ROS2/turtlebot3_ws/install/turtlebot3_example:/opt/ros/jazzy DEBUGINFOD_URLS=https://debuginfod.ubuntu.com /usr/bin/cmake --build /home/ziad/ziad_ws/ROS2/work_space/build/custom_action_interfaces -- -j4 -l4
[30.145s] DEBUG:colcon.colcon_core.event_handler.log_command:Invoking command in '/home/ziad/ziad_ws/ROS2/work_space/build/custom_action_interfaces': CMAKE_PREFIX_PATH=${CMAKE_PREFIX_PATH}:/home/ziad/ziad_ws/ROS2/turtlebot3_ws/install/turtlebot3_teleop:/home/ziad/ziad_ws/ROS2/turtlebot3_ws/install/turtlebot3_example:/opt/ros/jazzy DEBUGINFOD_URLS=https://debuginfod.ubuntu.com /usr/bin/cmake --install /home/ziad/ziad_ws/ROS2/work_space/build/custom_action_interfaces
[30.167s] DEBUG:colcon.colcon_core.event_handler.log_command:Invoked command in '/home/ziad/ziad_ws/ROS2/work_space/build/mecanum_drive_controller' returned '0': CMAKE_PREFIX_PATH=${CMAKE_PREFIX_PATH}:/home/ziad/ziad_ws/ROS2/turtlebot3_ws/install/turtlebot3_teleop:/home/ziad/ziad_ws/ROS2/turtlebot3_ws/install/turtlebot3_example:/opt/ros/jazzy DEBUGINFOD_URLS=https://debuginfod.ubuntu.com /usr/bin/cmake --build /home/ziad/ziad_ws/ROS2/work_space/build/mecanum_drive_controller -- -j4 -l4
[30.167s] DEBUG:colcon.colcon_core.event_handler.log_command:Invoking command in '/home/ziad/ziad_ws/ROS2/work_space/build/mecanum_drive_controller': CMAKE_PREFIX_PATH=${CMAKE_PREFIX_PATH}:/home/ziad/ziad_ws/ROS2/turtlebot3_ws/install/turtlebot3_teleop:/home/ziad/ziad_ws/ROS2/turtlebot3_ws/install/turtlebot3_example:/opt/ros/jazzy DEBUGINFOD_URLS=https://debuginfod.ubuntu.com /usr/bin/cmake --install /home/ziad/ziad_ws/ROS2/work_space/build/mecanum_drive_controller
[30.277s] Level 1:colcon.colcon_core.environment:create_environment_scripts_only(custom_action_interfaces)
[30.282s] Level 1:colcon.colcon_core.environment:checking '/home/ziad/ziad_ws/ROS2/work_space/install/custom_action_interfaces' for CMake module files
[30.288s] DEBUG:colcon.colcon_core.event_handler.log_command:Invoked command in '/home/ziad/ziad_ws/ROS2/work_space/build/custom_action_interfaces' returned '0': CMAKE_PREFIX_PATH=${CMAKE_PREFIX_PATH}:/home/ziad/ziad_ws/ROS2/turtlebot3_ws/install/turtlebot3_teleop:/home/ziad/ziad_ws/ROS2/turtlebot3_ws/install/turtlebot3_example:/opt/ros/jazzy DEBUGINFOD_URLS=https://debuginfod.ubuntu.com /usr/bin/cmake --install /home/ziad/ziad_ws/ROS2/work_space/build/custom_action_interfaces
[30.290s] Level 1:colcon.colcon_core.environment:checking '/home/ziad/ziad_ws/ROS2/work_space/install/custom_action_interfaces' for CMake config files
[30.298s] Level 1:colcon.colcon_core.shell:create_environment_hook('custom_action_interfaces', 'cmake_prefix_path')
[30.300s] INFO:colcon.colcon_core.shell:Creating environment hook '/home/ziad/ziad_ws/ROS2/work_space/install/custom_action_interfaces/share/custom_action_interfaces/hook/cmake_prefix_path.ps1'
[30.302s] INFO:colcon.colcon_core.shell:Creating environment descriptor '/home/ziad/ziad_ws/ROS2/work_space/install/custom_action_interfaces/share/custom_action_interfaces/hook/cmake_prefix_path.dsv'
[30.303s] INFO:colcon.colcon_core.shell:Creating environment hook '/home/ziad/ziad_ws/ROS2/work_space/install/custom_action_interfaces/share/custom_action_interfaces/hook/cmake_prefix_path.sh'
[30.304s] Level 1:colcon.colcon_core.environment:checking '/home/ziad/ziad_ws/ROS2/work_space/install/custom_action_interfaces/bin'
[30.305s] Level 1:colcon.colcon_core.environment:checking '/home/ziad/ziad_ws/ROS2/work_space/install/custom_action_interfaces/lib/pkgconfig/custom_action_interfaces.pc'
[30.305s] Level 1:colcon.colcon_core.environment:checking '/home/ziad/ziad_ws/ROS2/work_space/install/custom_action_interfaces/lib/python3.12/site-packages'
[30.306s] Level 1:colcon.colcon_core.environment:checking '/home/ziad/ziad_ws/ROS2/work_space/install/custom_action_interfaces/bin'
[30.307s] INFO:colcon.colcon_core.shell:Creating package script '/home/ziad/ziad_ws/ROS2/work_space/install/custom_action_interfaces/share/custom_action_interfaces/package.ps1'
[30.308s] INFO:colcon.colcon_core.shell:Creating package descriptor '/home/ziad/ziad_ws/ROS2/work_space/install/custom_action_interfaces/share/custom_action_interfaces/package.dsv'
[30.312s] INFO:colcon.colcon_core.shell:Creating package script '/home/ziad/ziad_ws/ROS2/work_space/install/custom_action_interfaces/share/custom_action_interfaces/package.sh'
[30.324s] INFO:colcon.colcon_core.shell:Creating package script '/home/ziad/ziad_ws/ROS2/work_space/install/custom_action_interfaces/share/custom_action_interfaces/package.bash'
[30.333s] INFO:colcon.colcon_core.shell:Creating package script '/home/ziad/ziad_ws/ROS2/work_space/install/custom_action_interfaces/share/custom_action_interfaces/package.zsh'
[30.333s] Level 1:colcon.colcon_core.environment:create_file_with_runtime_dependencies(/home/ziad/ziad_ws/ROS2/work_space/install/custom_action_interfaces/share/colcon-core/packages/custom_action_interfaces)
[30.346s] Level 1:colcon.colcon_core.environment:create_environment_scripts_only(custom_action_interfaces)
[30.346s] Level 1:colcon.colcon_core.environment:checking '/home/ziad/ziad_ws/ROS2/work_space/install/custom_action_interfaces' for CMake module files
[30.353s] Level 1:colcon.colcon_core.environment:checking '/home/ziad/ziad_ws/ROS2/work_space/install/custom_action_interfaces' for CMake config files
[30.354s] Level 1:colcon.colcon_core.shell:create_environment_hook('custom_action_interfaces', 'cmake_prefix_path')
[30.354s] INFO:colcon.colcon_core.shell:Creating environment hook '/home/ziad/ziad_ws/ROS2/work_space/install/custom_action_interfaces/share/custom_action_interfaces/hook/cmake_prefix_path.ps1'
[30.359s] INFO:colcon.colcon_core.shell:Creating environment descriptor '/home/ziad/ziad_ws/ROS2/work_space/install/custom_action_interfaces/share/custom_action_interfaces/hook/cmake_prefix_path.dsv'
[30.372s] INFO:colcon.colcon_core.shell:Creating environment hook '/home/ziad/ziad_ws/ROS2/work_space/install/custom_action_interfaces/share/custom_action_interfaces/hook/cmake_prefix_path.sh'
[30.373s] Level 1:colcon.colcon_core.environment:checking '/home/ziad/ziad_ws/ROS2/work_space/install/custom_action_interfaces/bin'
[30.374s] Level 1:colcon.colcon_core.environment:checking '/home/ziad/ziad_ws/ROS2/work_space/install/custom_action_interfaces/lib/pkgconfig/custom_action_interfaces.pc'
[30.377s] Level 1:colcon.colcon_core.environment:checking '/home/ziad/ziad_ws/ROS2/work_space/install/custom_action_interfaces/lib/python3.12/site-packages'
[30.380s] Level 1:colcon.colcon_core.environment:checking '/home/ziad/ziad_ws/ROS2/work_space/install/custom_action_interfaces/bin'
[30.385s] INFO:colcon.colcon_core.shell:Creating package script '/home/ziad/ziad_ws/ROS2/work_space/install/custom_action_interfaces/share/custom_action_interfaces/package.ps1'
[30.386s] INFO:colcon.colcon_core.shell:Creating package descriptor '/home/ziad/ziad_ws/ROS2/work_space/install/custom_action_interfaces/share/custom_action_interfaces/package.dsv'
[30.387s] INFO:colcon.colcon_core.shell:Creating package script '/home/ziad/ziad_ws/ROS2/work_space/install/custom_action_interfaces/share/custom_action_interfaces/package.sh'
[30.396s] INFO:colcon.colcon_core.shell:Creating package script '/home/ziad/ziad_ws/ROS2/work_space/install/custom_action_interfaces/share/custom_action_interfaces/package.bash'
[30.398s] INFO:colcon.colcon_core.shell:Creating package script '/home/ziad/ziad_ws/ROS2/work_space/install/custom_action_interfaces/share/custom_action_interfaces/package.zsh'
[30.399s] Level 1:colcon.colcon_core.environment:create_file_with_runtime_dependencies(/home/ziad/ziad_ws/ROS2/work_space/install/custom_action_interfaces/share/colcon-core/packages/custom_action_interfaces)
[30.549s] Level 1:colcon.colcon_core.environment:create_environment_scripts_only(mecanum_drive_controller)
[30.550s] Level 1:colcon.colcon_core.environment:checking '/home/ziad/ziad_ws/ROS2/work_space/install/mecanum_drive_controller' for CMake module files
[30.551s] DEBUG:colcon.colcon_core.event_handler.log_command:Invoked command in '/home/ziad/ziad_ws/ROS2/work_space/build/mecanum_drive_controller' returned '0': CMAKE_PREFIX_PATH=${CMAKE_PREFIX_PATH}:/home/ziad/ziad_ws/ROS2/turtlebot3_ws/install/turtlebot3_teleop:/home/ziad/ziad_ws/ROS2/turtlebot3_ws/install/turtlebot3_example:/opt/ros/jazzy DEBUGINFOD_URLS=https://debuginfod.ubuntu.com /usr/bin/cmake --install /home/ziad/ziad_ws/ROS2/work_space/build/mecanum_drive_controller
[30.554s] Level 1:colcon.colcon_core.environment:checking '/home/ziad/ziad_ws/ROS2/work_space/install/mecanum_drive_controller' for CMake config files
[30.564s] Level 1:colcon.colcon_core.shell:create_environment_hook('mecanum_drive_controller', 'cmake_prefix_path')
[30.564s] INFO:colcon.colcon_core.shell:Creating environment hook '/home/ziad/ziad_ws/ROS2/work_space/install/mecanum_drive_controller/share/mecanum_drive_controller/hook/cmake_prefix_path.ps1'
[30.566s] INFO:colcon.colcon_core.shell:Creating environment descriptor '/home/ziad/ziad_ws/ROS2/work_space/install/mecanum_drive_controller/share/mecanum_drive_controller/hook/cmake_prefix_path.dsv'
[30.567s] INFO:colcon.colcon_core.shell:Creating environment hook '/home/ziad/ziad_ws/ROS2/work_space/install/mecanum_drive_controller/share/mecanum_drive_controller/hook/cmake_prefix_path.sh'
[30.570s] Level 1:colcon.colcon_core.environment:checking '/home/ziad/ziad_ws/ROS2/work_space/install/mecanum_drive_controller/lib'
[30.570s] Level 1:colcon.colcon_core.shell:create_environment_hook('mecanum_drive_controller', 'ld_library_path_lib')
[30.571s] INFO:colcon.colcon_core.shell:Creating environment hook '/home/ziad/ziad_ws/ROS2/work_space/install/mecanum_drive_controller/share/mecanum_drive_controller/hook/ld_library_path_lib.ps1'
[30.573s] INFO:colcon.colcon_core.shell:Creating environment descriptor '/home/ziad/ziad_ws/ROS2/work_space/install/mecanum_drive_controller/share/mecanum_drive_controller/hook/ld_library_path_lib.dsv'
[30.573s] INFO:colcon.colcon_core.shell:Creating environment hook '/home/ziad/ziad_ws/ROS2/work_space/install/mecanum_drive_controller/share/mecanum_drive_controller/hook/ld_library_path_lib.sh'
[30.574s] Level 1:colcon.colcon_core.environment:checking '/home/ziad/ziad_ws/ROS2/work_space/install/mecanum_drive_controller/bin'
[30.574s] Level 1:colcon.colcon_core.environment:checking '/home/ziad/ziad_ws/ROS2/work_space/install/mecanum_drive_controller/lib/pkgconfig/mecanum_drive_controller.pc'
[30.575s] Level 1:colcon.colcon_core.environment:checking '/home/ziad/ziad_ws/ROS2/work_space/install/mecanum_drive_controller/lib/python3.12/site-packages'
[30.575s] Level 1:colcon.colcon_core.environment:checking '/home/ziad/ziad_ws/ROS2/work_space/install/mecanum_drive_controller/bin'
[30.576s] INFO:colcon.colcon_core.shell:Creating package script '/home/ziad/ziad_ws/ROS2/work_space/install/mecanum_drive_controller/share/mecanum_drive_controller/package.ps1'
[30.578s] INFO:colcon.colcon_core.shell:Creating package descriptor '/home/ziad/ziad_ws/ROS2/work_space/install/mecanum_drive_controller/share/mecanum_drive_controller/package.dsv'
[30.587s] INFO:colcon.colcon_core.shell:Creating package script '/home/ziad/ziad_ws/ROS2/work_space/install/mecanum_drive_controller/share/mecanum_drive_controller/package.sh'
[30.588s] INFO:colcon.colcon_core.shell:Creating package script '/home/ziad/ziad_ws/ROS2/work_space/install/mecanum_drive_controller/share/mecanum_drive_controller/package.bash'
[30.590s] INFO:colcon.colcon_core.shell:Creating package script '/home/ziad/ziad_ws/ROS2/work_space/install/mecanum_drive_controller/share/mecanum_drive_controller/package.zsh'
[30.591s] Level 1:colcon.colcon_core.environment:create_file_with_runtime_dependencies(/home/ziad/ziad_ws/ROS2/work_space/install/mecanum_drive_controller/share/colcon-core/packages/mecanum_drive_controller)
[30.597s] Level 1:colcon.colcon_core.environment:create_environment_scripts_only(mecanum_drive_controller)
[30.598s] Level 1:colcon.colcon_core.environment:checking '/home/ziad/ziad_ws/ROS2/work_space/install/mecanum_drive_controller' for CMake module files
[30.600s] Level 1:colcon.colcon_core.environment:checking '/home/ziad/ziad_ws/ROS2/work_space/install/mecanum_drive_controller' for CMake config files
[30.602s] Level 1:colcon.colcon_core.shell:create_environment_hook('mecanum_drive_controller', 'cmake_prefix_path')
[30.613s] INFO:colcon.colcon_core.shell:Creating environment hook '/home/ziad/ziad_ws/ROS2/work_space/install/mecanum_drive_controller/share/mecanum_drive_controller/hook/cmake_prefix_path.ps1'
[30.615s] INFO:colcon.colcon_core.shell:Creating environment descriptor '/home/ziad/ziad_ws/ROS2/work_space/install/mecanum_drive_controller/share/mecanum_drive_controller/hook/cmake_prefix_path.dsv'
[30.616s] INFO:colcon.colcon_core.shell:Creating environment hook '/home/ziad/ziad_ws/ROS2/work_space/install/mecanum_drive_controller/share/mecanum_drive_controller/hook/cmake_prefix_path.sh'
[30.625s] Level 1:colcon.colcon_core.environment:checking '/home/ziad/ziad_ws/ROS2/work_space/install/mecanum_drive_controller/lib'
[30.625s] Level 1:colcon.colcon_core.shell:create_environment_hook('mecanum_drive_controller', 'ld_library_path_lib')
[30.626s] INFO:colcon.colcon_core.shell:Creating environment hook '/home/ziad/ziad_ws/ROS2/work_space/install/mecanum_drive_controller/share/mecanum_drive_controller/hook/ld_library_path_lib.ps1'
[30.639s] INFO:colcon.colcon_core.shell:Creating environment descriptor '/home/ziad/ziad_ws/ROS2/work_space/install/mecanum_drive_controller/share/mecanum_drive_controller/hook/ld_library_path_lib.dsv'
[30.642s] INFO:colcon.colcon_core.shell:Creating environment hook '/home/ziad/ziad_ws/ROS2/work_space/install/mecanum_drive_controller/share/mecanum_drive_controller/hook/ld_library_path_lib.sh'
[30.644s] Level 1:colcon.colcon_core.environment:checking '/home/ziad/ziad_ws/ROS2/work_space/install/mecanum_drive_controller/bin'
[30.644s] Level 1:colcon.colcon_core.environment:checking '/home/ziad/ziad_ws/ROS2/work_space/install/mecanum_drive_controller/lib/pkgconfig/mecanum_drive_controller.pc'
[30.645s] Level 1:colcon.colcon_core.environment:checking '/home/ziad/ziad_ws/ROS2/work_space/install/mecanum_drive_controller/lib/python3.12/site-packages'
[30.647s] Level 1:colcon.colcon_core.environment:checking '/home/ziad/ziad_ws/ROS2/work_space/install/mecanum_drive_controller/bin'
[30.649s] INFO:colcon.colcon_core.shell:Creating package script '/home/ziad/ziad_ws/ROS2/work_space/install/mecanum_drive_controller/share/mecanum_drive_controller/package.ps1'
[30.650s] INFO:colcon.colcon_core.shell:Creating package descriptor '/home/ziad/ziad_ws/ROS2/work_space/install/mecanum_drive_controller/share/mecanum_drive_controller/package.dsv'
[30.658s] INFO:colcon.colcon_core.shell:Creating package script '/home/ziad/ziad_ws/ROS2/work_space/install/mecanum_drive_controller/share/mecanum_drive_controller/package.sh'
[30.660s] INFO:colcon.colcon_core.shell:Creating package script '/home/ziad/ziad_ws/ROS2/work_space/install/mecanum_drive_controller/share/mecanum_drive_controller/package.bash'
[30.662s] INFO:colcon.colcon_core.shell:Creating package script '/home/ziad/ziad_ws/ROS2/work_space/install/mecanum_drive_controller/share/mecanum_drive_controller/package.zsh'
[30.665s] Level 1:colcon.colcon_core.environment:create_file_with_runtime_dependencies(/home/ziad/ziad_ws/ROS2/work_space/install/mecanum_drive_controller/share/colcon-core/packages/mecanum_drive_controller)
[30.948s] DEBUG:colcon.colcon_core.event_handler.log_command:Invoked command in '/home/ziad/ziad_ws/ROS2/work_space/build/yahboom_rosmaster_system_tests' returned '0': AMENT_PREFIX_PATH=/home/ziad/ziad_ws/ROS2/work_space/install/yahboom_rosmaster_msgs:${AMENT_PREFIX_PATH} CMAKE_PREFIX_PATH=/home/ziad/ziad_ws/ROS2/work_space/install/yahboom_rosmaster_msgs:/home/ziad/ziad_ws/ROS2/turtlebot3_ws/install/turtlebot3_simulations:/home/ziad/ziad_ws/ROS2/turtlebot3_ws/install/turtlebot3_fake_node:/home/ziad/ziad_ws/ROS2/turtlebot3_ws/install/turtlebot3_gazebo:/home/ziad/ziad_ws/ROS2/turtlebot3_ws/install/urdf_tutorial_cpp:/home/ziad/ziad_ws/ROS2/turtlebot3_ws/install/turtlebot3:/home/ziad/ziad_ws/ROS2/turtlebot3_ws/install/turtlebot3_bringup:/home/ziad/ziad_ws/ROS2/turtlebot3_ws/install/turtlebot3_node:/home/ziad/ziad_ws/ROS2/turtlebot3_ws/install/turtlebot3_navigation2:/home/ziad/ziad_ws/ROS2/turtlebot3_ws/install/turtlebot3_msgs:/home/ziad/ziad_ws/ROS2/turtlebot3_ws/install/turtlebot3_description:/home/ziad/ziad_ws/ROS2/turtlebot3_ws/install/turtlebot3_cartographer:/home/ziad/ziad_ws/ROS2/turtlebot3_ws/install/simple_pub_sub:/home/ziad/ziad_ws/ROS2/turtlebot3_ws/install/learning_tf2_cpp:/home/ziad/ziad_ws/ROS2/turtlebot3_ws/install/dynamixel_sdk_examples:/home/ziad/ziad_ws/ROS2/turtlebot3_ws/install/dynamixel_sdk_custom_interfaces:/home/ziad/ziad_ws/ROS2/turtlebot3_ws/install/dynamixel_sdk:/home/ziad/ziad_ws/ROS2/tutorials_work_sapce/install/urdf_tutorial_cpp:/home/ziad/ziad_ws/ROS2/tutorials_work_sapce/install/learning_tf2_cpp:/home/ziad/ziad_ws/ROS2/tutorials_work_sapce/install/simple_pub_sub:/home/ziad/ziad_ws/ROS2/tutorials_work_sapce/install/ros2_service:/opt/ros/jazzy/opt/gz_sim_vendor:/opt/ros/jazzy/opt/gz_sensors_vendor:/opt/ros/jazzy/opt/gz_physics_vendor:/opt/ros/jazzy/opt/sdformat_vendor:/opt/ros/jazzy/opt/gz_gui_vendor:/opt/ros/jazzy/opt/gz_transport_vendor:/opt/ros/jazzy/opt/gz_rendering_vendor:/opt/ros/jazzy/opt/gz_plugin_vendor:/opt/ros/jazzy/opt/gz_fuel_tools_vendor:/opt/ros/jazzy/opt/gz_msgs_vendor:/opt/ros/jazzy/opt/gz_common_vendor:/opt/ros/jazzy/opt/gz_math_vendor:/opt/ros/jazzy/opt/gz_utils_vendor:/opt/ros/jazzy/opt/gz_tools_vendor:/opt/ros/jazzy/opt/gz_ogre_next_vendor:/opt/ros/jazzy/opt/gz_dartsim_vendor:/opt/ros/jazzy/opt/gz_cmake_vendor:/home/ziad/ziad_ws/ROS2/turtlebot3_ws/install/turtlebot3_teleop:/home/ziad/ziad_ws/ROS2/turtlebot3_ws/install/turtlebot3_example:/opt/ros/jazzy DEBUGINFOD_URLS=https://debuginfod.ubuntu.com LD_LIBRARY_PATH=/home/ziad/ziad_ws/ROS2/work_space/install/yahboom_rosmaster_msgs/lib:${LD_LIBRARY_PATH} PYTHONPATH=/home/ziad/ziad_ws/ROS2/work_space/install/yahboom_rosmaster_msgs/lib/python3.12/site-packages:${PYTHONPATH} /usr/bin/cmake --build /home/ziad/ziad_ws/ROS2/work_space/build/yahboom_rosmaster_system_tests -- -j4 -l4
[30.953s] DEBUG:colcon.colcon_core.event_handler.log_command:Invoking command in '/home/ziad/ziad_ws/ROS2/work_space/build/yahboom_rosmaster_system_tests': AMENT_PREFIX_PATH=/home/ziad/ziad_ws/ROS2/work_space/install/yahboom_rosmaster_msgs:${AMENT_PREFIX_PATH} CMAKE_PREFIX_PATH=/home/ziad/ziad_ws/ROS2/work_space/install/yahboom_rosmaster_msgs:/home/ziad/ziad_ws/ROS2/turtlebot3_ws/install/turtlebot3_simulations:/home/ziad/ziad_ws/ROS2/turtlebot3_ws/install/turtlebot3_fake_node:/home/ziad/ziad_ws/ROS2/turtlebot3_ws/install/turtlebot3_gazebo:/home/ziad/ziad_ws/ROS2/turtlebot3_ws/install/urdf_tutorial_cpp:/home/ziad/ziad_ws/ROS2/turtlebot3_ws/install/turtlebot3:/home/ziad/ziad_ws/ROS2/turtlebot3_ws/install/turtlebot3_bringup:/home/ziad/ziad_ws/ROS2/turtlebot3_ws/install/turtlebot3_node:/home/ziad/ziad_ws/ROS2/turtlebot3_ws/install/turtlebot3_navigation2:/home/ziad/ziad_ws/ROS2/turtlebot3_ws/install/turtlebot3_msgs:/home/ziad/ziad_ws/ROS2/turtlebot3_ws/install/turtlebot3_description:/home/ziad/ziad_ws/ROS2/turtlebot3_ws/install/turtlebot3_cartographer:/home/ziad/ziad_ws/ROS2/turtlebot3_ws/install/simple_pub_sub:/home/ziad/ziad_ws/ROS2/turtlebot3_ws/install/learning_tf2_cpp:/home/ziad/ziad_ws/ROS2/turtlebot3_ws/install/dynamixel_sdk_examples:/home/ziad/ziad_ws/ROS2/turtlebot3_ws/install/dynamixel_sdk_custom_interfaces:/home/ziad/ziad_ws/ROS2/turtlebot3_ws/install/dynamixel_sdk:/home/ziad/ziad_ws/ROS2/tutorials_work_sapce/install/urdf_tutorial_cpp:/home/ziad/ziad_ws/ROS2/tutorials_work_sapce/install/learning_tf2_cpp:/home/ziad/ziad_ws/ROS2/tutorials_work_sapce/install/simple_pub_sub:/home/ziad/ziad_ws/ROS2/tutorials_work_sapce/install/ros2_service:/opt/ros/jazzy/opt/gz_sim_vendor:/opt/ros/jazzy/opt/gz_sensors_vendor:/opt/ros/jazzy/opt/gz_physics_vendor:/opt/ros/jazzy/opt/sdformat_vendor:/opt/ros/jazzy/opt/gz_gui_vendor:/opt/ros/jazzy/opt/gz_transport_vendor:/opt/ros/jazzy/opt/gz_rendering_vendor:/opt/ros/jazzy/opt/gz_plugin_vendor:/opt/ros/jazzy/opt/gz_fuel_tools_vendor:/opt/ros/jazzy/opt/gz_msgs_vendor:/opt/ros/jazzy/opt/gz_common_vendor:/opt/ros/jazzy/opt/gz_math_vendor:/opt/ros/jazzy/opt/gz_utils_vendor:/opt/ros/jazzy/opt/gz_tools_vendor:/opt/ros/jazzy/opt/gz_ogre_next_vendor:/opt/ros/jazzy/opt/gz_dartsim_vendor:/opt/ros/jazzy/opt/gz_cmake_vendor:/home/ziad/ziad_ws/ROS2/turtlebot3_ws/install/turtlebot3_teleop:/home/ziad/ziad_ws/ROS2/turtlebot3_ws/install/turtlebot3_example:/opt/ros/jazzy DEBUGINFOD_URLS=https://debuginfod.ubuntu.com LD_LIBRARY_PATH=/home/ziad/ziad_ws/ROS2/work_space/install/yahboom_rosmaster_msgs/lib:${LD_LIBRARY_PATH} PYTHONPATH=/home/ziad/ziad_ws/ROS2/work_space/install/yahboom_rosmaster_msgs/lib/python3.12/site-packages:${PYTHONPATH} /usr/bin/cmake --install /home/ziad/ziad_ws/ROS2/work_space/build/yahboom_rosmaster_system_tests
[31.126s] Level 1:colcon.colcon_core.environment:create_environment_scripts_only(yahboom_rosmaster_system_tests)
[31.127s] Level 1:colcon.colcon_core.environment:checking '/home/ziad/ziad_ws/ROS2/work_space/install/yahboom_rosmaster_system_tests' for CMake module files
[31.130s] DEBUG:colcon.colcon_core.event_handler.log_command:Invoked command in '/home/ziad/ziad_ws/ROS2/work_space/build/yahboom_rosmaster_system_tests' returned '0': AMENT_PREFIX_PATH=/home/ziad/ziad_ws/ROS2/work_space/install/yahboom_rosmaster_msgs:${AMENT_PREFIX_PATH} CMAKE_PREFIX_PATH=/home/ziad/ziad_ws/ROS2/work_space/install/yahboom_rosmaster_msgs:/home/ziad/ziad_ws/ROS2/turtlebot3_ws/install/turtlebot3_simulations:/home/ziad/ziad_ws/ROS2/turtlebot3_ws/install/turtlebot3_fake_node:/home/ziad/ziad_ws/ROS2/turtlebot3_ws/install/turtlebot3_gazebo:/home/ziad/ziad_ws/ROS2/turtlebot3_ws/install/urdf_tutorial_cpp:/home/ziad/ziad_ws/ROS2/turtlebot3_ws/install/turtlebot3:/home/ziad/ziad_ws/ROS2/turtlebot3_ws/install/turtlebot3_bringup:/home/ziad/ziad_ws/ROS2/turtlebot3_ws/install/turtlebot3_node:/home/ziad/ziad_ws/ROS2/turtlebot3_ws/install/turtlebot3_navigation2:/home/ziad/ziad_ws/ROS2/turtlebot3_ws/install/turtlebot3_msgs:/home/ziad/ziad_ws/ROS2/turtlebot3_ws/install/turtlebot3_description:/home/ziad/ziad_ws/ROS2/turtlebot3_ws/install/turtlebot3_cartographer:/home/ziad/ziad_ws/ROS2/turtlebot3_ws/install/simple_pub_sub:/home/ziad/ziad_ws/ROS2/turtlebot3_ws/install/learning_tf2_cpp:/home/ziad/ziad_ws/ROS2/turtlebot3_ws/install/dynamixel_sdk_examples:/home/ziad/ziad_ws/ROS2/turtlebot3_ws/install/dynamixel_sdk_custom_interfaces:/home/ziad/ziad_ws/ROS2/turtlebot3_ws/install/dynamixel_sdk:/home/ziad/ziad_ws/ROS2/tutorials_work_sapce/install/urdf_tutorial_cpp:/home/ziad/ziad_ws/ROS2/tutorials_work_sapce/install/learning_tf2_cpp:/home/ziad/ziad_ws/ROS2/tutorials_work_sapce/install/simple_pub_sub:/home/ziad/ziad_ws/ROS2/tutorials_work_sapce/install/ros2_service:/opt/ros/jazzy/opt/gz_sim_vendor:/opt/ros/jazzy/opt/gz_sensors_vendor:/opt/ros/jazzy/opt/gz_physics_vendor:/opt/ros/jazzy/opt/sdformat_vendor:/opt/ros/jazzy/opt/gz_gui_vendor:/opt/ros/jazzy/opt/gz_transport_vendor:/opt/ros/jazzy/opt/gz_rendering_vendor:/opt/ros/jazzy/opt/gz_plugin_vendor:/opt/ros/jazzy/opt/gz_fuel_tools_vendor:/opt/ros/jazzy/opt/gz_msgs_vendor:/opt/ros/jazzy/opt/gz_common_vendor:/opt/ros/jazzy/opt/gz_math_vendor:/opt/ros/jazzy/opt/gz_utils_vendor:/opt/ros/jazzy/opt/gz_tools_vendor:/opt/ros/jazzy/opt/gz_ogre_next_vendor:/opt/ros/jazzy/opt/gz_dartsim_vendor:/opt/ros/jazzy/opt/gz_cmake_vendor:/home/ziad/ziad_ws/ROS2/turtlebot3_ws/install/turtlebot3_teleop:/home/ziad/ziad_ws/ROS2/turtlebot3_ws/install/turtlebot3_example:/opt/ros/jazzy DEBUGINFOD_URLS=https://debuginfod.ubuntu.com LD_LIBRARY_PATH=/home/ziad/ziad_ws/ROS2/work_space/install/yahboom_rosmaster_msgs/lib:${LD_LIBRARY_PATH} PYTHONPATH=/home/ziad/ziad_ws/ROS2/work_space/install/yahboom_rosmaster_msgs/lib/python3.12/site-packages:${PYTHONPATH} /usr/bin/cmake --install /home/ziad/ziad_ws/ROS2/work_space/build/yahboom_rosmaster_system_tests
[31.131s] Level 1:colcon.colcon_core.environment:checking '/home/ziad/ziad_ws/ROS2/work_space/install/yahboom_rosmaster_system_tests' for CMake config files
[31.132s] Level 1:colcon.colcon_core.shell:create_environment_hook('yahboom_rosmaster_system_tests', 'cmake_prefix_path')
[31.132s] INFO:colcon.colcon_core.shell:Creating environment hook '/home/ziad/ziad_ws/ROS2/work_space/install/yahboom_rosmaster_system_tests/share/yahboom_rosmaster_system_tests/hook/cmake_prefix_path.ps1'
[31.134s] INFO:colcon.colcon_core.shell:Creating environment descriptor '/home/ziad/ziad_ws/ROS2/work_space/install/yahboom_rosmaster_system_tests/share/yahboom_rosmaster_system_tests/hook/cmake_prefix_path.dsv'
[31.135s] INFO:colcon.colcon_core.shell:Creating environment hook '/home/ziad/ziad_ws/ROS2/work_space/install/yahboom_rosmaster_system_tests/share/yahboom_rosmaster_system_tests/hook/cmake_prefix_path.sh'
[31.136s] Level 1:colcon.colcon_core.environment:checking '/home/ziad/ziad_ws/ROS2/work_space/install/yahboom_rosmaster_system_tests/lib'
[31.137s] Level 1:colcon.colcon_core.environment:checking '/home/ziad/ziad_ws/ROS2/work_space/install/yahboom_rosmaster_system_tests/bin'
[31.137s] Level 1:colcon.colcon_core.environment:checking '/home/ziad/ziad_ws/ROS2/work_space/install/yahboom_rosmaster_system_tests/lib/pkgconfig/yahboom_rosmaster_system_tests.pc'
[31.140s] Level 1:colcon.colcon_core.environment:checking '/home/ziad/ziad_ws/ROS2/work_space/install/yahboom_rosmaster_system_tests/lib/python3.12/site-packages'
[31.141s] Level 1:colcon.colcon_core.environment:checking '/home/ziad/ziad_ws/ROS2/work_space/install/yahboom_rosmaster_system_tests/bin'
[31.142s] INFO:colcon.colcon_core.shell:Creating package script '/home/ziad/ziad_ws/ROS2/work_space/install/yahboom_rosmaster_system_tests/share/yahboom_rosmaster_system_tests/package.ps1'
[31.143s] INFO:colcon.colcon_core.shell:Creating package descriptor '/home/ziad/ziad_ws/ROS2/work_space/install/yahboom_rosmaster_system_tests/share/yahboom_rosmaster_system_tests/package.dsv'
[31.148s] INFO:colcon.colcon_core.shell:Creating package script '/home/ziad/ziad_ws/ROS2/work_space/install/yahboom_rosmaster_system_tests/share/yahboom_rosmaster_system_tests/package.sh'
[31.157s] INFO:colcon.colcon_core.shell:Creating package script '/home/ziad/ziad_ws/ROS2/work_space/install/yahboom_rosmaster_system_tests/share/yahboom_rosmaster_system_tests/package.bash'
[31.158s] INFO:colcon.colcon_core.shell:Creating package script '/home/ziad/ziad_ws/ROS2/work_space/install/yahboom_rosmaster_system_tests/share/yahboom_rosmaster_system_tests/package.zsh'
[31.159s] Level 1:colcon.colcon_core.environment:create_file_with_runtime_dependencies(/home/ziad/ziad_ws/ROS2/work_space/install/yahboom_rosmaster_system_tests/share/colcon-core/packages/yahboom_rosmaster_system_tests)
[31.166s] Level 1:colcon.colcon_core.environment:create_environment_scripts_only(yahboom_rosmaster_system_tests)
[31.167s] Level 1:colcon.colcon_core.environment:checking '/home/ziad/ziad_ws/ROS2/work_space/install/yahboom_rosmaster_system_tests' for CMake module files
[31.168s] Level 1:colcon.colcon_core.environment:checking '/home/ziad/ziad_ws/ROS2/work_space/install/yahboom_rosmaster_system_tests' for CMake config files
[31.169s] Level 1:colcon.colcon_core.shell:create_environment_hook('yahboom_rosmaster_system_tests', 'cmake_prefix_path')
[31.170s] INFO:colcon.colcon_core.shell:Creating environment hook '/home/ziad/ziad_ws/ROS2/work_space/install/yahboom_rosmaster_system_tests/share/yahboom_rosmaster_system_tests/hook/cmake_prefix_path.ps1'
[31.172s] INFO:colcon.colcon_core.shell:Creating environment descriptor '/home/ziad/ziad_ws/ROS2/work_space/install/yahboom_rosmaster_system_tests/share/yahboom_rosmaster_system_tests/hook/cmake_prefix_path.dsv'
[31.173s] INFO:colcon.colcon_core.shell:Creating environment hook '/home/ziad/ziad_ws/ROS2/work_space/install/yahboom_rosmaster_system_tests/share/yahboom_rosmaster_system_tests/hook/cmake_prefix_path.sh'
[31.175s] Level 1:colcon.colcon_core.environment:checking '/home/ziad/ziad_ws/ROS2/work_space/install/yahboom_rosmaster_system_tests/lib'
[31.175s] Level 1:colcon.colcon_core.environment:checking '/home/ziad/ziad_ws/ROS2/work_space/install/yahboom_rosmaster_system_tests/bin'
[31.175s] Level 1:colcon.colcon_core.environment:checking '/home/ziad/ziad_ws/ROS2/work_space/install/yahboom_rosmaster_system_tests/lib/pkgconfig/yahboom_rosmaster_system_tests.pc'
[31.175s] Level 1:colcon.colcon_core.environment:checking '/home/ziad/ziad_ws/ROS2/work_space/install/yahboom_rosmaster_system_tests/lib/python3.12/site-packages'
[31.176s] Level 1:colcon.colcon_core.environment:checking '/home/ziad/ziad_ws/ROS2/work_space/install/yahboom_rosmaster_system_tests/bin'
[31.177s] INFO:colcon.colcon_core.shell:Creating package script '/home/ziad/ziad_ws/ROS2/work_space/install/yahboom_rosmaster_system_tests/share/yahboom_rosmaster_system_tests/package.ps1'
[31.179s] INFO:colcon.colcon_core.shell:Creating package descriptor '/home/ziad/ziad_ws/ROS2/work_space/install/yahboom_rosmaster_system_tests/share/yahboom_rosmaster_system_tests/package.dsv'
[31.187s] INFO:colcon.colcon_core.shell:Creating package script '/home/ziad/ziad_ws/ROS2/work_space/install/yahboom_rosmaster_system_tests/share/yahboom_rosmaster_system_tests/package.sh'
[31.189s] INFO:colcon.colcon_core.shell:Creating package script '/home/ziad/ziad_ws/ROS2/work_space/install/yahboom_rosmaster_system_tests/share/yahboom_rosmaster_system_tests/package.bash'
[31.192s] INFO:colcon.colcon_core.shell:Creating package script '/home/ziad/ziad_ws/ROS2/work_space/install/yahboom_rosmaster_system_tests/share/yahboom_rosmaster_system_tests/package.zsh'
[31.201s] Level 1:colcon.colcon_core.environment:create_file_with_runtime_dependencies(/home/ziad/ziad_ws/ROS2/work_space/install/yahboom_rosmaster_system_tests/share/colcon-core/packages/yahboom_rosmaster_system_tests)
[31.204s] INFO:colcon.colcon_ros.task.ament_cmake.build:Building ROS package in '/home/ziad/ziad_ws/ROS2/work_space/src/yahboom_rosmaster/yahboom_rosmaster' with build type 'ament_cmake'
[31.205s] INFO:colcon.colcon_cmake.task.cmake.build:Building CMake package in '/home/ziad/ziad_ws/ROS2/work_space/src/yahboom_rosmaster/yahboom_rosmaster'
[31.205s] INFO:colcon.colcon_core.shell:Skip shell extension 'powershell' for command environment: Not usable outside of PowerShell
[31.205s] DEBUG:colcon.colcon_core.shell:Skip shell extension 'dsv' for command environment
[31.372s] DEBUG:colcon.colcon_core.event_handler.log_command:Invoking command in '/home/ziad/ziad_ws/ROS2/work_space/build/yahboom_rosmaster': AMENT_PREFIX_PATH=/home/ziad/ziad_ws/ROS2/work_space/install/yahboom_rosmaster_system_tests:/home/ziad/ziad_ws/ROS2/work_space/install/yahboom_rosmaster_docking:/home/ziad/ziad_ws/ROS2/work_space/install/yahboom_rosmaster_navigation:/home/ziad/ziad_ws/ROS2/work_space/install/yahboom_rosmaster_msgs:/home/ziad/ziad_ws/ROS2/work_space/install/yahboom_rosmaster_localization:/home/ziad/ziad_ws/ROS2/work_space/install/yahboom_rosmaster_gazebo:/home/ziad/ziad_ws/ROS2/work_space/install/yahboom_rosmaster_description:/home/ziad/ziad_ws/ROS2/work_space/install/yahboom_rosmaster_bringup:/home/ziad/ziad_ws/ROS2/work_space/install/apriltag_ros:${AMENT_PREFIX_PATH} CMAKE_PREFIX_PATH=/home/ziad/ziad_ws/ROS2/work_space/install/yahboom_rosmaster_system_tests:/home/ziad/ziad_ws/ROS2/work_space/install/yahboom_rosmaster_docking:/home/ziad/ziad_ws/ROS2/work_space/install/yahboom_rosmaster_navigation:/home/ziad/ziad_ws/ROS2/work_space/install/yahboom_rosmaster_msgs:/home/ziad/ziad_ws/ROS2/work_space/install/yahboom_rosmaster_localization:/home/ziad/ziad_ws/ROS2/work_space/install/yahboom_rosmaster_gazebo:/home/ziad/ziad_ws/ROS2/work_space/install/yahboom_rosmaster_description:/home/ziad/ziad_ws/ROS2/work_space/install/yahboom_rosmaster_bringup:/home/ziad/ziad_ws/ROS2/work_space/install/apriltag_ros:/home/ziad/ziad_ws/ROS2/turtlebot3_ws/install/turtlebot3_simulations:/home/ziad/ziad_ws/ROS2/turtlebot3_ws/install/turtlebot3_fake_node:/home/ziad/ziad_ws/ROS2/turtlebot3_ws/install/turtlebot3_gazebo:/home/ziad/ziad_ws/ROS2/turtlebot3_ws/install/urdf_tutorial_cpp:/home/ziad/ziad_ws/ROS2/turtlebot3_ws/install/turtlebot3:/home/ziad/ziad_ws/ROS2/turtlebot3_ws/install/turtlebot3_bringup:/home/ziad/ziad_ws/ROS2/turtlebot3_ws/install/turtlebot3_node:/home/ziad/ziad_ws/ROS2/turtlebot3_ws/install/turtlebot3_navigation2:/home/ziad/ziad_ws/ROS2/turtlebot3_ws/install/turtlebot3_msgs:/home/ziad/ziad_ws/ROS2/turtlebot3_ws/install/turtlebot3_description:/home/ziad/ziad_ws/ROS2/turtlebot3_ws/install/turtlebot3_cartographer:/home/ziad/ziad_ws/ROS2/turtlebot3_ws/install/simple_pub_sub:/home/ziad/ziad_ws/ROS2/turtlebot3_ws/install/learning_tf2_cpp:/home/ziad/ziad_ws/ROS2/turtlebot3_ws/install/dynamixel_sdk_examples:/home/ziad/ziad_ws/ROS2/turtlebot3_ws/install/dynamixel_sdk_custom_interfaces:/home/ziad/ziad_ws/ROS2/turtlebot3_ws/install/dynamixel_sdk:/home/ziad/ziad_ws/ROS2/tutorials_work_sapce/install/urdf_tutorial_cpp:/home/ziad/ziad_ws/ROS2/tutorials_work_sapce/install/learning_tf2_cpp:/home/ziad/ziad_ws/ROS2/tutorials_work_sapce/install/simple_pub_sub:/home/ziad/ziad_ws/ROS2/tutorials_work_sapce/install/ros2_service:/opt/ros/jazzy/opt/gz_sim_vendor:/opt/ros/jazzy/opt/gz_sensors_vendor:/opt/ros/jazzy/opt/gz_physics_vendor:/opt/ros/jazzy/opt/sdformat_vendor:/opt/ros/jazzy/opt/gz_gui_vendor:/opt/ros/jazzy/opt/gz_transport_vendor:/opt/ros/jazzy/opt/gz_rendering_vendor:/opt/ros/jazzy/opt/gz_plugin_vendor:/opt/ros/jazzy/opt/gz_fuel_tools_vendor:/opt/ros/jazzy/opt/gz_msgs_vendor:/opt/ros/jazzy/opt/gz_common_vendor:/opt/ros/jazzy/opt/gz_math_vendor:/opt/ros/jazzy/opt/gz_utils_vendor:/opt/ros/jazzy/opt/gz_tools_vendor:/opt/ros/jazzy/opt/gz_ogre_next_vendor:/opt/ros/jazzy/opt/gz_dartsim_vendor:/opt/ros/jazzy/opt/gz_cmake_vendor:/home/ziad/ziad_ws/ROS2/turtlebot3_ws/install/turtlebot3_teleop:/home/ziad/ziad_ws/ROS2/turtlebot3_ws/install/turtlebot3_example:/opt/ros/jazzy DEBUGINFOD_URLS=https://debuginfod.ubuntu.com LD_LIBRARY_PATH=/home/ziad/ziad_ws/ROS2/work_space/install/yahboom_rosmaster_msgs/lib:/home/ziad/ziad_ws/ROS2/work_space/install/apriltag_ros/lib:${LD_LIBRARY_PATH} PYTHONPATH=/home/ziad/ziad_ws/ROS2/work_space/install/yahboom_rosmaster_navigation/lib/python3.12/site-packages:/home/ziad/ziad_ws/ROS2/work_space/install/yahboom_rosmaster_msgs/lib/python3.12/site-packages:${PYTHONPATH} /usr/bin/cmake /home/ziad/ziad_ws/ROS2/work_space/src/yahboom_rosmaster/yahboom_rosmaster -DCMAKE_INSTALL_PREFIX=/home/ziad/ziad_ws/ROS2/work_space/install/yahboom_rosmaster
[33.423s] DEBUG:colcon.colcon_core.event_handler.log_command:Invoked command in '/home/ziad/ziad_ws/ROS2/work_space/build/yahboom_rosmaster' returned '0': AMENT_PREFIX_PATH=/home/ziad/ziad_ws/ROS2/work_space/install/yahboom_rosmaster_system_tests:/home/ziad/ziad_ws/ROS2/work_space/install/yahboom_rosmaster_docking:/home/ziad/ziad_ws/ROS2/work_space/install/yahboom_rosmaster_navigation:/home/ziad/ziad_ws/ROS2/work_space/install/yahboom_rosmaster_msgs:/home/ziad/ziad_ws/ROS2/work_space/install/yahboom_rosmaster_localization:/home/ziad/ziad_ws/ROS2/work_space/install/yahboom_rosmaster_gazebo:/home/ziad/ziad_ws/ROS2/work_space/install/yahboom_rosmaster_description:/home/ziad/ziad_ws/ROS2/work_space/install/yahboom_rosmaster_bringup:/home/ziad/ziad_ws/ROS2/work_space/install/apriltag_ros:${AMENT_PREFIX_PATH} CMAKE_PREFIX_PATH=/home/ziad/ziad_ws/ROS2/work_space/install/yahboom_rosmaster_system_tests:/home/ziad/ziad_ws/ROS2/work_space/install/yahboom_rosmaster_docking:/home/ziad/ziad_ws/ROS2/work_space/install/yahboom_rosmaster_navigation:/home/ziad/ziad_ws/ROS2/work_space/install/yahboom_rosmaster_msgs:/home/ziad/ziad_ws/ROS2/work_space/install/yahboom_rosmaster_localization:/home/ziad/ziad_ws/ROS2/work_space/install/yahboom_rosmaster_gazebo:/home/ziad/ziad_ws/ROS2/work_space/install/yahboom_rosmaster_description:/home/ziad/ziad_ws/ROS2/work_space/install/yahboom_rosmaster_bringup:/home/ziad/ziad_ws/ROS2/work_space/install/apriltag_ros:/home/ziad/ziad_ws/ROS2/turtlebot3_ws/install/turtlebot3_simulations:/home/ziad/ziad_ws/ROS2/turtlebot3_ws/install/turtlebot3_fake_node:/home/ziad/ziad_ws/ROS2/turtlebot3_ws/install/turtlebot3_gazebo:/home/ziad/ziad_ws/ROS2/turtlebot3_ws/install/urdf_tutorial_cpp:/home/ziad/ziad_ws/ROS2/turtlebot3_ws/install/turtlebot3:/home/ziad/ziad_ws/ROS2/turtlebot3_ws/install/turtlebot3_bringup:/home/ziad/ziad_ws/ROS2/turtlebot3_ws/install/turtlebot3_node:/home/ziad/ziad_ws/ROS2/turtlebot3_ws/install/turtlebot3_navigation2:/home/ziad/ziad_ws/ROS2/turtlebot3_ws/install/turtlebot3_msgs:/home/ziad/ziad_ws/ROS2/turtlebot3_ws/install/turtlebot3_description:/home/ziad/ziad_ws/ROS2/turtlebot3_ws/install/turtlebot3_cartographer:/home/ziad/ziad_ws/ROS2/turtlebot3_ws/install/simple_pub_sub:/home/ziad/ziad_ws/ROS2/turtlebot3_ws/install/learning_tf2_cpp:/home/ziad/ziad_ws/ROS2/turtlebot3_ws/install/dynamixel_sdk_examples:/home/ziad/ziad_ws/ROS2/turtlebot3_ws/install/dynamixel_sdk_custom_interfaces:/home/ziad/ziad_ws/ROS2/turtlebot3_ws/install/dynamixel_sdk:/home/ziad/ziad_ws/ROS2/tutorials_work_sapce/install/urdf_tutorial_cpp:/home/ziad/ziad_ws/ROS2/tutorials_work_sapce/install/learning_tf2_cpp:/home/ziad/ziad_ws/ROS2/tutorials_work_sapce/install/simple_pub_sub:/home/ziad/ziad_ws/ROS2/tutorials_work_sapce/install/ros2_service:/opt/ros/jazzy/opt/gz_sim_vendor:/opt/ros/jazzy/opt/gz_sensors_vendor:/opt/ros/jazzy/opt/gz_physics_vendor:/opt/ros/jazzy/opt/sdformat_vendor:/opt/ros/jazzy/opt/gz_gui_vendor:/opt/ros/jazzy/opt/gz_transport_vendor:/opt/ros/jazzy/opt/gz_rendering_vendor:/opt/ros/jazzy/opt/gz_plugin_vendor:/opt/ros/jazzy/opt/gz_fuel_tools_vendor:/opt/ros/jazzy/opt/gz_msgs_vendor:/opt/ros/jazzy/opt/gz_common_vendor:/opt/ros/jazzy/opt/gz_math_vendor:/opt/ros/jazzy/opt/gz_utils_vendor:/opt/ros/jazzy/opt/gz_tools_vendor:/opt/ros/jazzy/opt/gz_ogre_next_vendor:/opt/ros/jazzy/opt/gz_dartsim_vendor:/opt/ros/jazzy/opt/gz_cmake_vendor:/home/ziad/ziad_ws/ROS2/turtlebot3_ws/install/turtlebot3_teleop:/home/ziad/ziad_ws/ROS2/turtlebot3_ws/install/turtlebot3_example:/opt/ros/jazzy DEBUGINFOD_URLS=https://debuginfod.ubuntu.com LD_LIBRARY_PATH=/home/ziad/ziad_ws/ROS2/work_space/install/yahboom_rosmaster_msgs/lib:/home/ziad/ziad_ws/ROS2/work_space/install/apriltag_ros/lib:${LD_LIBRARY_PATH} PYTHONPATH=/home/ziad/ziad_ws/ROS2/work_space/install/yahboom_rosmaster_navigation/lib/python3.12/site-packages:/home/ziad/ziad_ws/ROS2/work_space/install/yahboom_rosmaster_msgs/lib/python3.12/site-packages:${PYTHONPATH} /usr/bin/cmake /home/ziad/ziad_ws/ROS2/work_space/src/yahboom_rosmaster/yahboom_rosmaster -DCMAKE_INSTALL_PREFIX=/home/ziad/ziad_ws/ROS2/work_space/install/yahboom_rosmaster
[33.430s] DEBUG:colcon.colcon_core.event_handler.log_command:Invoking command in '/home/ziad/ziad_ws/ROS2/work_space/build/yahboom_rosmaster': AMENT_PREFIX_PATH=/home/ziad/ziad_ws/ROS2/work_space/install/yahboom_rosmaster_system_tests:/home/ziad/ziad_ws/ROS2/work_space/install/yahboom_rosmaster_docking:/home/ziad/ziad_ws/ROS2/work_space/install/yahboom_rosmaster_navigation:/home/ziad/ziad_ws/ROS2/work_space/install/yahboom_rosmaster_msgs:/home/ziad/ziad_ws/ROS2/work_space/install/yahboom_rosmaster_localization:/home/ziad/ziad_ws/ROS2/work_space/install/yahboom_rosmaster_gazebo:/home/ziad/ziad_ws/ROS2/work_space/install/yahboom_rosmaster_description:/home/ziad/ziad_ws/ROS2/work_space/install/yahboom_rosmaster_bringup:/home/ziad/ziad_ws/ROS2/work_space/install/apriltag_ros:${AMENT_PREFIX_PATH} CMAKE_PREFIX_PATH=/home/ziad/ziad_ws/ROS2/work_space/install/yahboom_rosmaster_system_tests:/home/ziad/ziad_ws/ROS2/work_space/install/yahboom_rosmaster_docking:/home/ziad/ziad_ws/ROS2/work_space/install/yahboom_rosmaster_navigation:/home/ziad/ziad_ws/ROS2/work_space/install/yahboom_rosmaster_msgs:/home/ziad/ziad_ws/ROS2/work_space/install/yahboom_rosmaster_localization:/home/ziad/ziad_ws/ROS2/work_space/install/yahboom_rosmaster_gazebo:/home/ziad/ziad_ws/ROS2/work_space/install/yahboom_rosmaster_description:/home/ziad/ziad_ws/ROS2/work_space/install/yahboom_rosmaster_bringup:/home/ziad/ziad_ws/ROS2/work_space/install/apriltag_ros:/home/ziad/ziad_ws/ROS2/turtlebot3_ws/install/turtlebot3_simulations:/home/ziad/ziad_ws/ROS2/turtlebot3_ws/install/turtlebot3_fake_node:/home/ziad/ziad_ws/ROS2/turtlebot3_ws/install/turtlebot3_gazebo:/home/ziad/ziad_ws/ROS2/turtlebot3_ws/install/urdf_tutorial_cpp:/home/ziad/ziad_ws/ROS2/turtlebot3_ws/install/turtlebot3:/home/ziad/ziad_ws/ROS2/turtlebot3_ws/install/turtlebot3_bringup:/home/ziad/ziad_ws/ROS2/turtlebot3_ws/install/turtlebot3_node:/home/ziad/ziad_ws/ROS2/turtlebot3_ws/install/turtlebot3_navigation2:/home/ziad/ziad_ws/ROS2/turtlebot3_ws/install/turtlebot3_msgs:/home/ziad/ziad_ws/ROS2/turtlebot3_ws/install/turtlebot3_description:/home/ziad/ziad_ws/ROS2/turtlebot3_ws/install/turtlebot3_cartographer:/home/ziad/ziad_ws/ROS2/turtlebot3_ws/install/simple_pub_sub:/home/ziad/ziad_ws/ROS2/turtlebot3_ws/install/learning_tf2_cpp:/home/ziad/ziad_ws/ROS2/turtlebot3_ws/install/dynamixel_sdk_examples:/home/ziad/ziad_ws/ROS2/turtlebot3_ws/install/dynamixel_sdk_custom_interfaces:/home/ziad/ziad_ws/ROS2/turtlebot3_ws/install/dynamixel_sdk:/home/ziad/ziad_ws/ROS2/tutorials_work_sapce/install/urdf_tutorial_cpp:/home/ziad/ziad_ws/ROS2/tutorials_work_sapce/install/learning_tf2_cpp:/home/ziad/ziad_ws/ROS2/tutorials_work_sapce/install/simple_pub_sub:/home/ziad/ziad_ws/ROS2/tutorials_work_sapce/install/ros2_service:/opt/ros/jazzy/opt/gz_sim_vendor:/opt/ros/jazzy/opt/gz_sensors_vendor:/opt/ros/jazzy/opt/gz_physics_vendor:/opt/ros/jazzy/opt/sdformat_vendor:/opt/ros/jazzy/opt/gz_gui_vendor:/opt/ros/jazzy/opt/gz_transport_vendor:/opt/ros/jazzy/opt/gz_rendering_vendor:/opt/ros/jazzy/opt/gz_plugin_vendor:/opt/ros/jazzy/opt/gz_fuel_tools_vendor:/opt/ros/jazzy/opt/gz_msgs_vendor:/opt/ros/jazzy/opt/gz_common_vendor:/opt/ros/jazzy/opt/gz_math_vendor:/opt/ros/jazzy/opt/gz_utils_vendor:/opt/ros/jazzy/opt/gz_tools_vendor:/opt/ros/jazzy/opt/gz_ogre_next_vendor:/opt/ros/jazzy/opt/gz_dartsim_vendor:/opt/ros/jazzy/opt/gz_cmake_vendor:/home/ziad/ziad_ws/ROS2/turtlebot3_ws/install/turtlebot3_teleop:/home/ziad/ziad_ws/ROS2/turtlebot3_ws/install/turtlebot3_example:/opt/ros/jazzy DEBUGINFOD_URLS=https://debuginfod.ubuntu.com LD_LIBRARY_PATH=/home/ziad/ziad_ws/ROS2/work_space/install/yahboom_rosmaster_msgs/lib:/home/ziad/ziad_ws/ROS2/work_space/install/apriltag_ros/lib:${LD_LIBRARY_PATH} PYTHONPATH=/home/ziad/ziad_ws/ROS2/work_space/install/yahboom_rosmaster_navigation/lib/python3.12/site-packages:/home/ziad/ziad_ws/ROS2/work_space/install/yahboom_rosmaster_msgs/lib/python3.12/site-packages:${PYTHONPATH} /usr/bin/cmake --build /home/ziad/ziad_ws/ROS2/work_space/build/yahboom_rosmaster -- -j4 -l4
[33.615s] DEBUG:colcon.colcon_core.event_handler.log_command:Invoked command in '/home/ziad/ziad_ws/ROS2/work_space/build/yahboom_rosmaster' returned '0': AMENT_PREFIX_PATH=/home/ziad/ziad_ws/ROS2/work_space/install/yahboom_rosmaster_system_tests:/home/ziad/ziad_ws/ROS2/work_space/install/yahboom_rosmaster_docking:/home/ziad/ziad_ws/ROS2/work_space/install/yahboom_rosmaster_navigation:/home/ziad/ziad_ws/ROS2/work_space/install/yahboom_rosmaster_msgs:/home/ziad/ziad_ws/ROS2/work_space/install/yahboom_rosmaster_localization:/home/ziad/ziad_ws/ROS2/work_space/install/yahboom_rosmaster_gazebo:/home/ziad/ziad_ws/ROS2/work_space/install/yahboom_rosmaster_description:/home/ziad/ziad_ws/ROS2/work_space/install/yahboom_rosmaster_bringup:/home/ziad/ziad_ws/ROS2/work_space/install/apriltag_ros:${AMENT_PREFIX_PATH} CMAKE_PREFIX_PATH=/home/ziad/ziad_ws/ROS2/work_space/install/yahboom_rosmaster_system_tests:/home/ziad/ziad_ws/ROS2/work_space/install/yahboom_rosmaster_docking:/home/ziad/ziad_ws/ROS2/work_space/install/yahboom_rosmaster_navigation:/home/ziad/ziad_ws/ROS2/work_space/install/yahboom_rosmaster_msgs:/home/ziad/ziad_ws/ROS2/work_space/install/yahboom_rosmaster_localization:/home/ziad/ziad_ws/ROS2/work_space/install/yahboom_rosmaster_gazebo:/home/ziad/ziad_ws/ROS2/work_space/install/yahboom_rosmaster_description:/home/ziad/ziad_ws/ROS2/work_space/install/yahboom_rosmaster_bringup:/home/ziad/ziad_ws/ROS2/work_space/install/apriltag_ros:/home/ziad/ziad_ws/ROS2/turtlebot3_ws/install/turtlebot3_simulations:/home/ziad/ziad_ws/ROS2/turtlebot3_ws/install/turtlebot3_fake_node:/home/ziad/ziad_ws/ROS2/turtlebot3_ws/install/turtlebot3_gazebo:/home/ziad/ziad_ws/ROS2/turtlebot3_ws/install/urdf_tutorial_cpp:/home/ziad/ziad_ws/ROS2/turtlebot3_ws/install/turtlebot3:/home/ziad/ziad_ws/ROS2/turtlebot3_ws/install/turtlebot3_bringup:/home/ziad/ziad_ws/ROS2/turtlebot3_ws/install/turtlebot3_node:/home/ziad/ziad_ws/ROS2/turtlebot3_ws/install/turtlebot3_navigation2:/home/ziad/ziad_ws/ROS2/turtlebot3_ws/install/turtlebot3_msgs:/home/ziad/ziad_ws/ROS2/turtlebot3_ws/install/turtlebot3_description:/home/ziad/ziad_ws/ROS2/turtlebot3_ws/install/turtlebot3_cartographer:/home/ziad/ziad_ws/ROS2/turtlebot3_ws/install/simple_pub_sub:/home/ziad/ziad_ws/ROS2/turtlebot3_ws/install/learning_tf2_cpp:/home/ziad/ziad_ws/ROS2/turtlebot3_ws/install/dynamixel_sdk_examples:/home/ziad/ziad_ws/ROS2/turtlebot3_ws/install/dynamixel_sdk_custom_interfaces:/home/ziad/ziad_ws/ROS2/turtlebot3_ws/install/dynamixel_sdk:/home/ziad/ziad_ws/ROS2/tutorials_work_sapce/install/urdf_tutorial_cpp:/home/ziad/ziad_ws/ROS2/tutorials_work_sapce/install/learning_tf2_cpp:/home/ziad/ziad_ws/ROS2/tutorials_work_sapce/install/simple_pub_sub:/home/ziad/ziad_ws/ROS2/tutorials_work_sapce/install/ros2_service:/opt/ros/jazzy/opt/gz_sim_vendor:/opt/ros/jazzy/opt/gz_sensors_vendor:/opt/ros/jazzy/opt/gz_physics_vendor:/opt/ros/jazzy/opt/sdformat_vendor:/opt/ros/jazzy/opt/gz_gui_vendor:/opt/ros/jazzy/opt/gz_transport_vendor:/opt/ros/jazzy/opt/gz_rendering_vendor:/opt/ros/jazzy/opt/gz_plugin_vendor:/opt/ros/jazzy/opt/gz_fuel_tools_vendor:/opt/ros/jazzy/opt/gz_msgs_vendor:/opt/ros/jazzy/opt/gz_common_vendor:/opt/ros/jazzy/opt/gz_math_vendor:/opt/ros/jazzy/opt/gz_utils_vendor:/opt/ros/jazzy/opt/gz_tools_vendor:/opt/ros/jazzy/opt/gz_ogre_next_vendor:/opt/ros/jazzy/opt/gz_dartsim_vendor:/opt/ros/jazzy/opt/gz_cmake_vendor:/home/ziad/ziad_ws/ROS2/turtlebot3_ws/install/turtlebot3_teleop:/home/ziad/ziad_ws/ROS2/turtlebot3_ws/install/turtlebot3_example:/opt/ros/jazzy DEBUGINFOD_URLS=https://debuginfod.ubuntu.com LD_LIBRARY_PATH=/home/ziad/ziad_ws/ROS2/work_space/install/yahboom_rosmaster_msgs/lib:/home/ziad/ziad_ws/ROS2/work_space/install/apriltag_ros/lib:${LD_LIBRARY_PATH} PYTHONPATH=/home/ziad/ziad_ws/ROS2/work_space/install/yahboom_rosmaster_navigation/lib/python3.12/site-packages:/home/ziad/ziad_ws/ROS2/work_space/install/yahboom_rosmaster_msgs/lib/python3.12/site-packages:${PYTHONPATH} /usr/bin/cmake --build /home/ziad/ziad_ws/ROS2/work_space/build/yahboom_rosmaster -- -j4 -l4
[33.634s] DEBUG:colcon.colcon_core.event_handler.log_command:Invoking command in '/home/ziad/ziad_ws/ROS2/work_space/build/yahboom_rosmaster': AMENT_PREFIX_PATH=/home/ziad/ziad_ws/ROS2/work_space/install/yahboom_rosmaster_system_tests:/home/ziad/ziad_ws/ROS2/work_space/install/yahboom_rosmaster_docking:/home/ziad/ziad_ws/ROS2/work_space/install/yahboom_rosmaster_navigation:/home/ziad/ziad_ws/ROS2/work_space/install/yahboom_rosmaster_msgs:/home/ziad/ziad_ws/ROS2/work_space/install/yahboom_rosmaster_localization:/home/ziad/ziad_ws/ROS2/work_space/install/yahboom_rosmaster_gazebo:/home/ziad/ziad_ws/ROS2/work_space/install/yahboom_rosmaster_description:/home/ziad/ziad_ws/ROS2/work_space/install/yahboom_rosmaster_bringup:/home/ziad/ziad_ws/ROS2/work_space/install/apriltag_ros:${AMENT_PREFIX_PATH} CMAKE_PREFIX_PATH=/home/ziad/ziad_ws/ROS2/work_space/install/yahboom_rosmaster_system_tests:/home/ziad/ziad_ws/ROS2/work_space/install/yahboom_rosmaster_docking:/home/ziad/ziad_ws/ROS2/work_space/install/yahboom_rosmaster_navigation:/home/ziad/ziad_ws/ROS2/work_space/install/yahboom_rosmaster_msgs:/home/ziad/ziad_ws/ROS2/work_space/install/yahboom_rosmaster_localization:/home/ziad/ziad_ws/ROS2/work_space/install/yahboom_rosmaster_gazebo:/home/ziad/ziad_ws/ROS2/work_space/install/yahboom_rosmaster_description:/home/ziad/ziad_ws/ROS2/work_space/install/yahboom_rosmaster_bringup:/home/ziad/ziad_ws/ROS2/work_space/install/apriltag_ros:/home/ziad/ziad_ws/ROS2/turtlebot3_ws/install/turtlebot3_simulations:/home/ziad/ziad_ws/ROS2/turtlebot3_ws/install/turtlebot3_fake_node:/home/ziad/ziad_ws/ROS2/turtlebot3_ws/install/turtlebot3_gazebo:/home/ziad/ziad_ws/ROS2/turtlebot3_ws/install/urdf_tutorial_cpp:/home/ziad/ziad_ws/ROS2/turtlebot3_ws/install/turtlebot3:/home/ziad/ziad_ws/ROS2/turtlebot3_ws/install/turtlebot3_bringup:/home/ziad/ziad_ws/ROS2/turtlebot3_ws/install/turtlebot3_node:/home/ziad/ziad_ws/ROS2/turtlebot3_ws/install/turtlebot3_navigation2:/home/ziad/ziad_ws/ROS2/turtlebot3_ws/install/turtlebot3_msgs:/home/ziad/ziad_ws/ROS2/turtlebot3_ws/install/turtlebot3_description:/home/ziad/ziad_ws/ROS2/turtlebot3_ws/install/turtlebot3_cartographer:/home/ziad/ziad_ws/ROS2/turtlebot3_ws/install/simple_pub_sub:/home/ziad/ziad_ws/ROS2/turtlebot3_ws/install/learning_tf2_cpp:/home/ziad/ziad_ws/ROS2/turtlebot3_ws/install/dynamixel_sdk_examples:/home/ziad/ziad_ws/ROS2/turtlebot3_ws/install/dynamixel_sdk_custom_interfaces:/home/ziad/ziad_ws/ROS2/turtlebot3_ws/install/dynamixel_sdk:/home/ziad/ziad_ws/ROS2/tutorials_work_sapce/install/urdf_tutorial_cpp:/home/ziad/ziad_ws/ROS2/tutorials_work_sapce/install/learning_tf2_cpp:/home/ziad/ziad_ws/ROS2/tutorials_work_sapce/install/simple_pub_sub:/home/ziad/ziad_ws/ROS2/tutorials_work_sapce/install/ros2_service:/opt/ros/jazzy/opt/gz_sim_vendor:/opt/ros/jazzy/opt/gz_sensors_vendor:/opt/ros/jazzy/opt/gz_physics_vendor:/opt/ros/jazzy/opt/sdformat_vendor:/opt/ros/jazzy/opt/gz_gui_vendor:/opt/ros/jazzy/opt/gz_transport_vendor:/opt/ros/jazzy/opt/gz_rendering_vendor:/opt/ros/jazzy/opt/gz_plugin_vendor:/opt/ros/jazzy/opt/gz_fuel_tools_vendor:/opt/ros/jazzy/opt/gz_msgs_vendor:/opt/ros/jazzy/opt/gz_common_vendor:/opt/ros/jazzy/opt/gz_math_vendor:/opt/ros/jazzy/opt/gz_utils_vendor:/opt/ros/jazzy/opt/gz_tools_vendor:/opt/ros/jazzy/opt/gz_ogre_next_vendor:/opt/ros/jazzy/opt/gz_dartsim_vendor:/opt/ros/jazzy/opt/gz_cmake_vendor:/home/ziad/ziad_ws/ROS2/turtlebot3_ws/install/turtlebot3_teleop:/home/ziad/ziad_ws/ROS2/turtlebot3_ws/install/turtlebot3_example:/opt/ros/jazzy DEBUGINFOD_URLS=https://debuginfod.ubuntu.com LD_LIBRARY_PATH=/home/ziad/ziad_ws/ROS2/work_space/install/yahboom_rosmaster_msgs/lib:/home/ziad/ziad_ws/ROS2/work_space/install/apriltag_ros/lib:${LD_LIBRARY_PATH} PYTHONPATH=/home/ziad/ziad_ws/ROS2/work_space/install/yahboom_rosmaster_navigation/lib/python3.12/site-packages:/home/ziad/ziad_ws/ROS2/work_space/install/yahboom_rosmaster_msgs/lib/python3.12/site-packages:${PYTHONPATH} /usr/bin/cmake --install /home/ziad/ziad_ws/ROS2/work_space/build/yahboom_rosmaster
[33.781s] Level 1:colcon.colcon_core.environment:create_environment_scripts_only(yahboom_rosmaster)
[33.782s] DEBUG:colcon.colcon_core.event_handler.log_command:Invoked command in '/home/ziad/ziad_ws/ROS2/work_space/build/yahboom_rosmaster' returned '0': AMENT_PREFIX_PATH=/home/ziad/ziad_ws/ROS2/work_space/install/yahboom_rosmaster_system_tests:/home/ziad/ziad_ws/ROS2/work_space/install/yahboom_rosmaster_docking:/home/ziad/ziad_ws/ROS2/work_space/install/yahboom_rosmaster_navigation:/home/ziad/ziad_ws/ROS2/work_space/install/yahboom_rosmaster_msgs:/home/ziad/ziad_ws/ROS2/work_space/install/yahboom_rosmaster_localization:/home/ziad/ziad_ws/ROS2/work_space/install/yahboom_rosmaster_gazebo:/home/ziad/ziad_ws/ROS2/work_space/install/yahboom_rosmaster_description:/home/ziad/ziad_ws/ROS2/work_space/install/yahboom_rosmaster_bringup:/home/ziad/ziad_ws/ROS2/work_space/install/apriltag_ros:${AMENT_PREFIX_PATH} CMAKE_PREFIX_PATH=/home/ziad/ziad_ws/ROS2/work_space/install/yahboom_rosmaster_system_tests:/home/ziad/ziad_ws/ROS2/work_space/install/yahboom_rosmaster_docking:/home/ziad/ziad_ws/ROS2/work_space/install/yahboom_rosmaster_navigation:/home/ziad/ziad_ws/ROS2/work_space/install/yahboom_rosmaster_msgs:/home/ziad/ziad_ws/ROS2/work_space/install/yahboom_rosmaster_localization:/home/ziad/ziad_ws/ROS2/work_space/install/yahboom_rosmaster_gazebo:/home/ziad/ziad_ws/ROS2/work_space/install/yahboom_rosmaster_description:/home/ziad/ziad_ws/ROS2/work_space/install/yahboom_rosmaster_bringup:/home/ziad/ziad_ws/ROS2/work_space/install/apriltag_ros:/home/ziad/ziad_ws/ROS2/turtlebot3_ws/install/turtlebot3_simulations:/home/ziad/ziad_ws/ROS2/turtlebot3_ws/install/turtlebot3_fake_node:/home/ziad/ziad_ws/ROS2/turtlebot3_ws/install/turtlebot3_gazebo:/home/ziad/ziad_ws/ROS2/turtlebot3_ws/install/urdf_tutorial_cpp:/home/ziad/ziad_ws/ROS2/turtlebot3_ws/install/turtlebot3:/home/ziad/ziad_ws/ROS2/turtlebot3_ws/install/turtlebot3_bringup:/home/ziad/ziad_ws/ROS2/turtlebot3_ws/install/turtlebot3_node:/home/ziad/ziad_ws/ROS2/turtlebot3_ws/install/turtlebot3_navigation2:/home/ziad/ziad_ws/ROS2/turtlebot3_ws/install/turtlebot3_msgs:/home/ziad/ziad_ws/ROS2/turtlebot3_ws/install/turtlebot3_description:/home/ziad/ziad_ws/ROS2/turtlebot3_ws/install/turtlebot3_cartographer:/home/ziad/ziad_ws/ROS2/turtlebot3_ws/install/simple_pub_sub:/home/ziad/ziad_ws/ROS2/turtlebot3_ws/install/learning_tf2_cpp:/home/ziad/ziad_ws/ROS2/turtlebot3_ws/install/dynamixel_sdk_examples:/home/ziad/ziad_ws/ROS2/turtlebot3_ws/install/dynamixel_sdk_custom_interfaces:/home/ziad/ziad_ws/ROS2/turtlebot3_ws/install/dynamixel_sdk:/home/ziad/ziad_ws/ROS2/tutorials_work_sapce/install/urdf_tutorial_cpp:/home/ziad/ziad_ws/ROS2/tutorials_work_sapce/install/learning_tf2_cpp:/home/ziad/ziad_ws/ROS2/tutorials_work_sapce/install/simple_pub_sub:/home/ziad/ziad_ws/ROS2/tutorials_work_sapce/install/ros2_service:/opt/ros/jazzy/opt/gz_sim_vendor:/opt/ros/jazzy/opt/gz_sensors_vendor:/opt/ros/jazzy/opt/gz_physics_vendor:/opt/ros/jazzy/opt/sdformat_vendor:/opt/ros/jazzy/opt/gz_gui_vendor:/opt/ros/jazzy/opt/gz_transport_vendor:/opt/ros/jazzy/opt/gz_rendering_vendor:/opt/ros/jazzy/opt/gz_plugin_vendor:/opt/ros/jazzy/opt/gz_fuel_tools_vendor:/opt/ros/jazzy/opt/gz_msgs_vendor:/opt/ros/jazzy/opt/gz_common_vendor:/opt/ros/jazzy/opt/gz_math_vendor:/opt/ros/jazzy/opt/gz_utils_vendor:/opt/ros/jazzy/opt/gz_tools_vendor:/opt/ros/jazzy/opt/gz_ogre_next_vendor:/opt/ros/jazzy/opt/gz_dartsim_vendor:/opt/ros/jazzy/opt/gz_cmake_vendor:/home/ziad/ziad_ws/ROS2/turtlebot3_ws/install/turtlebot3_teleop:/home/ziad/ziad_ws/ROS2/turtlebot3_ws/install/turtlebot3_example:/opt/ros/jazzy DEBUGINFOD_URLS=https://debuginfod.ubuntu.com LD_LIBRARY_PATH=/home/ziad/ziad_ws/ROS2/work_space/install/yahboom_rosmaster_msgs/lib:/home/ziad/ziad_ws/ROS2/work_space/install/apriltag_ros/lib:${LD_LIBRARY_PATH} PYTHONPATH=/home/ziad/ziad_ws/ROS2/work_space/install/yahboom_rosmaster_navigation/lib/python3.12/site-packages:/home/ziad/ziad_ws/ROS2/work_space/install/yahboom_rosmaster_msgs/lib/python3.12/site-packages:${PYTHONPATH} /usr/bin/cmake --install /home/ziad/ziad_ws/ROS2/work_space/build/yahboom_rosmaster
[33.789s] Level 1:colcon.colcon_core.environment:checking '/home/ziad/ziad_ws/ROS2/work_space/install/yahboom_rosmaster' for CMake module files
[33.794s] Level 1:colcon.colcon_core.environment:checking '/home/ziad/ziad_ws/ROS2/work_space/install/yahboom_rosmaster' for CMake config files
[33.795s] Level 1:colcon.colcon_core.shell:create_environment_hook('yahboom_rosmaster', 'cmake_prefix_path')
[33.796s] INFO:colcon.colcon_core.shell:Creating environment hook '/home/ziad/ziad_ws/ROS2/work_space/install/yahboom_rosmaster/share/yahboom_rosmaster/hook/cmake_prefix_path.ps1'
[33.797s] INFO:colcon.colcon_core.shell:Creating environment descriptor '/home/ziad/ziad_ws/ROS2/work_space/install/yahboom_rosmaster/share/yahboom_rosmaster/hook/cmake_prefix_path.dsv'
[33.799s] INFO:colcon.colcon_core.shell:Creating environment hook '/home/ziad/ziad_ws/ROS2/work_space/install/yahboom_rosmaster/share/yahboom_rosmaster/hook/cmake_prefix_path.sh'
[33.800s] Level 1:colcon.colcon_core.environment:checking '/home/ziad/ziad_ws/ROS2/work_space/install/yahboom_rosmaster/bin'
[33.800s] Level 1:colcon.colcon_core.environment:checking '/home/ziad/ziad_ws/ROS2/work_space/install/yahboom_rosmaster/lib/pkgconfig/yahboom_rosmaster.pc'
[33.801s] Level 1:colcon.colcon_core.environment:checking '/home/ziad/ziad_ws/ROS2/work_space/install/yahboom_rosmaster/lib/python3.12/site-packages'
[33.801s] Level 1:colcon.colcon_core.environment:checking '/home/ziad/ziad_ws/ROS2/work_space/install/yahboom_rosmaster/bin'
[33.801s] INFO:colcon.colcon_core.shell:Creating package script '/home/ziad/ziad_ws/ROS2/work_space/install/yahboom_rosmaster/share/yahboom_rosmaster/package.ps1'
[33.802s] INFO:colcon.colcon_core.shell:Creating package descriptor '/home/ziad/ziad_ws/ROS2/work_space/install/yahboom_rosmaster/share/yahboom_rosmaster/package.dsv'
[33.803s] INFO:colcon.colcon_core.shell:Creating package script '/home/ziad/ziad_ws/ROS2/work_space/install/yahboom_rosmaster/share/yahboom_rosmaster/package.sh'
[33.805s] INFO:colcon.colcon_core.shell:Creating package script '/home/ziad/ziad_ws/ROS2/work_space/install/yahboom_rosmaster/share/yahboom_rosmaster/package.bash'
[33.817s] INFO:colcon.colcon_core.shell:Creating package script '/home/ziad/ziad_ws/ROS2/work_space/install/yahboom_rosmaster/share/yahboom_rosmaster/package.zsh'
[33.819s] Level 1:colcon.colcon_core.environment:create_file_with_runtime_dependencies(/home/ziad/ziad_ws/ROS2/work_space/install/yahboom_rosmaster/share/colcon-core/packages/yahboom_rosmaster)
[33.829s] Level 1:colcon.colcon_core.environment:create_environment_scripts_only(yahboom_rosmaster)
[33.837s] Level 1:colcon.colcon_core.environment:checking '/home/ziad/ziad_ws/ROS2/work_space/install/yahboom_rosmaster' for CMake module files
[33.840s] Level 1:colcon.colcon_core.environment:checking '/home/ziad/ziad_ws/ROS2/work_space/install/yahboom_rosmaster' for CMake config files
[33.841s] Level 1:colcon.colcon_core.shell:create_environment_hook('yahboom_rosmaster', 'cmake_prefix_path')
[33.843s] INFO:colcon.colcon_core.shell:Creating environment hook '/home/ziad/ziad_ws/ROS2/work_space/install/yahboom_rosmaster/share/yahboom_rosmaster/hook/cmake_prefix_path.ps1'
[33.848s] INFO:colcon.colcon_core.shell:Creating environment descriptor '/home/ziad/ziad_ws/ROS2/work_space/install/yahboom_rosmaster/share/yahboom_rosmaster/hook/cmake_prefix_path.dsv'
[33.849s] INFO:colcon.colcon_core.shell:Creating environment hook '/home/ziad/ziad_ws/ROS2/work_space/install/yahboom_rosmaster/share/yahboom_rosmaster/hook/cmake_prefix_path.sh'
[33.850s] Level 1:colcon.colcon_core.environment:checking '/home/ziad/ziad_ws/ROS2/work_space/install/yahboom_rosmaster/bin'
[33.851s] Level 1:colcon.colcon_core.environment:checking '/home/ziad/ziad_ws/ROS2/work_space/install/yahboom_rosmaster/lib/pkgconfig/yahboom_rosmaster.pc'
[33.852s] Level 1:colcon.colcon_core.environment:checking '/home/ziad/ziad_ws/ROS2/work_space/install/yahboom_rosmaster/lib/python3.12/site-packages'
[33.853s] Level 1:colcon.colcon_core.environment:checking '/home/ziad/ziad_ws/ROS2/work_space/install/yahboom_rosmaster/bin'
[33.853s] INFO:colcon.colcon_core.shell:Creating package script '/home/ziad/ziad_ws/ROS2/work_space/install/yahboom_rosmaster/share/yahboom_rosmaster/package.ps1'
[33.855s] INFO:colcon.colcon_core.shell:Creating package descriptor '/home/ziad/ziad_ws/ROS2/work_space/install/yahboom_rosmaster/share/yahboom_rosmaster/package.dsv'
[33.863s] INFO:colcon.colcon_core.shell:Creating package script '/home/ziad/ziad_ws/ROS2/work_space/install/yahboom_rosmaster/share/yahboom_rosmaster/package.sh'
[33.866s] INFO:colcon.colcon_core.shell:Creating package script '/home/ziad/ziad_ws/ROS2/work_space/install/yahboom_rosmaster/share/yahboom_rosmaster/package.bash'
[33.868s] INFO:colcon.colcon_core.shell:Creating package script '/home/ziad/ziad_ws/ROS2/work_space/install/yahboom_rosmaster/share/yahboom_rosmaster/package.zsh'
[33.869s] Level 1:colcon.colcon_core.environment:create_file_with_runtime_dependencies(/home/ziad/ziad_ws/ROS2/work_space/install/yahboom_rosmaster/share/colcon-core/packages/yahboom_rosmaster)
[35.419s] DEBUG:colcon.colcon_core.event_handler.log_command:Invoked command in '/home/ziad/ziad_ws/ROS2/work_space/build/ros2_control_turtel_bot' returned '0': CMAKE_PREFIX_PATH=${CMAKE_PREFIX_PATH}:/home/ziad/ziad_ws/ROS2/turtlebot3_ws/install/turtlebot3_teleop:/home/ziad/ziad_ws/ROS2/turtlebot3_ws/install/turtlebot3_example:/opt/ros/jazzy DEBUGINFOD_URLS=https://debuginfod.ubuntu.com /usr/bin/cmake /home/ziad/ziad_ws/ROS2/work_space/src/ros2_control_turtel_bot -DCMAKE_INSTALL_PREFIX=/home/ziad/ziad_ws/ROS2/work_space/install/ros2_control_turtel_bot
[35.421s] DEBUG:colcon.colcon_core.event_handler.log_command:Invoking command in '/home/ziad/ziad_ws/ROS2/work_space/build/ros2_control_turtel_bot': CMAKE_PREFIX_PATH=${CMAKE_PREFIX_PATH}:/home/ziad/ziad_ws/ROS2/turtlebot3_ws/install/turtlebot3_teleop:/home/ziad/ziad_ws/ROS2/turtlebot3_ws/install/turtlebot3_example:/opt/ros/jazzy DEBUGINFOD_URLS=https://debuginfod.ubuntu.com /usr/bin/cmake --build /home/ziad/ziad_ws/ROS2/work_space/build/ros2_control_turtel_bot -- -j4 -l4
[35.567s] DEBUG:colcon.colcon_core.event_handler.log_command:Invoked command in '/home/ziad/ziad_ws/ROS2/work_space/build/ros2_control_turtel_bot' returned '0': CMAKE_PREFIX_PATH=${CMAKE_PREFIX_PATH}:/home/ziad/ziad_ws/ROS2/turtlebot3_ws/install/turtlebot3_teleop:/home/ziad/ziad_ws/ROS2/turtlebot3_ws/install/turtlebot3_example:/opt/ros/jazzy DEBUGINFOD_URLS=https://debuginfod.ubuntu.com /usr/bin/cmake --build /home/ziad/ziad_ws/ROS2/work_space/build/ros2_control_turtel_bot -- -j4 -l4
[35.570s] DEBUG:colcon.colcon_core.event_handler.log_command:Invoking command in '/home/ziad/ziad_ws/ROS2/work_space/build/ros2_control_turtel_bot': CMAKE_PREFIX_PATH=${CMAKE_PREFIX_PATH}:/home/ziad/ziad_ws/ROS2/turtlebot3_ws/install/turtlebot3_teleop:/home/ziad/ziad_ws/ROS2/turtlebot3_ws/install/turtlebot3_example:/opt/ros/jazzy DEBUGINFOD_URLS=https://debuginfod.ubuntu.com /usr/bin/cmake --install /home/ziad/ziad_ws/ROS2/work_space/build/ros2_control_turtel_bot
[35.609s] Level 1:colcon.colcon_core.environment:create_environment_scripts_only(ros2_control_turtel_bot)
[35.609s] DEBUG:colcon.colcon_core.event_handler.log_command:Invoked command in '/home/ziad/ziad_ws/ROS2/work_space/build/ros2_control_turtel_bot' returned '0': CMAKE_PREFIX_PATH=${CMAKE_PREFIX_PATH}:/home/ziad/ziad_ws/ROS2/turtlebot3_ws/install/turtlebot3_teleop:/home/ziad/ziad_ws/ROS2/turtlebot3_ws/install/turtlebot3_example:/opt/ros/jazzy DEBUGINFOD_URLS=https://debuginfod.ubuntu.com /usr/bin/cmake --install /home/ziad/ziad_ws/ROS2/work_space/build/ros2_control_turtel_bot
[35.609s] Level 1:colcon.colcon_core.environment:checking '/home/ziad/ziad_ws/ROS2/work_space/install/ros2_control_turtel_bot' for CMake module files
[35.610s] Level 1:colcon.colcon_core.environment:checking '/home/ziad/ziad_ws/ROS2/work_space/install/ros2_control_turtel_bot' for CMake config files
[35.611s] Level 1:colcon.colcon_core.shell:create_environment_hook('ros2_control_turtel_bot', 'cmake_prefix_path')
[35.619s] INFO:colcon.colcon_core.shell:Creating environment hook '/home/ziad/ziad_ws/ROS2/work_space/install/ros2_control_turtel_bot/share/ros2_control_turtel_bot/hook/cmake_prefix_path.ps1'
[35.622s] INFO:colcon.colcon_core.shell:Creating environment descriptor '/home/ziad/ziad_ws/ROS2/work_space/install/ros2_control_turtel_bot/share/ros2_control_turtel_bot/hook/cmake_prefix_path.dsv'
[35.623s] INFO:colcon.colcon_core.shell:Creating environment hook '/home/ziad/ziad_ws/ROS2/work_space/install/ros2_control_turtel_bot/share/ros2_control_turtel_bot/hook/cmake_prefix_path.sh'
[35.626s] Level 1:colcon.colcon_core.environment:checking '/home/ziad/ziad_ws/ROS2/work_space/install/ros2_control_turtel_bot/bin'
[35.627s] Level 1:colcon.colcon_core.environment:checking '/home/ziad/ziad_ws/ROS2/work_space/install/ros2_control_turtel_bot/lib/pkgconfig/ros2_control_turtel_bot.pc'
[35.628s] Level 1:colcon.colcon_core.environment:checking '/home/ziad/ziad_ws/ROS2/work_space/install/ros2_control_turtel_bot/lib/python3.12/site-packages'
[35.628s] Level 1:colcon.colcon_core.environment:checking '/home/ziad/ziad_ws/ROS2/work_space/install/ros2_control_turtel_bot/bin'
[35.630s] INFO:colcon.colcon_core.shell:Creating package script '/home/ziad/ziad_ws/ROS2/work_space/install/ros2_control_turtel_bot/share/ros2_control_turtel_bot/package.ps1'
[35.632s] INFO:colcon.colcon_core.shell:Creating package descriptor '/home/ziad/ziad_ws/ROS2/work_space/install/ros2_control_turtel_bot/share/ros2_control_turtel_bot/package.dsv'
[35.634s] INFO:colcon.colcon_core.shell:Creating package script '/home/ziad/ziad_ws/ROS2/work_space/install/ros2_control_turtel_bot/share/ros2_control_turtel_bot/package.sh'
[35.636s] INFO:colcon.colcon_core.shell:Creating package script '/home/ziad/ziad_ws/ROS2/work_space/install/ros2_control_turtel_bot/share/ros2_control_turtel_bot/package.bash'
[35.637s] INFO:colcon.colcon_core.shell:Creating package script '/home/ziad/ziad_ws/ROS2/work_space/install/ros2_control_turtel_bot/share/ros2_control_turtel_bot/package.zsh'
[35.638s] Level 1:colcon.colcon_core.environment:create_file_with_runtime_dependencies(/home/ziad/ziad_ws/ROS2/work_space/install/ros2_control_turtel_bot/share/colcon-core/packages/ros2_control_turtel_bot)
[35.640s] Level 1:colcon.colcon_core.environment:create_environment_scripts_only(ros2_control_turtel_bot)
[35.640s] Level 1:colcon.colcon_core.environment:checking '/home/ziad/ziad_ws/ROS2/work_space/install/ros2_control_turtel_bot' for CMake module files
[35.642s] Level 1:colcon.colcon_core.environment:checking '/home/ziad/ziad_ws/ROS2/work_space/install/ros2_control_turtel_bot' for CMake config files
[35.642s] Level 1:colcon.colcon_core.shell:create_environment_hook('ros2_control_turtel_bot', 'cmake_prefix_path')
[35.642s] INFO:colcon.colcon_core.shell:Creating environment hook '/home/ziad/ziad_ws/ROS2/work_space/install/ros2_control_turtel_bot/share/ros2_control_turtel_bot/hook/cmake_prefix_path.ps1'
[35.643s] INFO:colcon.colcon_core.shell:Creating environment descriptor '/home/ziad/ziad_ws/ROS2/work_space/install/ros2_control_turtel_bot/share/ros2_control_turtel_bot/hook/cmake_prefix_path.dsv'
[35.650s] INFO:colcon.colcon_core.shell:Creating environment hook '/home/ziad/ziad_ws/ROS2/work_space/install/ros2_control_turtel_bot/share/ros2_control_turtel_bot/hook/cmake_prefix_path.sh'
[35.654s] Level 1:colcon.colcon_core.environment:checking '/home/ziad/ziad_ws/ROS2/work_space/install/ros2_control_turtel_bot/bin'
[35.655s] Level 1:colcon.colcon_core.environment:checking '/home/ziad/ziad_ws/ROS2/work_space/install/ros2_control_turtel_bot/lib/pkgconfig/ros2_control_turtel_bot.pc'
[35.656s] Level 1:colcon.colcon_core.environment:checking '/home/ziad/ziad_ws/ROS2/work_space/install/ros2_control_turtel_bot/lib/python3.12/site-packages'
[35.657s] Level 1:colcon.colcon_core.environment:checking '/home/ziad/ziad_ws/ROS2/work_space/install/ros2_control_turtel_bot/bin'
[35.657s] INFO:colcon.colcon_core.shell:Creating package script '/home/ziad/ziad_ws/ROS2/work_space/install/ros2_control_turtel_bot/share/ros2_control_turtel_bot/package.ps1'
[35.660s] INFO:colcon.colcon_core.shell:Creating package descriptor '/home/ziad/ziad_ws/ROS2/work_space/install/ros2_control_turtel_bot/share/ros2_control_turtel_bot/package.dsv'
[35.661s] INFO:colcon.colcon_core.shell:Creating package script '/home/ziad/ziad_ws/ROS2/work_space/install/ros2_control_turtel_bot/share/ros2_control_turtel_bot/package.sh'
[35.662s] INFO:colcon.colcon_core.shell:Creating package script '/home/ziad/ziad_ws/ROS2/work_space/install/ros2_control_turtel_bot/share/ros2_control_turtel_bot/package.bash'
[35.665s] INFO:colcon.colcon_core.shell:Creating package script '/home/ziad/ziad_ws/ROS2/work_space/install/ros2_control_turtel_bot/share/ros2_control_turtel_bot/package.zsh'
[35.666s] Level 1:colcon.colcon_core.environment:create_file_with_runtime_dependencies(/home/ziad/ziad_ws/ROS2/work_space/install/ros2_control_turtel_bot/share/colcon-core/packages/ros2_control_turtel_bot)
[35.667s] DEBUG:colcon.colcon_parallel_executor.executor.parallel:closing loop
[35.668s] DEBUG:colcon.colcon_parallel_executor.executor.parallel:loop closed
[35.668s] DEBUG:colcon.colcon_parallel_executor.executor.parallel:run_until_complete finished with '0'
[35.669s] DEBUG:colcon.colcon_core.event_reactor:joining thread
[35.724s] INFO:colcon.colcon_core.plugin_system:Skipping extension 'colcon_notification.desktop_notification.terminal_notifier': Not used on non-Darwin systems
[35.724s] INFO:colcon.colcon_core.plugin_system:Skipping extension 'colcon_notification.desktop_notification.win32': Not used on non-Windows systems
[35.724s] INFO:colcon.colcon_notification.desktop_notification:Sending desktop notification using 'notify2'
[35.852s] DEBUG:colcon.colcon_core.event_reactor:joined thread
[35.852s] INFO:colcon.colcon_core.shell:Creating prefix script '/home/ziad/ziad_ws/ROS2/work_space/install/local_setup.ps1'
[35.854s] INFO:colcon.colcon_core.shell:Creating prefix util module '/home/ziad/ziad_ws/ROS2/work_space/install/_local_setup_util_ps1.py'
[35.856s] INFO:colcon.colcon_core.shell:Creating prefix chain script '/home/ziad/ziad_ws/ROS2/work_space/install/setup.ps1'
[35.858s] INFO:colcon.colcon_core.shell:Creating prefix script '/home/ziad/ziad_ws/ROS2/work_space/install/local_setup.sh'
[35.863s] INFO:colcon.colcon_core.shell:Creating prefix util module '/home/ziad/ziad_ws/ROS2/work_space/install/_local_setup_util_sh.py'
[35.867s] INFO:colcon.colcon_core.shell:Creating prefix chain script '/home/ziad/ziad_ws/ROS2/work_space/install/setup.sh'
[35.871s] INFO:colcon.colcon_core.shell:Creating prefix script '/home/ziad/ziad_ws/ROS2/work_space/install/local_setup.bash'
[35.872s] INFO:colcon.colcon_core.shell:Creating prefix chain script '/home/ziad/ziad_ws/ROS2/work_space/install/setup.bash'
[35.875s] INFO:colcon.colcon_core.shell:Creating prefix script '/home/ziad/ziad_ws/ROS2/work_space/install/local_setup.zsh'
[35.875s] INFO:colcon.colcon_core.shell:Creating prefix chain script '/home/ziad/ziad_ws/ROS2/work_space/install/setup.zsh'
