[0.269s] [34mcolcon[0m [1;30mDEBUG[0m [32mCommand line arguments: ['/usr/bin/colcon', 'build'][0m
[0.269s] [34mcolcon[0m [1;30mDEBUG[0m [32mParsed command line arguments: Namespace(log_base=None, log_level=None, verb_name='build', build_base='build', install_base='install', merge_install=False, symlink_install=False, test_result_base=None, continue_on_error=False, executor='parallel', parallel_workers=4, event_handlers=None, ignore_user_meta=False, metas=['./colcon.meta'], base_paths=['.'], packages_ignore=None, packages_ignore_regex=None, paths=None, packages_up_to=None, packages_up_to_regex=None, packages_above=None, packages_above_and_dependencies=None, packages_above_depth=None, packages_select_by_dep=None, packages_skip_by_dep=None, packages_skip_up_to=None, packages_select_build_failed=False, packages_skip_build_finished=False, packages_select_test_failures=False, packages_skip_test_passed=False, packages_select=None, packages_skip=None, packages_select_regex=None, packages_skip_regex=None, packages_start=None, packages_end=None, allow_overriding=[], cmake_args=None, cmake_target=None, cmake_target_skip_unavailable=False, cmake_clean_cache=False, cmake_clean_first=False, cmake_force_configure=False, ament_cmake_args=None, catkin_cmake_args=None, catkin_skip_building_tests=False, mixin_files=None, mixin=None, verb_parser=<colcon_mixin.mixin.mixin_argument.MixinArgumentDecorator object at 0x7833aa2a8b80>, verb_extension=<colcon_core.verb.build.BuildVerb object at 0x7833aa21d810>, main=<bound method BuildVerb.main of <colcon_core.verb.build.BuildVerb object at 0x7833aa21d810>>, mixin_verb=('build',))[0m
[0.783s] [34mcolcon.colcon_core.package_discovery[0m [1;30mLevel 1[0m discover_packages(colcon_meta) check parameters
[0.783s] [34mcolcon.colcon_core.package_discovery[0m [1;30mLevel 1[0m discover_packages(recursive) check parameters
[0.783s] [34mcolcon.colcon_core.package_discovery[0m [1;30mLevel 1[0m discover_packages(ignore) check parameters
[0.783s] [34mcolcon.colcon_core.package_discovery[0m [1;30mLevel 1[0m discover_packages(path) check parameters
[0.783s] [34mcolcon.colcon_core.package_discovery[0m [1;30mLevel 1[0m discover_packages(colcon_meta) discover
[0.783s] [34mcolcon.colcon_core.package_discovery[0m [1;30mLevel 1[0m discover_packages(recursive) discover
[0.783s] [34mcolcon.colcon_core.package_discovery[0m [1;30mINFO[0m Crawling recursively for packages in '/home/ziad/Ziad_WS/ROS2/work_space'
[0.783s] [34mcolcon.colcon_core.package_identification[0m [1;30mLevel 1[0m _identify(.) by extensions ['ignore', 'ignore_ament_install']
[0.783s] [34mcolcon.colcon_core.package_identification[0m [1;30mLevel 1[0m _identify(.) by extension 'ignore'
[0.783s] [34mcolcon.colcon_core.package_identification[0m [1;30mLevel 1[0m _identify(.) by extension 'ignore_ament_install'
[0.783s] [34mcolcon.colcon_core.package_identification[0m [1;30mLevel 1[0m _identify(.) by extensions ['colcon_pkg']
[0.784s] [34mcolcon.colcon_core.package_identification[0m [1;30mLevel 1[0m _identify(.) by extension 'colcon_pkg'
[0.784s] [34mcolcon.colcon_core.package_identification[0m [1;30mLevel 1[0m _identify(.) by extensions ['colcon_meta']
[0.784s] [34mcolcon.colcon_core.package_identification[0m [1;30mLevel 1[0m _identify(.) by extension 'colcon_meta'
[0.784s] [34mcolcon.colcon_core.package_identification[0m [1;30mLevel 1[0m _identify(.) by extensions ['ros']
[0.784s] [34mcolcon.colcon_core.package_identification[0m [1;30mLevel 1[0m _identify(.) by extension 'ros'
[0.813s] [34mcolcon.colcon_core.package_identification[0m [1;30mLevel 1[0m _identify(.) by extensions ['cmake', 'python']
[0.813s] [34mcolcon.colcon_core.package_identification[0m [1;30mLevel 1[0m _identify(.) by extension 'cmake'
[0.814s] [34mcolcon.colcon_core.package_identification[0m [1;30mLevel 1[0m _identify(.) by extension 'python'
[0.814s] [34mcolcon.colcon_core.package_identification[0m [1;30mLevel 1[0m _identify(.) by extensions ['python_setup_py']
[0.814s] [34mcolcon.colcon_core.package_identification[0m [1;30mLevel 1[0m _identify(.) by extension 'python_setup_py'
[0.814s] [34mcolcon.colcon_core.package_identification[0m [1;30mLevel 1[0m _identify(build) by extensions ['ignore', 'ignore_ament_install']
[0.814s] [34mcolcon.colcon_core.package_identification[0m [1;30mLevel 1[0m _identify(build) by extension 'ignore'
[0.814s] [34mcolcon.colcon_core.package_identification[0m [1;30mLevel 1[0m _identify(build) ignored
[0.814s] [34mcolcon.colcon_core.package_identification[0m [1;30mLevel 1[0m _identify(custom_robot) by extensions ['ignore', 'ignore_ament_install']
[0.814s] [34mcolcon.colcon_core.package_identification[0m [1;30mLevel 1[0m _identify(custom_robot) by extension 'ignore'
[0.814s] [34mcolcon.colcon_core.package_identification[0m [1;30mLevel 1[0m _identify(custom_robot) by extension 'ignore_ament_install'
[0.815s] [34mcolcon.colcon_core.package_identification[0m [1;30mLevel 1[0m _identify(custom_robot) by extensions ['colcon_pkg']
[0.815s] [34mcolcon.colcon_core.package_identification[0m [1;30mLevel 1[0m _identify(custom_robot) by extension 'colcon_pkg'
[0.815s] [34mcolcon.colcon_core.package_identification[0m [1;30mLevel 1[0m _identify(custom_robot) by extensions ['colcon_meta']
[0.815s] [34mcolcon.colcon_core.package_identification[0m [1;30mLevel 1[0m _identify(custom_robot) by extension 'colcon_meta'
[0.815s] [34mcolcon.colcon_core.package_identification[0m [1;30mLevel 1[0m _identify(custom_robot) by extensions ['ros']
[0.815s] [34mcolcon.colcon_core.package_identification[0m [1;30mLevel 1[0m _identify(custom_robot) by extension 'ros'
[0.821s] [34mcolcon.colcon_core.package_identification[0m [1;30mDEBUG[0m [32mPackage 'custom_robot' with type 'ros.ament_cmake' and name 'custom_robot'[0m
[0.821s] [34mcolcon.colcon_core.package_identification[0m [1;30mLevel 1[0m _identify(install) by extensions ['ignore', 'ignore_ament_install']
[0.821s] [34mcolcon.colcon_core.package_identification[0m [1;30mLevel 1[0m _identify(install) by extension 'ignore'
[0.822s] [34mcolcon.colcon_core.package_identification[0m [1;30mLevel 1[0m _identify(install) ignored
[0.822s] [34mcolcon.colcon_core.package_identification[0m [1;30mLevel 1[0m _identify(log) by extensions ['ignore', 'ignore_ament_install']
[0.822s] [34mcolcon.colcon_core.package_identification[0m [1;30mLevel 1[0m _identify(log) by extension 'ignore'
[0.822s] [34mcolcon.colcon_core.package_identification[0m [1;30mLevel 1[0m _identify(log) ignored
[0.822s] [34mcolcon.colcon_core.package_identification[0m [1;30mLevel 1[0m _identify(src) by extensions ['ignore', 'ignore_ament_install']
[0.822s] [34mcolcon.colcon_core.package_identification[0m [1;30mLevel 1[0m _identify(src) by extension 'ignore'
[0.822s] [34mcolcon.colcon_core.package_identification[0m [1;30mLevel 1[0m _identify(src) by extension 'ignore_ament_install'
[0.822s] [34mcolcon.colcon_core.package_identification[0m [1;30mLevel 1[0m _identify(src) by extensions ['colcon_pkg']
[0.822s] [34mcolcon.colcon_core.package_identification[0m [1;30mLevel 1[0m _identify(src) by extension 'colcon_pkg'
[0.822s] [34mcolcon.colcon_core.package_identification[0m [1;30mLevel 1[0m _identify(src) by extensions ['colcon_meta']
[0.823s] [34mcolcon.colcon_core.package_identification[0m [1;30mLevel 1[0m _identify(src) by extension 'colcon_meta'
[0.823s] [34mcolcon.colcon_core.package_identification[0m [1;30mLevel 1[0m _identify(src) by extensions ['ros']
[0.823s] [34mcolcon.colcon_core.package_identification[0m [1;30mLevel 1[0m _identify(src) by extension 'ros'
[0.823s] [34mcolcon.colcon_core.package_identification[0m [1;30mLevel 1[0m _identify(src) by extensions ['cmake', 'python']
[0.823s] [34mcolcon.colcon_core.package_identification[0m [1;30mLevel 1[0m _identify(src) by extension 'cmake'
[0.823s] [34mcolcon.colcon_core.package_identification[0m [1;30mLevel 1[0m _identify(src) by extension 'python'
[0.823s] [34mcolcon.colcon_core.package_identification[0m [1;30mLevel 1[0m _identify(src) by extensions ['python_setup_py']
[0.823s] [34mcolcon.colcon_core.package_identification[0m [1;30mLevel 1[0m _identify(src) by extension 'python_setup_py'
[0.824s] [34mcolcon.colcon_core.package_identification[0m [1;30mLevel 1[0m _identify(src/Universal_Robots_ROS2_Gazebo_Simulation) by extensions ['ignore', 'ignore_ament_install']
[0.824s] [34mcolcon.colcon_core.package_identification[0m [1;30mLevel 1[0m _identify(src/Universal_Robots_ROS2_Gazebo_Simulation) by extension 'ignore'
[0.824s] [34mcolcon.colcon_core.package_identification[0m [1;30mLevel 1[0m _identify(src/Universal_Robots_ROS2_Gazebo_Simulation) by extension 'ignore_ament_install'
[0.824s] [34mcolcon.colcon_core.package_identification[0m [1;30mLevel 1[0m _identify(src/Universal_Robots_ROS2_Gazebo_Simulation) by extensions ['colcon_pkg']
[0.824s] [34mcolcon.colcon_core.package_identification[0m [1;30mLevel 1[0m _identify(src/Universal_Robots_ROS2_Gazebo_Simulation) by extension 'colcon_pkg'
[0.824s] [34mcolcon.colcon_core.package_identification[0m [1;30mLevel 1[0m _identify(src/Universal_Robots_ROS2_Gazebo_Simulation) by extensions ['colcon_meta']
[0.824s] [34mcolcon.colcon_core.package_identification[0m [1;30mLevel 1[0m _identify(src/Universal_Robots_ROS2_Gazebo_Simulation) by extension 'colcon_meta'
[0.824s] [34mcolcon.colcon_core.package_identification[0m [1;30mLevel 1[0m _identify(src/Universal_Robots_ROS2_Gazebo_Simulation) by extensions ['ros']
[0.824s] [34mcolcon.colcon_core.package_identification[0m [1;30mLevel 1[0m _identify(src/Universal_Robots_ROS2_Gazebo_Simulation) by extension 'ros'
[0.824s] [34mcolcon.colcon_core.package_identification[0m [1;30mLevel 1[0m _identify(src/Universal_Robots_ROS2_Gazebo_Simulation) by extensions ['cmake', 'python']
[0.824s] [34mcolcon.colcon_core.package_identification[0m [1;30mLevel 1[0m _identify(src/Universal_Robots_ROS2_Gazebo_Simulation) by extension 'cmake'
[0.825s] [34mcolcon.colcon_core.package_identification[0m [1;30mLevel 1[0m _identify(src/Universal_Robots_ROS2_Gazebo_Simulation) by extension 'python'
[0.825s] [34mcolcon.colcon_core.package_identification[0m [1;30mLevel 1[0m _identify(src/Universal_Robots_ROS2_Gazebo_Simulation) by extensions ['python_setup_py']
[0.825s] [34mcolcon.colcon_core.package_identification[0m [1;30mLevel 1[0m _identify(src/Universal_Robots_ROS2_Gazebo_Simulation) by extension 'python_setup_py'
[0.825s] [34mcolcon.colcon_core.package_identification[0m [1;30mLevel 1[0m _identify(src/Universal_Robots_ROS2_Gazebo_Simulation/ur_simulation_gazebo) by extensions ['ignore', 'ignore_ament_install']
[0.825s] [34mcolcon.colcon_core.package_identification[0m [1;30mLevel 1[0m _identify(src/Universal_Robots_ROS2_Gazebo_Simulation/ur_simulation_gazebo) by extension 'ignore'
[0.825s] [34mcolcon.colcon_core.package_identification[0m [1;30mLevel 1[0m _identify(src/Universal_Robots_ROS2_Gazebo_Simulation/ur_simulation_gazebo) by extension 'ignore_ament_install'
[0.825s] [34mcolcon.colcon_core.package_identification[0m [1;30mLevel 1[0m _identify(src/Universal_Robots_ROS2_Gazebo_Simulation/ur_simulation_gazebo) by extensions ['colcon_pkg']
[0.825s] [34mcolcon.colcon_core.package_identification[0m [1;30mLevel 1[0m _identify(src/Universal_Robots_ROS2_Gazebo_Simulation/ur_simulation_gazebo) by extension 'colcon_pkg'
[0.825s] [34mcolcon.colcon_core.package_identification[0m [1;30mLevel 1[0m _identify(src/Universal_Robots_ROS2_Gazebo_Simulation/ur_simulation_gazebo) by extensions ['colcon_meta']
[0.825s] [34mcolcon.colcon_core.package_identification[0m [1;30mLevel 1[0m _identify(src/Universal_Robots_ROS2_Gazebo_Simulation/ur_simulation_gazebo) by extension 'colcon_meta'
[0.825s] [34mcolcon.colcon_core.package_identification[0m [1;30mLevel 1[0m _identify(src/Universal_Robots_ROS2_Gazebo_Simulation/ur_simulation_gazebo) by extensions ['ros']
[0.825s] [34mcolcon.colcon_core.package_identification[0m [1;30mLevel 1[0m _identify(src/Universal_Robots_ROS2_Gazebo_Simulation/ur_simulation_gazebo) by extension 'ros'
[0.827s] [34mcolcon.colcon_core.package_identification[0m [1;30mDEBUG[0m [32mPackage 'src/Universal_Robots_ROS2_Gazebo_Simulation/ur_simulation_gazebo' with type 'ros.ament_cmake' and name 'ur_simulation_gazebo'[0m
[0.827s] [34mcolcon.colcon_core.package_identification[0m [1;30mLevel 1[0m _identify(src/cyber_robt) by extensions ['ignore', 'ignore_ament_install']
[0.827s] [34mcolcon.colcon_core.package_identification[0m [1;30mLevel 1[0m _identify(src/cyber_robt) by extension 'ignore'
[0.827s] [34mcolcon.colcon_core.package_identification[0m [1;30mLevel 1[0m _identify(src/cyber_robt) by extension 'ignore_ament_install'
[0.827s] [34mcolcon.colcon_core.package_identification[0m [1;30mLevel 1[0m _identify(src/cyber_robt) by extensions ['colcon_pkg']
[0.827s] [34mcolcon.colcon_core.package_identification[0m [1;30mLevel 1[0m _identify(src/cyber_robt) by extension 'colcon_pkg'
[0.827s] [34mcolcon.colcon_core.package_identification[0m [1;30mLevel 1[0m _identify(src/cyber_robt) by extensions ['colcon_meta']
[0.827s] [34mcolcon.colcon_core.package_identification[0m [1;30mLevel 1[0m _identify(src/cyber_robt) by extension 'colcon_meta'
[0.827s] [34mcolcon.colcon_core.package_identification[0m [1;30mLevel 1[0m _identify(src/cyber_robt) by extensions ['ros']
[0.827s] [34mcolcon.colcon_core.package_identification[0m [1;30mLevel 1[0m _identify(src/cyber_robt) by extension 'ros'
[0.829s] [34mcolcon.colcon_core.package_identification[0m [1;30mDEBUG[0m [32mPackage 'src/cyber_robt' with type 'ros.ament_cmake' and name 'cyber_robt'[0m
[0.829s] [34mcolcon.colcon_core.package_identification[0m [1;30mLevel 1[0m _identify(src/publisher_subscriber) by extensions ['ignore', 'ignore_ament_install']
[0.830s] [34mcolcon.colcon_core.package_identification[0m [1;30mLevel 1[0m _identify(src/publisher_subscriber) by extension 'ignore'
[0.830s] [34mcolcon.colcon_core.package_identification[0m [1;30mLevel 1[0m _identify(src/publisher_subscriber) by extension 'ignore_ament_install'
[0.830s] [34mcolcon.colcon_core.package_identification[0m [1;30mLevel 1[0m _identify(src/publisher_subscriber) by extensions ['colcon_pkg']
[0.830s] [34mcolcon.colcon_core.package_identification[0m [1;30mLevel 1[0m _identify(src/publisher_subscriber) by extension 'colcon_pkg'
[0.830s] [34mcolcon.colcon_core.package_identification[0m [1;30mLevel 1[0m _identify(src/publisher_subscriber) by extensions ['colcon_meta']
[0.830s] [34mcolcon.colcon_core.package_identification[0m [1;30mLevel 1[0m _identify(src/publisher_subscriber) by extension 'colcon_meta'
[0.830s] [34mcolcon.colcon_core.package_identification[0m [1;30mLevel 1[0m _identify(src/publisher_subscriber) by extensions ['ros']
[0.830s] [34mcolcon.colcon_core.package_identification[0m [1;30mLevel 1[0m _identify(src/publisher_subscriber) by extension 'ros'
[0.831s] [34mcolcon.colcon_core.package_identification[0m [1;30mDEBUG[0m [32mPackage 'src/publisher_subscriber' with type 'ros.ament_cmake' and name 'publisher_subscriber'[0m
[0.831s] [34mcolcon.colcon_core.package_identification[0m [1;30mLevel 1[0m _identify(src/robot_model_gazebo) by extensions ['ignore', 'ignore_ament_install']
[0.831s] [34mcolcon.colcon_core.package_identification[0m [1;30mLevel 1[0m _identify(src/robot_model_gazebo) by extension 'ignore'
[0.832s] [34mcolcon.colcon_core.package_identification[0m [1;30mLevel 1[0m _identify(src/robot_model_gazebo) by extension 'ignore_ament_install'
[0.832s] [34mcolcon.colcon_core.package_identification[0m [1;30mLevel 1[0m _identify(src/robot_model_gazebo) by extensions ['colcon_pkg']
[0.832s] [34mcolcon.colcon_core.package_identification[0m [1;30mLevel 1[0m _identify(src/robot_model_gazebo) by extension 'colcon_pkg'
[0.832s] [34mcolcon.colcon_core.package_identification[0m [1;30mLevel 1[0m _identify(src/robot_model_gazebo) by extensions ['colcon_meta']
[0.832s] [34mcolcon.colcon_core.package_identification[0m [1;30mLevel 1[0m _identify(src/robot_model_gazebo) by extension 'colcon_meta'
[0.832s] [34mcolcon.colcon_core.package_identification[0m [1;30mLevel 1[0m _identify(src/robot_model_gazebo) by extensions ['ros']
[0.832s] [34mcolcon.colcon_core.package_identification[0m [1;30mLevel 1[0m _identify(src/robot_model_gazebo) by extension 'ros'
[0.833s] [34mcolcon.colcon_core.package_identification[0m [1;30mDEBUG[0m [32mPackage 'src/robot_model_gazebo' with type 'ros.ament_cmake' and name 'robot_model_gazebo'[0m
[0.834s] [34mcolcon.colcon_core.package_identification[0m [1;30mLevel 1[0m _identify(src/ros2_urdf) by extensions ['ignore', 'ignore_ament_install']
[0.834s] [34mcolcon.colcon_core.package_identification[0m [1;30mLevel 1[0m _identify(src/ros2_urdf) by extension 'ignore'
[0.834s] [34mcolcon.colcon_core.package_identification[0m [1;30mLevel 1[0m _identify(src/ros2_urdf) by extension 'ignore_ament_install'
[0.834s] [34mcolcon.colcon_core.package_identification[0m [1;30mLevel 1[0m _identify(src/ros2_urdf) by extensions ['colcon_pkg']
[0.834s] [34mcolcon.colcon_core.package_identification[0m [1;30mLevel 1[0m _identify(src/ros2_urdf) by extension 'colcon_pkg'
[0.834s] [34mcolcon.colcon_core.package_identification[0m [1;30mLevel 1[0m _identify(src/ros2_urdf) by extensions ['colcon_meta']
[0.834s] [34mcolcon.colcon_core.package_identification[0m [1;30mLevel 1[0m _identify(src/ros2_urdf) by extension 'colcon_meta'
[0.835s] [34mcolcon.colcon_core.package_identification[0m [1;30mLevel 1[0m _identify(src/ros2_urdf) by extensions ['ros']
[0.835s] [34mcolcon.colcon_core.package_identification[0m [1;30mLevel 1[0m _identify(src/ros2_urdf) by extension 'ros'
[0.836s] [34mcolcon.colcon_core.package_identification[0m [1;30mDEBUG[0m [32mPackage 'src/ros2_urdf' with type 'ros.ament_cmake' and name 'ros2_urdf'[0m
[0.836s] [34mcolcon.colcon_core.package_identification[0m [1;30mLevel 1[0m _identify(src/services_actions) by extensions ['ignore', 'ignore_ament_install']
[0.836s] [34mcolcon.colcon_core.package_identification[0m [1;30mLevel 1[0m _identify(src/services_actions) by extension 'ignore'
[0.836s] [34mcolcon.colcon_core.package_identification[0m [1;30mLevel 1[0m _identify(src/services_actions) by extension 'ignore_ament_install'
[0.836s] [34mcolcon.colcon_core.package_identification[0m [1;30mLevel 1[0m _identify(src/services_actions) by extensions ['colcon_pkg']
[0.836s] [34mcolcon.colcon_core.package_identification[0m [1;30mLevel 1[0m _identify(src/services_actions) by extension 'colcon_pkg'
[0.836s] [34mcolcon.colcon_core.package_identification[0m [1;30mLevel 1[0m _identify(src/services_actions) by extensions ['colcon_meta']
[0.836s] [34mcolcon.colcon_core.package_identification[0m [1;30mLevel 1[0m _identify(src/services_actions) by extension 'colcon_meta'
[0.836s] [34mcolcon.colcon_core.package_identification[0m [1;30mLevel 1[0m _identify(src/services_actions) by extensions ['ros']
[0.836s] [34mcolcon.colcon_core.package_identification[0m [1;30mLevel 1[0m _identify(src/services_actions) by extension 'ros'
[0.837s] [34mcolcon.colcon_core.package_identification[0m [1;30mDEBUG[0m [32mPackage 'src/services_actions' with type 'ros.ament_cmake' and name 'services_actions'[0m
[0.838s] [34mcolcon.colcon_core.package_identification[0m [1;30mLevel 1[0m _identify(src/turtlebot3_custom) by extensions ['ignore', 'ignore_ament_install']
[0.838s] [34mcolcon.colcon_core.package_identification[0m [1;30mLevel 1[0m _identify(src/turtlebot3_custom) by extension 'ignore'
[0.839s] [34mcolcon.colcon_core.package_identification[0m [1;30mLevel 1[0m _identify(src/turtlebot3_custom) by extension 'ignore_ament_install'
[0.839s] [34mcolcon.colcon_core.package_identification[0m [1;30mLevel 1[0m _identify(src/turtlebot3_custom) by extensions ['colcon_pkg']
[0.839s] [34mcolcon.colcon_core.package_identification[0m [1;30mLevel 1[0m _identify(src/turtlebot3_custom) by extension 'colcon_pkg'
[0.839s] [34mcolcon.colcon_core.package_identification[0m [1;30mLevel 1[0m _identify(src/turtlebot3_custom) by extensions ['colcon_meta']
[0.839s] [34mcolcon.colcon_core.package_identification[0m [1;30mLevel 1[0m _identify(src/turtlebot3_custom) by extension 'colcon_meta'
[0.839s] [34mcolcon.colcon_core.package_identification[0m [1;30mLevel 1[0m _identify(src/turtlebot3_custom) by extensions ['ros']
[0.839s] [34mcolcon.colcon_core.package_identification[0m [1;30mLevel 1[0m _identify(src/turtlebot3_custom) by extension 'ros'
[0.841s] [34mcolcon.colcon_core.package_identification[0m [1;30mDEBUG[0m [32mPackage 'src/turtlebot3_custom' with type 'ros.ament_cmake' and name 'turtlebot3_custom'[0m
[0.841s] [34mcolcon.colcon_core.package_discovery[0m [1;30mLevel 1[0m discover_packages(recursive) using defaults
[0.841s] [34mcolcon.colcon_core.package_discovery[0m [1;30mLevel 1[0m discover_packages(ignore) discover
[0.841s] [34mcolcon.colcon_core.package_discovery[0m [1;30mLevel 1[0m discover_packages(ignore) using defaults
[0.841s] [34mcolcon.colcon_core.package_discovery[0m [1;30mLevel 1[0m discover_packages(path) discover
[0.841s] [34mcolcon.colcon_core.package_discovery[0m [1;30mLevel 1[0m discover_packages(path) using defaults
[0.865s] [34mcolcon.colcon_core.package_discovery[0m [1;30mLevel 1[0m discover_packages(prefix_path) check parameters
[0.865s] [34mcolcon.colcon_core.package_discovery[0m [1;30mLevel 1[0m discover_packages(prefix_path) discover
[0.878s] [34mcolcon.colcon_installed_package_information.package_discovery[0m [1;30mDEBUG[0m [32mFound 8 installed packages in /home/ziad/Ziad_WS/ROS2/work_space/install[0m
[0.882s] [34mcolcon.colcon_installed_package_information.package_discovery[0m [1;30mDEBUG[0m [32mFound 409 installed packages in /opt/ros/humble[0m
[0.885s] [34mcolcon.colcon_core.package_discovery[0m [1;30mLevel 1[0m discover_packages(prefix_path) using defaults
[1.005s] [34mcolcon.colcon_core.verb[0m [1;30mLevel 5[0m set package 'custom_robot' build argument 'cmake_args' from command line to 'None'
[1.005s] [34mcolcon.colcon_core.verb[0m [1;30mLevel 5[0m set package 'custom_robot' build argument 'cmake_target' from command line to 'None'
[1.005s] [34mcolcon.colcon_core.verb[0m [1;30mLevel 5[0m set package 'custom_robot' build argument 'cmake_target_skip_unavailable' from command line to 'False'
[1.006s] [34mcolcon.colcon_core.verb[0m [1;30mLevel 5[0m set package 'custom_robot' build argument 'cmake_clean_cache' from command line to 'False'
[1.006s] [34mcolcon.colcon_core.verb[0m [1;30mLevel 5[0m set package 'custom_robot' build argument 'cmake_clean_first' from command line to 'False'
[1.006s] [34mcolcon.colcon_core.verb[0m [1;30mLevel 5[0m set package 'custom_robot' build argument 'cmake_force_configure' from command line to 'False'
[1.006s] [34mcolcon.colcon_core.verb[0m [1;30mLevel 5[0m set package 'custom_robot' build argument 'ament_cmake_args' from command line to 'None'
[1.006s] [34mcolcon.colcon_core.verb[0m [1;30mLevel 5[0m set package 'custom_robot' build argument 'catkin_cmake_args' from command line to 'None'
[1.006s] [34mcolcon.colcon_core.verb[0m [1;30mLevel 5[0m set package 'custom_robot' build argument 'catkin_skip_building_tests' from command line to 'False'
[1.006s] [34mcolcon.colcon_core.verb[0m [1;30mDEBUG[0m [32mBuilding package 'custom_robot' with the following arguments: {'ament_cmake_args': None, 'build_base': '/home/ziad/Ziad_WS/ROS2/work_space/build/custom_robot', 'catkin_cmake_args': None, 'catkin_skip_building_tests': False, 'cmake_args': None, 'cmake_clean_cache': False, 'cmake_clean_first': False, 'cmake_force_configure': False, 'cmake_target': None, 'cmake_target_skip_unavailable': False, 'install_base': '/home/ziad/Ziad_WS/ROS2/work_space/install/custom_robot', 'merge_install': False, 'path': '/home/ziad/Ziad_WS/ROS2/work_space/custom_robot', 'symlink_install': False, 'test_result_base': None}[0m
[1.006s] [34mcolcon.colcon_core.verb[0m [1;30mLevel 5[0m set package 'cyber_robt' build argument 'cmake_args' from command line to 'None'
[1.006s] [34mcolcon.colcon_core.verb[0m [1;30mLevel 5[0m set package 'cyber_robt' build argument 'cmake_target' from command line to 'None'
[1.006s] [34mcolcon.colcon_core.verb[0m [1;30mLevel 5[0m set package 'cyber_robt' build argument 'cmake_target_skip_unavailable' from command line to 'False'
[1.006s] [34mcolcon.colcon_core.verb[0m [1;30mLevel 5[0m set package 'cyber_robt' build argument 'cmake_clean_cache' from command line to 'False'
[1.006s] [34mcolcon.colcon_core.verb[0m [1;30mLevel 5[0m set package 'cyber_robt' build argument 'cmake_clean_first' from command line to 'False'
[1.006s] [34mcolcon.colcon_core.verb[0m [1;30mLevel 5[0m set package 'cyber_robt' build argument 'cmake_force_configure' from command line to 'False'
[1.006s] [34mcolcon.colcon_core.verb[0m [1;30mLevel 5[0m set package 'cyber_robt' build argument 'ament_cmake_args' from command line to 'None'
[1.006s] [34mcolcon.colcon_core.verb[0m [1;30mLevel 5[0m set package 'cyber_robt' build argument 'catkin_cmake_args' from command line to 'None'
[1.007s] [34mcolcon.colcon_core.verb[0m [1;30mLevel 5[0m set package 'cyber_robt' build argument 'catkin_skip_building_tests' from command line to 'False'
[1.007s] [34mcolcon.colcon_core.verb[0m [1;30mDEBUG[0m [32mBuilding package 'cyber_robt' with the following arguments: {'ament_cmake_args': None, 'build_base': '/home/ziad/Ziad_WS/ROS2/work_space/build/cyber_robt', 'catkin_cmake_args': None, 'catkin_skip_building_tests': False, 'cmake_args': None, 'cmake_clean_cache': False, 'cmake_clean_first': False, 'cmake_force_configure': False, 'cmake_target': None, 'cmake_target_skip_unavailable': False, 'install_base': '/home/ziad/Ziad_WS/ROS2/work_space/install/cyber_robt', 'merge_install': False, 'path': '/home/ziad/Ziad_WS/ROS2/work_space/src/cyber_robt', 'symlink_install': False, 'test_result_base': None}[0m
[1.007s] [34mcolcon.colcon_core.verb[0m [1;30mLevel 5[0m set package 'publisher_subscriber' build argument 'cmake_args' from command line to 'None'
[1.007s] [34mcolcon.colcon_core.verb[0m [1;30mLevel 5[0m set package 'publisher_subscriber' build argument 'cmake_target' from command line to 'None'
[1.007s] [34mcolcon.colcon_core.verb[0m [1;30mLevel 5[0m set package 'publisher_subscriber' build argument 'cmake_target_skip_unavailable' from command line to 'False'
[1.007s] [34mcolcon.colcon_core.verb[0m [1;30mLevel 5[0m set package 'publisher_subscriber' build argument 'cmake_clean_cache' from command line to 'False'
[1.007s] [34mcolcon.colcon_core.verb[0m [1;30mLevel 5[0m set package 'publisher_subscriber' build argument 'cmake_clean_first' from command line to 'False'
[1.007s] [34mcolcon.colcon_core.verb[0m [1;30mLevel 5[0m set package 'publisher_subscriber' build argument 'cmake_force_configure' from command line to 'False'
[1.007s] [34mcolcon.colcon_core.verb[0m [1;30mLevel 5[0m set package 'publisher_subscriber' build argument 'ament_cmake_args' from command line to 'None'
[1.007s] [34mcolcon.colcon_core.verb[0m [1;30mLevel 5[0m set package 'publisher_subscriber' build argument 'catkin_cmake_args' from command line to 'None'
[1.007s] [34mcolcon.colcon_core.verb[0m [1;30mLevel 5[0m set package 'publisher_subscriber' build argument 'catkin_skip_building_tests' from command line to 'False'
[1.007s] [34mcolcon.colcon_core.verb[0m [1;30mDEBUG[0m [32mBuilding package 'publisher_subscriber' with the following arguments: {'ament_cmake_args': None, 'build_base': '/home/ziad/Ziad_WS/ROS2/work_space/build/publisher_subscriber', 'catkin_cmake_args': None, 'catkin_skip_building_tests': False, 'cmake_args': None, 'cmake_clean_cache': False, 'cmake_clean_first': False, 'cmake_force_configure': False, 'cmake_target': None, 'cmake_target_skip_unavailable': False, 'install_base': '/home/ziad/Ziad_WS/ROS2/work_space/install/publisher_subscriber', 'merge_install': False, 'path': '/home/ziad/Ziad_WS/ROS2/work_space/src/publisher_subscriber', 'symlink_install': False, 'test_result_base': None}[0m
[1.008s] [34mcolcon.colcon_core.verb[0m [1;30mLevel 5[0m set package 'robot_model_gazebo' build argument 'cmake_args' from command line to 'None'
[1.008s] [34mcolcon.colcon_core.verb[0m [1;30mLevel 5[0m set package 'robot_model_gazebo' build argument 'cmake_target' from command line to 'None'
[1.008s] [34mcolcon.colcon_core.verb[0m [1;30mLevel 5[0m set package 'robot_model_gazebo' build argument 'cmake_target_skip_unavailable' from command line to 'False'
[1.008s] [34mcolcon.colcon_core.verb[0m [1;30mLevel 5[0m set package 'robot_model_gazebo' build argument 'cmake_clean_cache' from command line to 'False'
[1.008s] [34mcolcon.colcon_core.verb[0m [1;30mLevel 5[0m set package 'robot_model_gazebo' build argument 'cmake_clean_first' from command line to 'False'
[1.008s] [34mcolcon.colcon_core.verb[0m [1;30mLevel 5[0m set package 'robot_model_gazebo' build argument 'cmake_force_configure' from command line to 'False'
[1.008s] [34mcolcon.colcon_core.verb[0m [1;30mLevel 5[0m set package 'robot_model_gazebo' build argument 'ament_cmake_args' from command line to 'None'
[1.008s] [34mcolcon.colcon_core.verb[0m [1;30mLevel 5[0m set package 'robot_model_gazebo' build argument 'catkin_cmake_args' from command line to 'None'
[1.008s] [34mcolcon.colcon_core.verb[0m [1;30mLevel 5[0m set package 'robot_model_gazebo' build argument 'catkin_skip_building_tests' from command line to 'False'
[1.008s] [34mcolcon.colcon_core.verb[0m [1;30mDEBUG[0m [32mBuilding package 'robot_model_gazebo' with the following arguments: {'ament_cmake_args': None, 'build_base': '/home/ziad/Ziad_WS/ROS2/work_space/build/robot_model_gazebo', 'catkin_cmake_args': None, 'catkin_skip_building_tests': False, 'cmake_args': None, 'cmake_clean_cache': False, 'cmake_clean_first': False, 'cmake_force_configure': False, 'cmake_target': None, 'cmake_target_skip_unavailable': False, 'install_base': '/home/ziad/Ziad_WS/ROS2/work_space/install/robot_model_gazebo', 'merge_install': False, 'path': '/home/ziad/Ziad_WS/ROS2/work_space/src/robot_model_gazebo', 'symlink_install': False, 'test_result_base': None}[0m
[1.008s] [34mcolcon.colcon_core.verb[0m [1;30mLevel 5[0m set package 'ros2_urdf' build argument 'cmake_args' from command line to 'None'
[1.009s] [34mcolcon.colcon_core.verb[0m [1;30mLevel 5[0m set package 'ros2_urdf' build argument 'cmake_target' from command line to 'None'
[1.009s] [34mcolcon.colcon_core.verb[0m [1;30mLevel 5[0m set package 'ros2_urdf' build argument 'cmake_target_skip_unavailable' from command line to 'False'
[1.009s] [34mcolcon.colcon_core.verb[0m [1;30mLevel 5[0m set package 'ros2_urdf' build argument 'cmake_clean_cache' from command line to 'False'
[1.009s] [34mcolcon.colcon_core.verb[0m [1;30mLevel 5[0m set package 'ros2_urdf' build argument 'cmake_clean_first' from command line to 'False'
[1.009s] [34mcolcon.colcon_core.verb[0m [1;30mLevel 5[0m set package 'ros2_urdf' build argument 'cmake_force_configure' from command line to 'False'
[1.009s] [34mcolcon.colcon_core.verb[0m [1;30mLevel 5[0m set package 'ros2_urdf' build argument 'ament_cmake_args' from command line to 'None'
[1.009s] [34mcolcon.colcon_core.verb[0m [1;30mLevel 5[0m set package 'ros2_urdf' build argument 'catkin_cmake_args' from command line to 'None'
[1.009s] [34mcolcon.colcon_core.verb[0m [1;30mLevel 5[0m set package 'ros2_urdf' build argument 'catkin_skip_building_tests' from command line to 'False'
[1.009s] [34mcolcon.colcon_core.verb[0m [1;30mDEBUG[0m [32mBuilding package 'ros2_urdf' with the following arguments: {'ament_cmake_args': None, 'build_base': '/home/ziad/Ziad_WS/ROS2/work_space/build/ros2_urdf', 'catkin_cmake_args': None, 'catkin_skip_building_tests': False, 'cmake_args': None, 'cmake_clean_cache': False, 'cmake_clean_first': False, 'cmake_force_configure': False, 'cmake_target': None, 'cmake_target_skip_unavailable': False, 'install_base': '/home/ziad/Ziad_WS/ROS2/work_space/install/ros2_urdf', 'merge_install': False, 'path': '/home/ziad/Ziad_WS/ROS2/work_space/src/ros2_urdf', 'symlink_install': False, 'test_result_base': None}[0m
[1.009s] [34mcolcon.colcon_core.verb[0m [1;30mLevel 5[0m set package 'services_actions' build argument 'cmake_args' from command line to 'None'
[1.009s] [34mcolcon.colcon_core.verb[0m [1;30mLevel 5[0m set package 'services_actions' build argument 'cmake_target' from command line to 'None'
[1.009s] [34mcolcon.colcon_core.verb[0m [1;30mLevel 5[0m set package 'services_actions' build argument 'cmake_target_skip_unavailable' from command line to 'False'
[1.009s] [34mcolcon.colcon_core.verb[0m [1;30mLevel 5[0m set package 'services_actions' build argument 'cmake_clean_cache' from command line to 'False'
[1.009s] [34mcolcon.colcon_core.verb[0m [1;30mLevel 5[0m set package 'services_actions' build argument 'cmake_clean_first' from command line to 'False'
[1.009s] [34mcolcon.colcon_core.verb[0m [1;30mLevel 5[0m set package 'services_actions' build argument 'cmake_force_configure' from command line to 'False'
[1.009s] [34mcolcon.colcon_core.verb[0m [1;30mLevel 5[0m set package 'services_actions' build argument 'ament_cmake_args' from command line to 'None'
[1.009s] [34mcolcon.colcon_core.verb[0m [1;30mLevel 5[0m set package 'services_actions' build argument 'catkin_cmake_args' from command line to 'None'
[1.009s] [34mcolcon.colcon_core.verb[0m [1;30mLevel 5[0m set package 'services_actions' build argument 'catkin_skip_building_tests' from command line to 'False'
[1.009s] [34mcolcon.colcon_core.verb[0m [1;30mDEBUG[0m [32mBuilding package 'services_actions' with the following arguments: {'ament_cmake_args': None, 'build_base': '/home/ziad/Ziad_WS/ROS2/work_space/build/services_actions', 'catkin_cmake_args': None, 'catkin_skip_building_tests': False, 'cmake_args': None, 'cmake_clean_cache': False, 'cmake_clean_first': False, 'cmake_force_configure': False, 'cmake_target': None, 'cmake_target_skip_unavailable': False, 'install_base': '/home/ziad/Ziad_WS/ROS2/work_space/install/services_actions', 'merge_install': False, 'path': '/home/ziad/Ziad_WS/ROS2/work_space/src/services_actions', 'symlink_install': False, 'test_result_base': None}[0m
[1.010s] [34mcolcon.colcon_core.verb[0m [1;30mLevel 5[0m set package 'turtlebot3_custom' build argument 'cmake_args' from command line to 'None'
[1.010s] [34mcolcon.colcon_core.verb[0m [1;30mLevel 5[0m set package 'turtlebot3_custom' build argument 'cmake_target' from command line to 'None'
[1.010s] [34mcolcon.colcon_core.verb[0m [1;30mLevel 5[0m set package 'turtlebot3_custom' build argument 'cmake_target_skip_unavailable' from command line to 'False'
[1.010s] [34mcolcon.colcon_core.verb[0m [1;30mLevel 5[0m set package 'turtlebot3_custom' build argument 'cmake_clean_cache' from command line to 'False'
[1.010s] [34mcolcon.colcon_core.verb[0m [1;30mLevel 5[0m set package 'turtlebot3_custom' build argument 'cmake_clean_first' from command line to 'False'
[1.010s] [34mcolcon.colcon_core.verb[0m [1;30mLevel 5[0m set package 'turtlebot3_custom' build argument 'cmake_force_configure' from command line to 'False'
[1.010s] [34mcolcon.colcon_core.verb[0m [1;30mLevel 5[0m set package 'turtlebot3_custom' build argument 'ament_cmake_args' from command line to 'None'
[1.010s] [34mcolcon.colcon_core.verb[0m [1;30mLevel 5[0m set package 'turtlebot3_custom' build argument 'catkin_cmake_args' from command line to 'None'
[1.010s] [34mcolcon.colcon_core.verb[0m [1;30mLevel 5[0m set package 'turtlebot3_custom' build argument 'catkin_skip_building_tests' from command line to 'False'
[1.010s] [34mcolcon.colcon_core.verb[0m [1;30mDEBUG[0m [32mBuilding package 'turtlebot3_custom' with the following arguments: {'ament_cmake_args': None, 'build_base': '/home/ziad/Ziad_WS/ROS2/work_space/build/turtlebot3_custom', 'catkin_cmake_args': None, 'catkin_skip_building_tests': False, 'cmake_args': None, 'cmake_clean_cache': False, 'cmake_clean_first': False, 'cmake_force_configure': False, 'cmake_target': None, 'cmake_target_skip_unavailable': False, 'install_base': '/home/ziad/Ziad_WS/ROS2/work_space/install/turtlebot3_custom', 'merge_install': False, 'path': '/home/ziad/Ziad_WS/ROS2/work_space/src/turtlebot3_custom', 'symlink_install': False, 'test_result_base': None}[0m
[1.011s] [34mcolcon.colcon_core.verb[0m [1;30mLevel 5[0m set package 'ur_simulation_gazebo' build argument 'cmake_args' from command line to 'None'
[1.011s] [34mcolcon.colcon_core.verb[0m [1;30mLevel 5[0m set package 'ur_simulation_gazebo' build argument 'cmake_target' from command line to 'None'
[1.011s] [34mcolcon.colcon_core.verb[0m [1;30mLevel 5[0m set package 'ur_simulation_gazebo' build argument 'cmake_target_skip_unavailable' from command line to 'False'
[1.011s] [34mcolcon.colcon_core.verb[0m [1;30mLevel 5[0m set package 'ur_simulation_gazebo' build argument 'cmake_clean_cache' from command line to 'False'
[1.011s] [34mcolcon.colcon_core.verb[0m [1;30mLevel 5[0m set package 'ur_simulation_gazebo' build argument 'cmake_clean_first' from command line to 'False'
[1.011s] [34mcolcon.colcon_core.verb[0m [1;30mLevel 5[0m set package 'ur_simulation_gazebo' build argument 'cmake_force_configure' from command line to 'False'
[1.011s] [34mcolcon.colcon_core.verb[0m [1;30mLevel 5[0m set package 'ur_simulation_gazebo' build argument 'ament_cmake_args' from command line to 'None'
[1.011s] [34mcolcon.colcon_core.verb[0m [1;30mLevel 5[0m set package 'ur_simulation_gazebo' build argument 'catkin_cmake_args' from command line to 'None'
[1.011s] [34mcolcon.colcon_core.verb[0m [1;30mLevel 5[0m set package 'ur_simulation_gazebo' build argument 'catkin_skip_building_tests' from command line to 'False'
[1.011s] [34mcolcon.colcon_core.verb[0m [1;30mDEBUG[0m [32mBuilding package 'ur_simulation_gazebo' with the following arguments: {'ament_cmake_args': None, 'build_base': '/home/ziad/Ziad_WS/ROS2/work_space/build/ur_simulation_gazebo', 'catkin_cmake_args': None, 'catkin_skip_building_tests': False, 'cmake_args': None, 'cmake_clean_cache': False, 'cmake_clean_first': False, 'cmake_force_configure': False, 'cmake_target': None, 'cmake_target_skip_unavailable': False, 'install_base': '/home/ziad/Ziad_WS/ROS2/work_space/install/ur_simulation_gazebo', 'merge_install': False, 'path': '/home/ziad/Ziad_WS/ROS2/work_space/src/Universal_Robots_ROS2_Gazebo_Simulation/ur_simulation_gazebo', 'symlink_install': False, 'test_result_base': None}[0m
[1.011s] [34mcolcon.colcon_core.executor[0m [1;30mINFO[0m Executing jobs using 'parallel' executor
[1.012s] [34mcolcon.colcon_parallel_executor.executor.parallel[0m [1;30mDEBUG[0m [32mrun_until_complete[0m
[1.012s] [34mcolcon.colcon_ros.task.ament_cmake.build[0m [1;30mINFO[0m Building ROS package in '/home/ziad/Ziad_WS/ROS2/work_space/custom_robot' with build type 'ament_cmake'
[1.013s] [34mcolcon.colcon_cmake.task.cmake.build[0m [1;30mINFO[0m Building CMake package in '/home/ziad/Ziad_WS/ROS2/work_space/custom_robot'
[1.018s] [34mcolcon.colcon_core.plugin_system[0m [1;30mINFO[0m Skipping extension 'colcon_core.shell.bat': Not used on non-Windows systems
[1.018s] [34mcolcon.colcon_core.shell[0m [1;30mINFO[0m Skip shell extension 'powershell' for command environment: Not usable outside of PowerShell
[1.018s] [34mcolcon.colcon_core.shell[0m [1;30mDEBUG[0m [32mSkip shell extension 'dsv' for command environment[0m
[1.024s] [34mcolcon.colcon_ros.task.ament_cmake.build[0m [1;30mINFO[0m Building ROS package in '/home/ziad/Ziad_WS/ROS2/work_space/src/cyber_robt' with build type 'ament_cmake'
[1.024s] [34mcolcon.colcon_cmake.task.cmake.build[0m [1;30mINFO[0m Building CMake package in '/home/ziad/Ziad_WS/ROS2/work_space/src/cyber_robt'
[1.024s] [34mcolcon.colcon_core.shell[0m [1;30mINFO[0m Skip shell extension 'powershell' for command environment: Not usable outside of PowerShell
[1.025s] [34mcolcon.colcon_core.shell[0m [1;30mDEBUG[0m [32mSkip shell extension 'dsv' for command environment[0m
[1.031s] [34mcolcon.colcon_ros.task.ament_cmake.build[0m [1;30mINFO[0m Building ROS package in '/home/ziad/Ziad_WS/ROS2/work_space/src/publisher_subscriber' with build type 'ament_cmake'
[1.031s] [34mcolcon.colcon_cmake.task.cmake.build[0m [1;30mINFO[0m Building CMake package in '/home/ziad/Ziad_WS/ROS2/work_space/src/publisher_subscriber'
[1.032s] [34mcolcon.colcon_core.shell[0m [1;30mINFO[0m Skip shell extension 'powershell' for command environment: Not usable outside of PowerShell
[1.032s] [34mcolcon.colcon_core.shell[0m [1;30mDEBUG[0m [32mSkip shell extension 'dsv' for command environment[0m
[1.038s] [34mcolcon.colcon_ros.task.ament_cmake.build[0m [1;30mINFO[0m Building ROS package in '/home/ziad/Ziad_WS/ROS2/work_space/src/robot_model_gazebo' with build type 'ament_cmake'
[1.038s] [34mcolcon.colcon_cmake.task.cmake.build[0m [1;30mINFO[0m Building CMake package in '/home/ziad/Ziad_WS/ROS2/work_space/src/robot_model_gazebo'
[1.039s] [34mcolcon.colcon_core.shell[0m [1;30mINFO[0m Skip shell extension 'powershell' for command environment: Not usable outside of PowerShell
[1.039s] [34mcolcon.colcon_core.shell[0m [1;30mDEBUG[0m [32mSkip shell extension 'dsv' for command environment[0m
[1.049s] [34mcolcon.colcon_core.event_handler.log_command[0m [1;30mDEBUG[0m [32mInvoking command in '/home/ziad/Ziad_WS/ROS2/work_space/build/custom_robot': CMAKE_PREFIX_PATH=${CMAKE_PREFIX_PATH}:/opt/ros/humble /usr/bin/cmake /home/ziad/Ziad_WS/ROS2/work_space/custom_robot -DCMAKE_INSTALL_PREFIX=/home/ziad/Ziad_WS/ROS2/work_space/install/custom_robot[0m
[1.058s] [34mcolcon.colcon_core.event_handler.log_command[0m [1;30mDEBUG[0m [32mInvoking command in '/home/ziad/Ziad_WS/ROS2/work_space/build/cyber_robt': CMAKE_PREFIX_PATH=${CMAKE_PREFIX_PATH}:/opt/ros/humble /usr/bin/cmake --build /home/ziad/Ziad_WS/ROS2/work_space/build/cyber_robt -- -j4 -l4[0m
[1.064s] [34mcolcon.colcon_core.event_handler.log_command[0m [1;30mDEBUG[0m [32mInvoking command in '/home/ziad/Ziad_WS/ROS2/work_space/build/publisher_subscriber': CMAKE_PREFIX_PATH=${CMAKE_PREFIX_PATH}:/opt/ros/humble /usr/bin/cmake --build /home/ziad/Ziad_WS/ROS2/work_space/build/publisher_subscriber -- -j4 -l4[0m
[1.071s] [34mcolcon.colcon_core.event_handler.log_command[0m [1;30mDEBUG[0m [32mInvoking command in '/home/ziad/Ziad_WS/ROS2/work_space/build/robot_model_gazebo': CMAKE_PREFIX_PATH=${CMAKE_PREFIX_PATH}:/opt/ros/humble /usr/bin/cmake --build /home/ziad/Ziad_WS/ROS2/work_space/build/robot_model_gazebo -- -j4 -l4[0m
[1.214s] [34mcolcon.colcon_core.event_handler.log_command[0m [1;30mDEBUG[0m [32mInvoked command in '/home/ziad/Ziad_WS/ROS2/work_space/build/robot_model_gazebo' returned '0': CMAKE_PREFIX_PATH=${CMAKE_PREFIX_PATH}:/opt/ros/humble /usr/bin/cmake --build /home/ziad/Ziad_WS/ROS2/work_space/build/robot_model_gazebo -- -j4 -l4[0m
[1.230s] [34mcolcon.colcon_core.event_handler.log_command[0m [1;30mDEBUG[0m [32mInvoking command in '/home/ziad/Ziad_WS/ROS2/work_space/build/robot_model_gazebo': CMAKE_PREFIX_PATH=${CMAKE_PREFIX_PATH}:/opt/ros/humble /usr/bin/cmake --install /home/ziad/Ziad_WS/ROS2/work_space/build/robot_model_gazebo[0m
[1.231s] [34mcolcon.colcon_core.event_handler.log_command[0m [1;30mDEBUG[0m [32mInvoked command in '/home/ziad/Ziad_WS/ROS2/work_space/build/cyber_robt' returned '0': CMAKE_PREFIX_PATH=${CMAKE_PREFIX_PATH}:/opt/ros/humble /usr/bin/cmake --build /home/ziad/Ziad_WS/ROS2/work_space/build/cyber_robt -- -j4 -l4[0m
[1.236s] [34mcolcon.colcon_core.event_handler.log_command[0m [1;30mDEBUG[0m [32mInvoking command in '/home/ziad/Ziad_WS/ROS2/work_space/build/cyber_robt': CMAKE_PREFIX_PATH=${CMAKE_PREFIX_PATH}:/opt/ros/humble /usr/bin/cmake --install /home/ziad/Ziad_WS/ROS2/work_space/build/cyber_robt[0m
[1.263s] [34mcolcon.colcon_core.environment[0m [1;30mLevel 1[0m create_environment_scripts_only(cyber_robt)
[1.277s] [34mcolcon.colcon_core.event_handler.log_command[0m [1;30mDEBUG[0m [32mInvoked command in '/home/ziad/Ziad_WS/ROS2/work_space/build/cyber_robt' returned '0': CMAKE_PREFIX_PATH=${CMAKE_PREFIX_PATH}:/opt/ros/humble /usr/bin/cmake --install /home/ziad/Ziad_WS/ROS2/work_space/build/cyber_robt[0m
[1.281s] [34mcolcon.colcon_core.environment[0m [1;30mLevel 1[0m checking '/home/ziad/Ziad_WS/ROS2/work_space/install/cyber_robt' for CMake module files
[1.282s] [34mcolcon.colcon_core.environment[0m [1;30mLevel 1[0m checking '/home/ziad/Ziad_WS/ROS2/work_space/install/cyber_robt' for CMake config files
[1.283s] [34mcolcon.colcon_core.shell[0m [1;30mLevel 1[0m create_environment_hook('cyber_robt', 'cmake_prefix_path')
[1.284s] [34mcolcon.colcon_core.shell[0m [1;30mINFO[0m Creating environment hook '/home/ziad/Ziad_WS/ROS2/work_space/install/cyber_robt/share/cyber_robt/hook/cmake_prefix_path.ps1'
[1.285s] [34mcolcon.colcon_core.shell[0m [1;30mINFO[0m Creating environment descriptor '/home/ziad/Ziad_WS/ROS2/work_space/install/cyber_robt/share/cyber_robt/hook/cmake_prefix_path.dsv'
[1.286s] [34mcolcon.colcon_core.shell[0m [1;30mINFO[0m Creating environment hook '/home/ziad/Ziad_WS/ROS2/work_space/install/cyber_robt/share/cyber_robt/hook/cmake_prefix_path.sh'
[1.288s] [34mcolcon.colcon_core.environment[0m [1;30mLevel 1[0m checking '/home/ziad/Ziad_WS/ROS2/work_space/install/cyber_robt/bin'
[1.288s] [34mcolcon.colcon_core.environment[0m [1;30mLevel 1[0m checking '/home/ziad/Ziad_WS/ROS2/work_space/install/cyber_robt/lib/pkgconfig/cyber_robt.pc'
[1.288s] [34mcolcon.colcon_core.environment[0m [1;30mLevel 1[0m checking '/home/ziad/Ziad_WS/ROS2/work_space/install/cyber_robt/lib/python3.10/site-packages'
[1.288s] [34mcolcon.colcon_core.environment[0m [1;30mLevel 1[0m checking '/home/ziad/Ziad_WS/ROS2/work_space/install/cyber_robt/bin'
[1.289s] [34mcolcon.colcon_core.shell[0m [1;30mINFO[0m Creating package script '/home/ziad/Ziad_WS/ROS2/work_space/install/cyber_robt/share/cyber_robt/package.ps1'
[1.290s] [34mcolcon.colcon_core.shell[0m [1;30mINFO[0m Creating package descriptor '/home/ziad/Ziad_WS/ROS2/work_space/install/cyber_robt/share/cyber_robt/package.dsv'
[1.291s] [34mcolcon.colcon_core.shell[0m [1;30mINFO[0m Creating package script '/home/ziad/Ziad_WS/ROS2/work_space/install/cyber_robt/share/cyber_robt/package.sh'
[1.292s] [34mcolcon.colcon_core.shell[0m [1;30mINFO[0m Creating package script '/home/ziad/Ziad_WS/ROS2/work_space/install/cyber_robt/share/cyber_robt/package.bash'
[1.294s] [34mcolcon.colcon_core.shell[0m [1;30mINFO[0m Creating package script '/home/ziad/Ziad_WS/ROS2/work_space/install/cyber_robt/share/cyber_robt/package.zsh'
[1.296s] [34mcolcon.colcon_core.environment[0m [1;30mLevel 1[0m create_file_with_runtime_dependencies(/home/ziad/Ziad_WS/ROS2/work_space/install/cyber_robt/share/colcon-core/packages/cyber_robt)
[1.296s] [34mcolcon.colcon_core.environment[0m [1;30mLevel 1[0m create_environment_scripts_only(cyber_robt)
[1.297s] [34mcolcon.colcon_core.environment[0m [1;30mLevel 1[0m checking '/home/ziad/Ziad_WS/ROS2/work_space/install/cyber_robt' for CMake module files
[1.297s] [34mcolcon.colcon_core.environment[0m [1;30mLevel 1[0m checking '/home/ziad/Ziad_WS/ROS2/work_space/install/cyber_robt' for CMake config files
[1.298s] [34mcolcon.colcon_core.shell[0m [1;30mLevel 1[0m create_environment_hook('cyber_robt', 'cmake_prefix_path')
[1.298s] [34mcolcon.colcon_core.shell[0m [1;30mINFO[0m Creating environment hook '/home/ziad/Ziad_WS/ROS2/work_space/install/cyber_robt/share/cyber_robt/hook/cmake_prefix_path.ps1'
[1.299s] [34mcolcon.colcon_core.shell[0m [1;30mINFO[0m Creating environment descriptor '/home/ziad/Ziad_WS/ROS2/work_space/install/cyber_robt/share/cyber_robt/hook/cmake_prefix_path.dsv'
[1.299s] [34mcolcon.colcon_core.shell[0m [1;30mINFO[0m Creating environment hook '/home/ziad/Ziad_WS/ROS2/work_space/install/cyber_robt/share/cyber_robt/hook/cmake_prefix_path.sh'
[1.300s] [34mcolcon.colcon_core.environment[0m [1;30mLevel 1[0m checking '/home/ziad/Ziad_WS/ROS2/work_space/install/cyber_robt/bin'
[1.300s] [34mcolcon.colcon_core.environment[0m [1;30mLevel 1[0m checking '/home/ziad/Ziad_WS/ROS2/work_space/install/cyber_robt/lib/pkgconfig/cyber_robt.pc'
[1.300s] [34mcolcon.colcon_core.environment[0m [1;30mLevel 1[0m checking '/home/ziad/Ziad_WS/ROS2/work_space/install/cyber_robt/lib/python3.10/site-packages'
[1.300s] [34mcolcon.colcon_core.environment[0m [1;30mLevel 1[0m checking '/home/ziad/Ziad_WS/ROS2/work_space/install/cyber_robt/bin'
[1.301s] [34mcolcon.colcon_core.shell[0m [1;30mINFO[0m Creating package script '/home/ziad/Ziad_WS/ROS2/work_space/install/cyber_robt/share/cyber_robt/package.ps1'
[1.302s] [34mcolcon.colcon_core.shell[0m [1;30mINFO[0m Creating package descriptor '/home/ziad/Ziad_WS/ROS2/work_space/install/cyber_robt/share/cyber_robt/package.dsv'
[1.303s] [34mcolcon.colcon_core.shell[0m [1;30mINFO[0m Creating package script '/home/ziad/Ziad_WS/ROS2/work_space/install/cyber_robt/share/cyber_robt/package.sh'
[1.303s] [34mcolcon.colcon_core.shell[0m [1;30mINFO[0m Creating package script '/home/ziad/Ziad_WS/ROS2/work_space/install/cyber_robt/share/cyber_robt/package.bash'
[1.304s] [34mcolcon.colcon_core.shell[0m [1;30mINFO[0m Creating package script '/home/ziad/Ziad_WS/ROS2/work_space/install/cyber_robt/share/cyber_robt/package.zsh'
[1.304s] [34mcolcon.colcon_core.environment[0m [1;30mLevel 1[0m create_file_with_runtime_dependencies(/home/ziad/Ziad_WS/ROS2/work_space/install/cyber_robt/share/colcon-core/packages/cyber_robt)
[1.305s] [34mcolcon.colcon_ros.task.ament_cmake.build[0m [1;30mINFO[0m Building ROS package in '/home/ziad/Ziad_WS/ROS2/work_space/src/ros2_urdf' with build type 'ament_cmake'
[1.305s] [34mcolcon.colcon_cmake.task.cmake.build[0m [1;30mINFO[0m Building CMake package in '/home/ziad/Ziad_WS/ROS2/work_space/src/ros2_urdf'
[1.306s] [34mcolcon.colcon_core.shell[0m [1;30mINFO[0m Skip shell extension 'powershell' for command environment: Not usable outside of PowerShell
[1.306s] [34mcolcon.colcon_core.shell[0m [1;30mDEBUG[0m [32mSkip shell extension 'dsv' for command environment[0m
[1.313s] [34mcolcon.colcon_core.environment[0m [1;30mLevel 1[0m create_environment_scripts_only(robot_model_gazebo)
[1.313s] [34mcolcon.colcon_core.environment[0m [1;30mLevel 1[0m checking '/home/ziad/Ziad_WS/ROS2/work_space/install/robot_model_gazebo' for CMake module files
[1.315s] [34mcolcon.colcon_core.event_handler.log_command[0m [1;30mDEBUG[0m [32mInvoked command in '/home/ziad/Ziad_WS/ROS2/work_space/build/robot_model_gazebo' returned '0': CMAKE_PREFIX_PATH=${CMAKE_PREFIX_PATH}:/opt/ros/humble /usr/bin/cmake --install /home/ziad/Ziad_WS/ROS2/work_space/build/robot_model_gazebo[0m
[1.316s] [34mcolcon.colcon_core.environment[0m [1;30mLevel 1[0m checking '/home/ziad/Ziad_WS/ROS2/work_space/install/robot_model_gazebo' for CMake config files
[1.317s] [34mcolcon.colcon_core.shell[0m [1;30mLevel 1[0m create_environment_hook('robot_model_gazebo', 'cmake_prefix_path')
[1.318s] [34mcolcon.colcon_core.shell[0m [1;30mINFO[0m Creating environment hook '/home/ziad/Ziad_WS/ROS2/work_space/install/robot_model_gazebo/share/robot_model_gazebo/hook/cmake_prefix_path.ps1'
[1.320s] [34mcolcon.colcon_core.shell[0m [1;30mINFO[0m Creating environment descriptor '/home/ziad/Ziad_WS/ROS2/work_space/install/robot_model_gazebo/share/robot_model_gazebo/hook/cmake_prefix_path.dsv'
[1.321s] [34mcolcon.colcon_core.shell[0m [1;30mINFO[0m Creating environment hook '/home/ziad/Ziad_WS/ROS2/work_space/install/robot_model_gazebo/share/robot_model_gazebo/hook/cmake_prefix_path.sh'
[1.322s] [34mcolcon.colcon_core.environment[0m [1;30mLevel 1[0m checking '/home/ziad/Ziad_WS/ROS2/work_space/install/robot_model_gazebo/bin'
[1.323s] [34mcolcon.colcon_core.environment[0m [1;30mLevel 1[0m checking '/home/ziad/Ziad_WS/ROS2/work_space/install/robot_model_gazebo/lib/pkgconfig/robot_model_gazebo.pc'
[1.323s] [34mcolcon.colcon_core.environment[0m [1;30mLevel 1[0m checking '/home/ziad/Ziad_WS/ROS2/work_space/install/robot_model_gazebo/lib/python3.10/site-packages'
[1.323s] [34mcolcon.colcon_core.environment[0m [1;30mLevel 1[0m checking '/home/ziad/Ziad_WS/ROS2/work_space/install/robot_model_gazebo/bin'
[1.324s] [34mcolcon.colcon_core.shell[0m [1;30mINFO[0m Creating package script '/home/ziad/Ziad_WS/ROS2/work_space/install/robot_model_gazebo/share/robot_model_gazebo/package.ps1'
[1.325s] [34mcolcon.colcon_core.shell[0m [1;30mINFO[0m Creating package descriptor '/home/ziad/Ziad_WS/ROS2/work_space/install/robot_model_gazebo/share/robot_model_gazebo/package.dsv'
[1.325s] [34mcolcon.colcon_core.shell[0m [1;30mINFO[0m Creating package script '/home/ziad/Ziad_WS/ROS2/work_space/install/robot_model_gazebo/share/robot_model_gazebo/package.sh'
[1.326s] [34mcolcon.colcon_core.shell[0m [1;30mINFO[0m Creating package script '/home/ziad/Ziad_WS/ROS2/work_space/install/robot_model_gazebo/share/robot_model_gazebo/package.bash'
[1.326s] [34mcolcon.colcon_core.shell[0m [1;30mINFO[0m Creating package script '/home/ziad/Ziad_WS/ROS2/work_space/install/robot_model_gazebo/share/robot_model_gazebo/package.zsh'
[1.327s] [34mcolcon.colcon_core.environment[0m [1;30mLevel 1[0m create_file_with_runtime_dependencies(/home/ziad/Ziad_WS/ROS2/work_space/install/robot_model_gazebo/share/colcon-core/packages/robot_model_gazebo)
[1.328s] [34mcolcon.colcon_core.environment[0m [1;30mLevel 1[0m create_environment_scripts_only(robot_model_gazebo)
[1.328s] [34mcolcon.colcon_core.environment[0m [1;30mLevel 1[0m checking '/home/ziad/Ziad_WS/ROS2/work_space/install/robot_model_gazebo' for CMake module files
[1.329s] [34mcolcon.colcon_core.environment[0m [1;30mLevel 1[0m checking '/home/ziad/Ziad_WS/ROS2/work_space/install/robot_model_gazebo' for CMake config files
[1.330s] [34mcolcon.colcon_core.shell[0m [1;30mLevel 1[0m create_environment_hook('robot_model_gazebo', 'cmake_prefix_path')
[1.330s] [34mcolcon.colcon_core.shell[0m [1;30mINFO[0m Creating environment hook '/home/ziad/Ziad_WS/ROS2/work_space/install/robot_model_gazebo/share/robot_model_gazebo/hook/cmake_prefix_path.ps1'
[1.331s] [34mcolcon.colcon_core.shell[0m [1;30mINFO[0m Creating environment descriptor '/home/ziad/Ziad_WS/ROS2/work_space/install/robot_model_gazebo/share/robot_model_gazebo/hook/cmake_prefix_path.dsv'
[1.331s] [34mcolcon.colcon_core.shell[0m [1;30mINFO[0m Creating environment hook '/home/ziad/Ziad_WS/ROS2/work_space/install/robot_model_gazebo/share/robot_model_gazebo/hook/cmake_prefix_path.sh'
[1.334s] [34mcolcon.colcon_core.environment[0m [1;30mLevel 1[0m checking '/home/ziad/Ziad_WS/ROS2/work_space/install/robot_model_gazebo/bin'
[1.334s] [34mcolcon.colcon_core.environment[0m [1;30mLevel 1[0m checking '/home/ziad/Ziad_WS/ROS2/work_space/install/robot_model_gazebo/lib/pkgconfig/robot_model_gazebo.pc'
[1.335s] [34mcolcon.colcon_core.environment[0m [1;30mLevel 1[0m checking '/home/ziad/Ziad_WS/ROS2/work_space/install/robot_model_gazebo/lib/python3.10/site-packages'
[1.336s] [34mcolcon.colcon_core.environment[0m [1;30mLevel 1[0m checking '/home/ziad/Ziad_WS/ROS2/work_space/install/robot_model_gazebo/bin'
[1.337s] [34mcolcon.colcon_core.shell[0m [1;30mINFO[0m Creating package script '/home/ziad/Ziad_WS/ROS2/work_space/install/robot_model_gazebo/share/robot_model_gazebo/package.ps1'
[1.338s] [34mcolcon.colcon_core.shell[0m [1;30mINFO[0m Creating package descriptor '/home/ziad/Ziad_WS/ROS2/work_space/install/robot_model_gazebo/share/robot_model_gazebo/package.dsv'
[1.339s] [34mcolcon.colcon_core.shell[0m [1;30mINFO[0m Creating package script '/home/ziad/Ziad_WS/ROS2/work_space/install/robot_model_gazebo/share/robot_model_gazebo/package.sh'
[1.340s] [34mcolcon.colcon_core.shell[0m [1;30mINFO[0m Creating package script '/home/ziad/Ziad_WS/ROS2/work_space/install/robot_model_gazebo/share/robot_model_gazebo/package.bash'
[1.340s] [34mcolcon.colcon_core.shell[0m [1;30mINFO[0m Creating package script '/home/ziad/Ziad_WS/ROS2/work_space/install/robot_model_gazebo/share/robot_model_gazebo/package.zsh'
[1.341s] [34mcolcon.colcon_core.environment[0m [1;30mLevel 1[0m create_file_with_runtime_dependencies(/home/ziad/Ziad_WS/ROS2/work_space/install/robot_model_gazebo/share/colcon-core/packages/robot_model_gazebo)
[1.342s] [34mcolcon.colcon_ros.task.ament_cmake.build[0m [1;30mINFO[0m Building ROS package in '/home/ziad/Ziad_WS/ROS2/work_space/src/services_actions' with build type 'ament_cmake'
[1.342s] [34mcolcon.colcon_cmake.task.cmake.build[0m [1;30mINFO[0m Building CMake package in '/home/ziad/Ziad_WS/ROS2/work_space/src/services_actions'
[1.343s] [34mcolcon.colcon_core.shell[0m [1;30mINFO[0m Skip shell extension 'powershell' for command environment: Not usable outside of PowerShell
[1.343s] [34mcolcon.colcon_core.shell[0m [1;30mDEBUG[0m [32mSkip shell extension 'dsv' for command environment[0m
[1.359s] [34mcolcon.colcon_core.event_handler.log_command[0m [1;30mDEBUG[0m [32mInvoking command in '/home/ziad/Ziad_WS/ROS2/work_space/build/ros2_urdf': CMAKE_PREFIX_PATH=${CMAKE_PREFIX_PATH}:/opt/ros/humble /usr/bin/cmake --build /home/ziad/Ziad_WS/ROS2/work_space/build/ros2_urdf -- -j4 -l4[0m
[1.365s] [34mcolcon.colcon_core.event_handler.log_command[0m [1;30mDEBUG[0m [32mInvoking command in '/home/ziad/Ziad_WS/ROS2/work_space/build/services_actions': CMAKE_PREFIX_PATH=${CMAKE_PREFIX_PATH}:/opt/ros/humble /usr/bin/cmake --build /home/ziad/Ziad_WS/ROS2/work_space/build/services_actions -- -j4 -l4[0m
[1.400s] [34mcolcon.colcon_core.event_handler.log_command[0m [1;30mDEBUG[0m [32mInvoked command in '/home/ziad/Ziad_WS/ROS2/work_space/build/publisher_subscriber' returned '0': CMAKE_PREFIX_PATH=${CMAKE_PREFIX_PATH}:/opt/ros/humble /usr/bin/cmake --build /home/ziad/Ziad_WS/ROS2/work_space/build/publisher_subscriber -- -j4 -l4[0m
[1.405s] [34mcolcon.colcon_core.event_handler.log_command[0m [1;30mDEBUG[0m [32mInvoking command in '/home/ziad/Ziad_WS/ROS2/work_space/build/publisher_subscriber': CMAKE_PREFIX_PATH=${CMAKE_PREFIX_PATH}:/opt/ros/humble /usr/bin/cmake --install /home/ziad/Ziad_WS/ROS2/work_space/build/publisher_subscriber[0m
[1.429s] [34mcolcon.colcon_core.environment[0m [1;30mLevel 1[0m create_environment_scripts_only(publisher_subscriber)
[1.430s] [34mcolcon.colcon_core.environment[0m [1;30mLevel 1[0m checking '/home/ziad/Ziad_WS/ROS2/work_space/install/publisher_subscriber' for CMake module files
[1.431s] [34mcolcon.colcon_core.event_handler.log_command[0m [1;30mDEBUG[0m [32mInvoked command in '/home/ziad/Ziad_WS/ROS2/work_space/build/publisher_subscriber' returned '0': CMAKE_PREFIX_PATH=${CMAKE_PREFIX_PATH}:/opt/ros/humble /usr/bin/cmake --install /home/ziad/Ziad_WS/ROS2/work_space/build/publisher_subscriber[0m
[1.431s] [34mcolcon.colcon_core.environment[0m [1;30mLevel 1[0m checking '/home/ziad/Ziad_WS/ROS2/work_space/install/publisher_subscriber' for CMake config files
[1.433s] [34mcolcon.colcon_core.shell[0m [1;30mLevel 1[0m create_environment_hook('publisher_subscriber', 'cmake_prefix_path')
[1.433s] [34mcolcon.colcon_core.shell[0m [1;30mINFO[0m Creating environment hook '/home/ziad/Ziad_WS/ROS2/work_space/install/publisher_subscriber/share/publisher_subscriber/hook/cmake_prefix_path.ps1'
[1.434s] [34mcolcon.colcon_core.shell[0m [1;30mINFO[0m Creating environment descriptor '/home/ziad/Ziad_WS/ROS2/work_space/install/publisher_subscriber/share/publisher_subscriber/hook/cmake_prefix_path.dsv'
[1.435s] [34mcolcon.colcon_core.shell[0m [1;30mINFO[0m Creating environment hook '/home/ziad/Ziad_WS/ROS2/work_space/install/publisher_subscriber/share/publisher_subscriber/hook/cmake_prefix_path.sh'
[1.436s] [34mcolcon.colcon_core.environment[0m [1;30mLevel 1[0m checking '/home/ziad/Ziad_WS/ROS2/work_space/install/publisher_subscriber/lib'
[1.436s] [34mcolcon.colcon_core.environment[0m [1;30mLevel 1[0m checking '/home/ziad/Ziad_WS/ROS2/work_space/install/publisher_subscriber/bin'
[1.437s] [34mcolcon.colcon_core.environment[0m [1;30mLevel 1[0m checking '/home/ziad/Ziad_WS/ROS2/work_space/install/publisher_subscriber/lib/pkgconfig/publisher_subscriber.pc'
[1.437s] [34mcolcon.colcon_core.environment[0m [1;30mLevel 1[0m checking '/home/ziad/Ziad_WS/ROS2/work_space/install/publisher_subscriber/lib/python3.10/site-packages'
[1.437s] [34mcolcon.colcon_core.environment[0m [1;30mLevel 1[0m checking '/home/ziad/Ziad_WS/ROS2/work_space/install/publisher_subscriber/bin'
[1.438s] [34mcolcon.colcon_core.shell[0m [1;30mINFO[0m Creating package script '/home/ziad/Ziad_WS/ROS2/work_space/install/publisher_subscriber/share/publisher_subscriber/package.ps1'
[1.438s] [34mcolcon.colcon_core.shell[0m [1;30mINFO[0m Creating package descriptor '/home/ziad/Ziad_WS/ROS2/work_space/install/publisher_subscriber/share/publisher_subscriber/package.dsv'
[1.439s] [34mcolcon.colcon_core.shell[0m [1;30mINFO[0m Creating package script '/home/ziad/Ziad_WS/ROS2/work_space/install/publisher_subscriber/share/publisher_subscriber/package.sh'
[1.439s] [34mcolcon.colcon_core.shell[0m [1;30mINFO[0m Creating package script '/home/ziad/Ziad_WS/ROS2/work_space/install/publisher_subscriber/share/publisher_subscriber/package.bash'
[1.440s] [34mcolcon.colcon_core.shell[0m [1;30mINFO[0m Creating package script '/home/ziad/Ziad_WS/ROS2/work_space/install/publisher_subscriber/share/publisher_subscriber/package.zsh'
[1.440s] [34mcolcon.colcon_core.environment[0m [1;30mLevel 1[0m create_file_with_runtime_dependencies(/home/ziad/Ziad_WS/ROS2/work_space/install/publisher_subscriber/share/colcon-core/packages/publisher_subscriber)
[1.441s] [34mcolcon.colcon_core.environment[0m [1;30mLevel 1[0m create_environment_scripts_only(publisher_subscriber)
[1.441s] [34mcolcon.colcon_core.environment[0m [1;30mLevel 1[0m checking '/home/ziad/Ziad_WS/ROS2/work_space/install/publisher_subscriber' for CMake module files
[1.442s] [34mcolcon.colcon_core.environment[0m [1;30mLevel 1[0m checking '/home/ziad/Ziad_WS/ROS2/work_space/install/publisher_subscriber' for CMake config files
[1.443s] [34mcolcon.colcon_core.shell[0m [1;30mLevel 1[0m create_environment_hook('publisher_subscriber', 'cmake_prefix_path')
[1.443s] [34mcolcon.colcon_core.shell[0m [1;30mINFO[0m Creating environment hook '/home/ziad/Ziad_WS/ROS2/work_space/install/publisher_subscriber/share/publisher_subscriber/hook/cmake_prefix_path.ps1'
[1.444s] [34mcolcon.colcon_core.shell[0m [1;30mINFO[0m Creating environment descriptor '/home/ziad/Ziad_WS/ROS2/work_space/install/publisher_subscriber/share/publisher_subscriber/hook/cmake_prefix_path.dsv'
[1.445s] [34mcolcon.colcon_core.shell[0m [1;30mINFO[0m Creating environment hook '/home/ziad/Ziad_WS/ROS2/work_space/install/publisher_subscriber/share/publisher_subscriber/hook/cmake_prefix_path.sh'
[1.446s] [34mcolcon.colcon_core.environment[0m [1;30mLevel 1[0m checking '/home/ziad/Ziad_WS/ROS2/work_space/install/publisher_subscriber/lib'
[1.447s] [34mcolcon.colcon_core.environment[0m [1;30mLevel 1[0m checking '/home/ziad/Ziad_WS/ROS2/work_space/install/publisher_subscriber/bin'
[1.447s] [34mcolcon.colcon_core.environment[0m [1;30mLevel 1[0m checking '/home/ziad/Ziad_WS/ROS2/work_space/install/publisher_subscriber/lib/pkgconfig/publisher_subscriber.pc'
[1.447s] [34mcolcon.colcon_core.environment[0m [1;30mLevel 1[0m checking '/home/ziad/Ziad_WS/ROS2/work_space/install/publisher_subscriber/lib/python3.10/site-packages'
[1.448s] [34mcolcon.colcon_core.environment[0m [1;30mLevel 1[0m checking '/home/ziad/Ziad_WS/ROS2/work_space/install/publisher_subscriber/bin'
[1.448s] [34mcolcon.colcon_core.shell[0m [1;30mINFO[0m Creating package script '/home/ziad/Ziad_WS/ROS2/work_space/install/publisher_subscriber/share/publisher_subscriber/package.ps1'
[1.449s] [34mcolcon.colcon_core.shell[0m [1;30mINFO[0m Creating package descriptor '/home/ziad/Ziad_WS/ROS2/work_space/install/publisher_subscriber/share/publisher_subscriber/package.dsv'
[1.451s] [34mcolcon.colcon_core.shell[0m [1;30mINFO[0m Creating package script '/home/ziad/Ziad_WS/ROS2/work_space/install/publisher_subscriber/share/publisher_subscriber/package.sh'
[1.451s] [34mcolcon.colcon_core.shell[0m [1;30mINFO[0m Creating package script '/home/ziad/Ziad_WS/ROS2/work_space/install/publisher_subscriber/share/publisher_subscriber/package.bash'
[1.452s] [34mcolcon.colcon_core.shell[0m [1;30mINFO[0m Creating package script '/home/ziad/Ziad_WS/ROS2/work_space/install/publisher_subscriber/share/publisher_subscriber/package.zsh'
[1.452s] [34mcolcon.colcon_core.environment[0m [1;30mLevel 1[0m create_file_with_runtime_dependencies(/home/ziad/Ziad_WS/ROS2/work_space/install/publisher_subscriber/share/colcon-core/packages/publisher_subscriber)
[1.453s] [34mcolcon.colcon_ros.task.ament_cmake.build[0m [1;30mINFO[0m Building ROS package in '/home/ziad/Ziad_WS/ROS2/work_space/src/turtlebot3_custom' with build type 'ament_cmake'
[1.453s] [34mcolcon.colcon_cmake.task.cmake.build[0m [1;30mINFO[0m Building CMake package in '/home/ziad/Ziad_WS/ROS2/work_space/src/turtlebot3_custom'
[1.453s] [34mcolcon.colcon_core.shell[0m [1;30mINFO[0m Skip shell extension 'powershell' for command environment: Not usable outside of PowerShell
[1.453s] [34mcolcon.colcon_core.shell[0m [1;30mDEBUG[0m [32mSkip shell extension 'dsv' for command environment[0m
[1.470s] [34mcolcon.colcon_core.event_handler.log_command[0m [1;30mDEBUG[0m [32mInvoking command in '/home/ziad/Ziad_WS/ROS2/work_space/build/turtlebot3_custom': CMAKE_PREFIX_PATH=${CMAKE_PREFIX_PATH}:/opt/ros/humble /usr/bin/cmake --build /home/ziad/Ziad_WS/ROS2/work_space/build/turtlebot3_custom -- -j4 -l4[0m
[1.509s] [34mcolcon.colcon_core.event_handler.log_command[0m [1;30mDEBUG[0m [32mInvoked command in '/home/ziad/Ziad_WS/ROS2/work_space/build/ros2_urdf' returned '0': CMAKE_PREFIX_PATH=${CMAKE_PREFIX_PATH}:/opt/ros/humble /usr/bin/cmake --build /home/ziad/Ziad_WS/ROS2/work_space/build/ros2_urdf -- -j4 -l4[0m
[1.512s] [34mcolcon.colcon_core.event_handler.log_command[0m [1;30mDEBUG[0m [32mInvoking command in '/home/ziad/Ziad_WS/ROS2/work_space/build/ros2_urdf': CMAKE_PREFIX_PATH=${CMAKE_PREFIX_PATH}:/opt/ros/humble /usr/bin/cmake --install /home/ziad/Ziad_WS/ROS2/work_space/build/ros2_urdf[0m
[1.540s] [34mcolcon.colcon_core.environment[0m [1;30mLevel 1[0m create_environment_scripts_only(ros2_urdf)
[1.541s] [34mcolcon.colcon_core.event_handler.log_command[0m [1;30mDEBUG[0m [32mInvoked command in '/home/ziad/Ziad_WS/ROS2/work_space/build/ros2_urdf' returned '0': CMAKE_PREFIX_PATH=${CMAKE_PREFIX_PATH}:/opt/ros/humble /usr/bin/cmake --install /home/ziad/Ziad_WS/ROS2/work_space/build/ros2_urdf[0m
[1.542s] [34mcolcon.colcon_core.environment[0m [1;30mLevel 1[0m checking '/home/ziad/Ziad_WS/ROS2/work_space/install/ros2_urdf' for CMake module files
[1.545s] [34mcolcon.colcon_core.environment[0m [1;30mLevel 1[0m checking '/home/ziad/Ziad_WS/ROS2/work_space/install/ros2_urdf' for CMake config files
[1.546s] [34mcolcon.colcon_core.shell[0m [1;30mLevel 1[0m create_environment_hook('ros2_urdf', 'cmake_prefix_path')
[1.547s] [34mcolcon.colcon_core.shell[0m [1;30mINFO[0m Creating environment hook '/home/ziad/Ziad_WS/ROS2/work_space/install/ros2_urdf/share/ros2_urdf/hook/cmake_prefix_path.ps1'
[1.548s] [34mcolcon.colcon_core.shell[0m [1;30mINFO[0m Creating environment descriptor '/home/ziad/Ziad_WS/ROS2/work_space/install/ros2_urdf/share/ros2_urdf/hook/cmake_prefix_path.dsv'
[1.549s] [34mcolcon.colcon_core.shell[0m [1;30mINFO[0m Creating environment hook '/home/ziad/Ziad_WS/ROS2/work_space/install/ros2_urdf/share/ros2_urdf/hook/cmake_prefix_path.sh'
[1.550s] [34mcolcon.colcon_core.environment[0m [1;30mLevel 1[0m checking '/home/ziad/Ziad_WS/ROS2/work_space/install/ros2_urdf/lib'
[1.551s] [34mcolcon.colcon_core.environment[0m [1;30mLevel 1[0m checking '/home/ziad/Ziad_WS/ROS2/work_space/install/ros2_urdf/bin'
[1.551s] [34mcolcon.colcon_core.environment[0m [1;30mLevel 1[0m checking '/home/ziad/Ziad_WS/ROS2/work_space/install/ros2_urdf/lib/pkgconfig/ros2_urdf.pc'
[1.551s] [34mcolcon.colcon_core.environment[0m [1;30mLevel 1[0m checking '/home/ziad/Ziad_WS/ROS2/work_space/install/ros2_urdf/lib/python3.10/site-packages'
[1.552s] [34mcolcon.colcon_core.environment[0m [1;30mLevel 1[0m checking '/home/ziad/Ziad_WS/ROS2/work_space/install/ros2_urdf/bin'
[1.552s] [34mcolcon.colcon_core.shell[0m [1;30mINFO[0m Creating package script '/home/ziad/Ziad_WS/ROS2/work_space/install/ros2_urdf/share/ros2_urdf/package.ps1'
[1.553s] [34mcolcon.colcon_core.shell[0m [1;30mINFO[0m Creating package descriptor '/home/ziad/Ziad_WS/ROS2/work_space/install/ros2_urdf/share/ros2_urdf/package.dsv'
[1.554s] [34mcolcon.colcon_core.shell[0m [1;30mINFO[0m Creating package script '/home/ziad/Ziad_WS/ROS2/work_space/install/ros2_urdf/share/ros2_urdf/package.sh'
[1.555s] [34mcolcon.colcon_core.shell[0m [1;30mINFO[0m Creating package script '/home/ziad/Ziad_WS/ROS2/work_space/install/ros2_urdf/share/ros2_urdf/package.bash'
[1.556s] [34mcolcon.colcon_core.shell[0m [1;30mINFO[0m Creating package script '/home/ziad/Ziad_WS/ROS2/work_space/install/ros2_urdf/share/ros2_urdf/package.zsh'
[1.556s] [34mcolcon.colcon_core.environment[0m [1;30mLevel 1[0m create_file_with_runtime_dependencies(/home/ziad/Ziad_WS/ROS2/work_space/install/ros2_urdf/share/colcon-core/packages/ros2_urdf)
[1.557s] [34mcolcon.colcon_core.environment[0m [1;30mLevel 1[0m create_environment_scripts_only(ros2_urdf)
[1.558s] [34mcolcon.colcon_core.environment[0m [1;30mLevel 1[0m checking '/home/ziad/Ziad_WS/ROS2/work_space/install/ros2_urdf' for CMake module files
[1.559s] [34mcolcon.colcon_core.environment[0m [1;30mLevel 1[0m checking '/home/ziad/Ziad_WS/ROS2/work_space/install/ros2_urdf' for CMake config files
[1.559s] [34mcolcon.colcon_core.shell[0m [1;30mLevel 1[0m create_environment_hook('ros2_urdf', 'cmake_prefix_path')
[1.560s] [34mcolcon.colcon_core.shell[0m [1;30mINFO[0m Creating environment hook '/home/ziad/Ziad_WS/ROS2/work_space/install/ros2_urdf/share/ros2_urdf/hook/cmake_prefix_path.ps1'
[1.561s] [34mcolcon.colcon_core.shell[0m [1;30mINFO[0m Creating environment descriptor '/home/ziad/Ziad_WS/ROS2/work_space/install/ros2_urdf/share/ros2_urdf/hook/cmake_prefix_path.dsv'
[1.562s] [34mcolcon.colcon_core.shell[0m [1;30mINFO[0m Creating environment hook '/home/ziad/Ziad_WS/ROS2/work_space/install/ros2_urdf/share/ros2_urdf/hook/cmake_prefix_path.sh'
[1.562s] [34mcolcon.colcon_core.environment[0m [1;30mLevel 1[0m checking '/home/ziad/Ziad_WS/ROS2/work_space/install/ros2_urdf/lib'
[1.563s] [34mcolcon.colcon_core.environment[0m [1;30mLevel 1[0m checking '/home/ziad/Ziad_WS/ROS2/work_space/install/ros2_urdf/bin'
[1.563s] [34mcolcon.colcon_core.environment[0m [1;30mLevel 1[0m checking '/home/ziad/Ziad_WS/ROS2/work_space/install/ros2_urdf/lib/pkgconfig/ros2_urdf.pc'
[1.563s] [34mcolcon.colcon_core.environment[0m [1;30mLevel 1[0m checking '/home/ziad/Ziad_WS/ROS2/work_space/install/ros2_urdf/lib/python3.10/site-packages'
[1.563s] [34mcolcon.colcon_core.environment[0m [1;30mLevel 1[0m checking '/home/ziad/Ziad_WS/ROS2/work_space/install/ros2_urdf/bin'
[1.564s] [34mcolcon.colcon_core.shell[0m [1;30mINFO[0m Creating package script '/home/ziad/Ziad_WS/ROS2/work_space/install/ros2_urdf/share/ros2_urdf/package.ps1'
[1.564s] [34mcolcon.colcon_core.shell[0m [1;30mINFO[0m Creating package descriptor '/home/ziad/Ziad_WS/ROS2/work_space/install/ros2_urdf/share/ros2_urdf/package.dsv'
[1.565s] [34mcolcon.colcon_core.shell[0m [1;30mINFO[0m Creating package script '/home/ziad/Ziad_WS/ROS2/work_space/install/ros2_urdf/share/ros2_urdf/package.sh'
[1.566s] [34mcolcon.colcon_core.shell[0m [1;30mINFO[0m Creating package script '/home/ziad/Ziad_WS/ROS2/work_space/install/ros2_urdf/share/ros2_urdf/package.bash'
[1.566s] [34mcolcon.colcon_core.shell[0m [1;30mINFO[0m Creating package script '/home/ziad/Ziad_WS/ROS2/work_space/install/ros2_urdf/share/ros2_urdf/package.zsh'
[1.567s] [34mcolcon.colcon_core.environment[0m [1;30mLevel 1[0m create_file_with_runtime_dependencies(/home/ziad/Ziad_WS/ROS2/work_space/install/ros2_urdf/share/colcon-core/packages/ros2_urdf)
[1.568s] [34mcolcon.colcon_ros.task.ament_cmake.build[0m [1;30mINFO[0m Building ROS package in '/home/ziad/Ziad_WS/ROS2/work_space/src/Universal_Robots_ROS2_Gazebo_Simulation/ur_simulation_gazebo' with build type 'ament_cmake'
[1.569s] [34mcolcon.colcon_cmake.task.cmake.build[0m [1;30mINFO[0m Building CMake package in '/home/ziad/Ziad_WS/ROS2/work_space/src/Universal_Robots_ROS2_Gazebo_Simulation/ur_simulation_gazebo'
[1.569s] [34mcolcon.colcon_core.shell[0m [1;30mINFO[0m Skip shell extension 'powershell' for command environment: Not usable outside of PowerShell
[1.569s] [34mcolcon.colcon_core.shell[0m [1;30mDEBUG[0m [32mSkip shell extension 'dsv' for command environment[0m
[1.583s] [34mcolcon.colcon_core.event_handler.log_command[0m [1;30mDEBUG[0m [32mInvoking command in '/home/ziad/Ziad_WS/ROS2/work_space/build/ur_simulation_gazebo': CMAKE_PREFIX_PATH=${CMAKE_PREFIX_PATH}:/opt/ros/humble /usr/bin/cmake --build /home/ziad/Ziad_WS/ROS2/work_space/build/ur_simulation_gazebo -- -j4 -l4[0m
[1.665s] [34mcolcon.colcon_core.event_handler.log_command[0m [1;30mDEBUG[0m [32mInvoked command in '/home/ziad/Ziad_WS/ROS2/work_space/build/ur_simulation_gazebo' returned '0': CMAKE_PREFIX_PATH=${CMAKE_PREFIX_PATH}:/opt/ros/humble /usr/bin/cmake --build /home/ziad/Ziad_WS/ROS2/work_space/build/ur_simulation_gazebo -- -j4 -l4[0m
[1.669s] [34mcolcon.colcon_core.event_handler.log_command[0m [1;30mDEBUG[0m [32mInvoking command in '/home/ziad/Ziad_WS/ROS2/work_space/build/ur_simulation_gazebo': CMAKE_PREFIX_PATH=${CMAKE_PREFIX_PATH}:/opt/ros/humble /usr/bin/cmake --install /home/ziad/Ziad_WS/ROS2/work_space/build/ur_simulation_gazebo[0m
[1.694s] [34mcolcon.colcon_core.environment[0m [1;30mLevel 1[0m create_environment_scripts_only(ur_simulation_gazebo)
[1.694s] [34mcolcon.colcon_core.environment[0m [1;30mLevel 1[0m checking '/home/ziad/Ziad_WS/ROS2/work_space/install/ur_simulation_gazebo' for CMake module files
[1.696s] [34mcolcon.colcon_core.event_handler.log_command[0m [1;30mDEBUG[0m [32mInvoked command in '/home/ziad/Ziad_WS/ROS2/work_space/build/ur_simulation_gazebo' returned '0': CMAKE_PREFIX_PATH=${CMAKE_PREFIX_PATH}:/opt/ros/humble /usr/bin/cmake --install /home/ziad/Ziad_WS/ROS2/work_space/build/ur_simulation_gazebo[0m
[1.696s] [34mcolcon.colcon_core.environment[0m [1;30mLevel 1[0m checking '/home/ziad/Ziad_WS/ROS2/work_space/install/ur_simulation_gazebo' for CMake config files
[1.697s] [34mcolcon.colcon_core.shell[0m [1;30mLevel 1[0m create_environment_hook('ur_simulation_gazebo', 'cmake_prefix_path')
[1.698s] [34mcolcon.colcon_core.shell[0m [1;30mINFO[0m Creating environment hook '/home/ziad/Ziad_WS/ROS2/work_space/install/ur_simulation_gazebo/share/ur_simulation_gazebo/hook/cmake_prefix_path.ps1'
[1.698s] [34mcolcon.colcon_core.shell[0m [1;30mINFO[0m Creating environment descriptor '/home/ziad/Ziad_WS/ROS2/work_space/install/ur_simulation_gazebo/share/ur_simulation_gazebo/hook/cmake_prefix_path.dsv'
[1.699s] [34mcolcon.colcon_core.shell[0m [1;30mINFO[0m Creating environment hook '/home/ziad/Ziad_WS/ROS2/work_space/install/ur_simulation_gazebo/share/ur_simulation_gazebo/hook/cmake_prefix_path.sh'
[1.700s] [34mcolcon.colcon_core.environment[0m [1;30mLevel 1[0m checking '/home/ziad/Ziad_WS/ROS2/work_space/install/ur_simulation_gazebo/bin'
[1.700s] [34mcolcon.colcon_core.environment[0m [1;30mLevel 1[0m checking '/home/ziad/Ziad_WS/ROS2/work_space/install/ur_simulation_gazebo/lib/pkgconfig/ur_simulation_gazebo.pc'
[1.701s] [34mcolcon.colcon_core.environment[0m [1;30mLevel 1[0m checking '/home/ziad/Ziad_WS/ROS2/work_space/install/ur_simulation_gazebo/lib/python3.10/site-packages'
[1.702s] [34mcolcon.colcon_core.environment[0m [1;30mLevel 1[0m checking '/home/ziad/Ziad_WS/ROS2/work_space/install/ur_simulation_gazebo/bin'
[1.702s] [34mcolcon.colcon_core.shell[0m [1;30mINFO[0m Creating package script '/home/ziad/Ziad_WS/ROS2/work_space/install/ur_simulation_gazebo/share/ur_simulation_gazebo/package.ps1'
[1.704s] [34mcolcon.colcon_core.shell[0m [1;30mINFO[0m Creating package descriptor '/home/ziad/Ziad_WS/ROS2/work_space/install/ur_simulation_gazebo/share/ur_simulation_gazebo/package.dsv'
[1.705s] [34mcolcon.colcon_core.shell[0m [1;30mINFO[0m Creating package script '/home/ziad/Ziad_WS/ROS2/work_space/install/ur_simulation_gazebo/share/ur_simulation_gazebo/package.sh'
[1.707s] [34mcolcon.colcon_core.shell[0m [1;30mINFO[0m Creating package script '/home/ziad/Ziad_WS/ROS2/work_space/install/ur_simulation_gazebo/share/ur_simulation_gazebo/package.bash'
[1.708s] [34mcolcon.colcon_core.shell[0m [1;30mINFO[0m Creating package script '/home/ziad/Ziad_WS/ROS2/work_space/install/ur_simulation_gazebo/share/ur_simulation_gazebo/package.zsh'
[1.709s] [34mcolcon.colcon_core.environment[0m [1;30mLevel 1[0m create_file_with_runtime_dependencies(/home/ziad/Ziad_WS/ROS2/work_space/install/ur_simulation_gazebo/share/colcon-core/packages/ur_simulation_gazebo)
[1.710s] [34mcolcon.colcon_core.environment[0m [1;30mLevel 1[0m create_environment_scripts_only(ur_simulation_gazebo)
[1.711s] [34mcolcon.colcon_core.environment[0m [1;30mLevel 1[0m checking '/home/ziad/Ziad_WS/ROS2/work_space/install/ur_simulation_gazebo' for CMake module files
[1.712s] [34mcolcon.colcon_core.environment[0m [1;30mLevel 1[0m checking '/home/ziad/Ziad_WS/ROS2/work_space/install/ur_simulation_gazebo' for CMake config files
[1.713s] [34mcolcon.colcon_core.shell[0m [1;30mLevel 1[0m create_environment_hook('ur_simulation_gazebo', 'cmake_prefix_path')
[1.714s] [34mcolcon.colcon_core.shell[0m [1;30mINFO[0m Creating environment hook '/home/ziad/Ziad_WS/ROS2/work_space/install/ur_simulation_gazebo/share/ur_simulation_gazebo/hook/cmake_prefix_path.ps1'
[1.715s] [34mcolcon.colcon_core.shell[0m [1;30mINFO[0m Creating environment descriptor '/home/ziad/Ziad_WS/ROS2/work_space/install/ur_simulation_gazebo/share/ur_simulation_gazebo/hook/cmake_prefix_path.dsv'
[1.716s] [34mcolcon.colcon_core.shell[0m [1;30mINFO[0m Creating environment hook '/home/ziad/Ziad_WS/ROS2/work_space/install/ur_simulation_gazebo/share/ur_simulation_gazebo/hook/cmake_prefix_path.sh'
[1.717s] [34mcolcon.colcon_core.environment[0m [1;30mLevel 1[0m checking '/home/ziad/Ziad_WS/ROS2/work_space/install/ur_simulation_gazebo/bin'
[1.718s] [34mcolcon.colcon_core.environment[0m [1;30mLevel 1[0m checking '/home/ziad/Ziad_WS/ROS2/work_space/install/ur_simulation_gazebo/lib/pkgconfig/ur_simulation_gazebo.pc'
[1.718s] [34mcolcon.colcon_core.environment[0m [1;30mLevel 1[0m checking '/home/ziad/Ziad_WS/ROS2/work_space/install/ur_simulation_gazebo/lib/python3.10/site-packages'
[1.718s] [34mcolcon.colcon_core.environment[0m [1;30mLevel 1[0m checking '/home/ziad/Ziad_WS/ROS2/work_space/install/ur_simulation_gazebo/bin'
[1.719s] [34mcolcon.colcon_core.shell[0m [1;30mINFO[0m Creating package script '/home/ziad/Ziad_WS/ROS2/work_space/install/ur_simulation_gazebo/share/ur_simulation_gazebo/package.ps1'
[1.720s] [34mcolcon.colcon_core.shell[0m [1;30mINFO[0m Creating package descriptor '/home/ziad/Ziad_WS/ROS2/work_space/install/ur_simulation_gazebo/share/ur_simulation_gazebo/package.dsv'
[1.723s] [34mcolcon.colcon_core.shell[0m [1;30mINFO[0m Creating package script '/home/ziad/Ziad_WS/ROS2/work_space/install/ur_simulation_gazebo/share/ur_simulation_gazebo/package.sh'
[1.724s] [34mcolcon.colcon_core.shell[0m [1;30mINFO[0m Creating package script '/home/ziad/Ziad_WS/ROS2/work_space/install/ur_simulation_gazebo/share/ur_simulation_gazebo/package.bash'
[1.725s] [34mcolcon.colcon_core.shell[0m [1;30mINFO[0m Creating package script '/home/ziad/Ziad_WS/ROS2/work_space/install/ur_simulation_gazebo/share/ur_simulation_gazebo/package.zsh'
[1.726s] [34mcolcon.colcon_core.environment[0m [1;30mLevel 1[0m create_file_with_runtime_dependencies(/home/ziad/Ziad_WS/ROS2/work_space/install/ur_simulation_gazebo/share/colcon-core/packages/ur_simulation_gazebo)
[3.732s] [34mcolcon.colcon_core.event_handler.log_command[0m [1;30mDEBUG[0m [32mInvoked command in '/home/ziad/Ziad_WS/ROS2/work_space/build/turtlebot3_custom' returned '0': CMAKE_PREFIX_PATH=${CMAKE_PREFIX_PATH}:/opt/ros/humble /usr/bin/cmake --build /home/ziad/Ziad_WS/ROS2/work_space/build/turtlebot3_custom -- -j4 -l4[0m
[3.736s] [34mcolcon.colcon_core.event_handler.log_command[0m [1;30mDEBUG[0m [32mInvoking command in '/home/ziad/Ziad_WS/ROS2/work_space/build/turtlebot3_custom': CMAKE_PREFIX_PATH=${CMAKE_PREFIX_PATH}:/opt/ros/humble /usr/bin/cmake --install /home/ziad/Ziad_WS/ROS2/work_space/build/turtlebot3_custom[0m
[3.772s] [34mcolcon.colcon_core.event_handler.log_command[0m [1;30mDEBUG[0m [32mInvoked command in '/home/ziad/Ziad_WS/ROS2/work_space/build/services_actions' returned '0': CMAKE_PREFIX_PATH=${CMAKE_PREFIX_PATH}:/opt/ros/humble /usr/bin/cmake --build /home/ziad/Ziad_WS/ROS2/work_space/build/services_actions -- -j4 -l4[0m
[3.775s] [34mcolcon.colcon_core.event_handler.log_command[0m [1;30mDEBUG[0m [32mInvoking command in '/home/ziad/Ziad_WS/ROS2/work_space/build/services_actions': CMAKE_PREFIX_PATH=${CMAKE_PREFIX_PATH}:/opt/ros/humble /usr/bin/cmake --install /home/ziad/Ziad_WS/ROS2/work_space/build/services_actions[0m
[3.880s] [34mcolcon.colcon_core.environment[0m [1;30mLevel 1[0m create_environment_scripts_only(turtlebot3_custom)
[3.880s] [34mcolcon.colcon_core.environment[0m [1;30mLevel 1[0m checking '/home/ziad/Ziad_WS/ROS2/work_space/install/turtlebot3_custom' for CMake module files
[3.882s] [34mcolcon.colcon_core.event_handler.log_command[0m [1;30mDEBUG[0m [32mInvoked command in '/home/ziad/Ziad_WS/ROS2/work_space/build/turtlebot3_custom' returned '0': CMAKE_PREFIX_PATH=${CMAKE_PREFIX_PATH}:/opt/ros/humble /usr/bin/cmake --install /home/ziad/Ziad_WS/ROS2/work_space/build/turtlebot3_custom[0m
[3.883s] [34mcolcon.colcon_core.environment[0m [1;30mLevel 1[0m checking '/home/ziad/Ziad_WS/ROS2/work_space/install/turtlebot3_custom' for CMake config files
[3.885s] [34mcolcon.colcon_core.shell[0m [1;30mLevel 1[0m create_environment_hook('turtlebot3_custom', 'cmake_prefix_path')
[3.886s] [34mcolcon.colcon_core.shell[0m [1;30mINFO[0m Creating environment hook '/home/ziad/Ziad_WS/ROS2/work_space/install/turtlebot3_custom/share/turtlebot3_custom/hook/cmake_prefix_path.ps1'
[3.887s] [34mcolcon.colcon_core.shell[0m [1;30mINFO[0m Creating environment descriptor '/home/ziad/Ziad_WS/ROS2/work_space/install/turtlebot3_custom/share/turtlebot3_custom/hook/cmake_prefix_path.dsv'
[3.887s] [34mcolcon.colcon_core.shell[0m [1;30mINFO[0m Creating environment hook '/home/ziad/Ziad_WS/ROS2/work_space/install/turtlebot3_custom/share/turtlebot3_custom/hook/cmake_prefix_path.sh'
[3.888s] [34mcolcon.colcon_core.environment[0m [1;30mLevel 1[0m checking '/home/ziad/Ziad_WS/ROS2/work_space/install/turtlebot3_custom/lib'
[3.888s] [34mcolcon.colcon_core.shell[0m [1;30mLevel 1[0m create_environment_hook('turtlebot3_custom', 'ld_library_path_lib')
[3.889s] [34mcolcon.colcon_core.shell[0m [1;30mINFO[0m Creating environment hook '/home/ziad/Ziad_WS/ROS2/work_space/install/turtlebot3_custom/share/turtlebot3_custom/hook/ld_library_path_lib.ps1'
[3.890s] [34mcolcon.colcon_core.shell[0m [1;30mINFO[0m Creating environment descriptor '/home/ziad/Ziad_WS/ROS2/work_space/install/turtlebot3_custom/share/turtlebot3_custom/hook/ld_library_path_lib.dsv'
[3.890s] [34mcolcon.colcon_core.shell[0m [1;30mINFO[0m Creating environment hook '/home/ziad/Ziad_WS/ROS2/work_space/install/turtlebot3_custom/share/turtlebot3_custom/hook/ld_library_path_lib.sh'
[3.891s] [34mcolcon.colcon_core.environment[0m [1;30mLevel 1[0m checking '/home/ziad/Ziad_WS/ROS2/work_space/install/turtlebot3_custom/bin'
[3.891s] [34mcolcon.colcon_core.environment[0m [1;30mLevel 1[0m checking '/home/ziad/Ziad_WS/ROS2/work_space/install/turtlebot3_custom/lib/pkgconfig/turtlebot3_custom.pc'
[3.892s] [34mcolcon.colcon_core.environment[0m [1;30mLevel 1[0m checking '/home/ziad/Ziad_WS/ROS2/work_space/install/turtlebot3_custom/lib/python3.10/site-packages'
[3.892s] [34mcolcon.colcon_core.environment[0m [1;30mLevel 1[0m checking '/home/ziad/Ziad_WS/ROS2/work_space/install/turtlebot3_custom/bin'
[3.893s] [34mcolcon.colcon_core.shell[0m [1;30mINFO[0m Creating package script '/home/ziad/Ziad_WS/ROS2/work_space/install/turtlebot3_custom/share/turtlebot3_custom/package.ps1'
[3.894s] [34mcolcon.colcon_core.shell[0m [1;30mINFO[0m Creating package descriptor '/home/ziad/Ziad_WS/ROS2/work_space/install/turtlebot3_custom/share/turtlebot3_custom/package.dsv'
[3.896s] [34mcolcon.colcon_core.shell[0m [1;30mINFO[0m Creating package script '/home/ziad/Ziad_WS/ROS2/work_space/install/turtlebot3_custom/share/turtlebot3_custom/package.sh'
[3.898s] [34mcolcon.colcon_core.shell[0m [1;30mINFO[0m Creating package script '/home/ziad/Ziad_WS/ROS2/work_space/install/turtlebot3_custom/share/turtlebot3_custom/package.bash'
[3.899s] [34mcolcon.colcon_core.shell[0m [1;30mINFO[0m Creating package script '/home/ziad/Ziad_WS/ROS2/work_space/install/turtlebot3_custom/share/turtlebot3_custom/package.zsh'
[3.902s] [34mcolcon.colcon_core.environment[0m [1;30mLevel 1[0m create_file_with_runtime_dependencies(/home/ziad/Ziad_WS/ROS2/work_space/install/turtlebot3_custom/share/colcon-core/packages/turtlebot3_custom)
[3.904s] [34mcolcon.colcon_core.environment[0m [1;30mLevel 1[0m create_environment_scripts_only(turtlebot3_custom)
[3.904s] [34mcolcon.colcon_core.environment[0m [1;30mLevel 1[0m checking '/home/ziad/Ziad_WS/ROS2/work_space/install/turtlebot3_custom' for CMake module files
[3.906s] [34mcolcon.colcon_core.environment[0m [1;30mLevel 1[0m checking '/home/ziad/Ziad_WS/ROS2/work_space/install/turtlebot3_custom' for CMake config files
[3.909s] [34mcolcon.colcon_core.shell[0m [1;30mLevel 1[0m create_environment_hook('turtlebot3_custom', 'cmake_prefix_path')
[3.910s] [34mcolcon.colcon_core.shell[0m [1;30mINFO[0m Creating environment hook '/home/ziad/Ziad_WS/ROS2/work_space/install/turtlebot3_custom/share/turtlebot3_custom/hook/cmake_prefix_path.ps1'
[3.910s] [34mcolcon.colcon_core.shell[0m [1;30mINFO[0m Creating environment descriptor '/home/ziad/Ziad_WS/ROS2/work_space/install/turtlebot3_custom/share/turtlebot3_custom/hook/cmake_prefix_path.dsv'
[3.911s] [34mcolcon.colcon_core.shell[0m [1;30mINFO[0m Creating environment hook '/home/ziad/Ziad_WS/ROS2/work_space/install/turtlebot3_custom/share/turtlebot3_custom/hook/cmake_prefix_path.sh'
[3.912s] [34mcolcon.colcon_core.environment[0m [1;30mLevel 1[0m checking '/home/ziad/Ziad_WS/ROS2/work_space/install/turtlebot3_custom/lib'
[3.912s] [34mcolcon.colcon_core.shell[0m [1;30mLevel 1[0m create_environment_hook('turtlebot3_custom', 'ld_library_path_lib')
[3.912s] [34mcolcon.colcon_core.shell[0m [1;30mINFO[0m Creating environment hook '/home/ziad/Ziad_WS/ROS2/work_space/install/turtlebot3_custom/share/turtlebot3_custom/hook/ld_library_path_lib.ps1'
[3.913s] [34mcolcon.colcon_core.shell[0m [1;30mINFO[0m Creating environment descriptor '/home/ziad/Ziad_WS/ROS2/work_space/install/turtlebot3_custom/share/turtlebot3_custom/hook/ld_library_path_lib.dsv'
[3.913s] [34mcolcon.colcon_core.shell[0m [1;30mINFO[0m Creating environment hook '/home/ziad/Ziad_WS/ROS2/work_space/install/turtlebot3_custom/share/turtlebot3_custom/hook/ld_library_path_lib.sh'
[3.914s] [34mcolcon.colcon_core.environment[0m [1;30mLevel 1[0m checking '/home/ziad/Ziad_WS/ROS2/work_space/install/turtlebot3_custom/bin'
[3.914s] [34mcolcon.colcon_core.environment[0m [1;30mLevel 1[0m checking '/home/ziad/Ziad_WS/ROS2/work_space/install/turtlebot3_custom/lib/pkgconfig/turtlebot3_custom.pc'
[3.914s] [34mcolcon.colcon_core.environment[0m [1;30mLevel 1[0m checking '/home/ziad/Ziad_WS/ROS2/work_space/install/turtlebot3_custom/lib/python3.10/site-packages'
[3.914s] [34mcolcon.colcon_core.environment[0m [1;30mLevel 1[0m checking '/home/ziad/Ziad_WS/ROS2/work_space/install/turtlebot3_custom/bin'
[3.915s] [34mcolcon.colcon_core.shell[0m [1;30mINFO[0m Creating package script '/home/ziad/Ziad_WS/ROS2/work_space/install/turtlebot3_custom/share/turtlebot3_custom/package.ps1'
[3.915s] [34mcolcon.colcon_core.shell[0m [1;30mINFO[0m Creating package descriptor '/home/ziad/Ziad_WS/ROS2/work_space/install/turtlebot3_custom/share/turtlebot3_custom/package.dsv'
[3.916s] [34mcolcon.colcon_core.shell[0m [1;30mINFO[0m Creating package script '/home/ziad/Ziad_WS/ROS2/work_space/install/turtlebot3_custom/share/turtlebot3_custom/package.sh'
[3.916s] [34mcolcon.colcon_core.shell[0m [1;30mINFO[0m Creating package script '/home/ziad/Ziad_WS/ROS2/work_space/install/turtlebot3_custom/share/turtlebot3_custom/package.bash'
[3.917s] [34mcolcon.colcon_core.shell[0m [1;30mINFO[0m Creating package script '/home/ziad/Ziad_WS/ROS2/work_space/install/turtlebot3_custom/share/turtlebot3_custom/package.zsh'
[3.917s] [34mcolcon.colcon_core.environment[0m [1;30mLevel 1[0m create_file_with_runtime_dependencies(/home/ziad/Ziad_WS/ROS2/work_space/install/turtlebot3_custom/share/colcon-core/packages/turtlebot3_custom)
[3.919s] [34mcolcon.colcon_core.environment[0m [1;30mLevel 1[0m create_environment_scripts_only(services_actions)
[3.919s] [34mcolcon.colcon_core.environment[0m [1;30mLevel 1[0m checking '/home/ziad/Ziad_WS/ROS2/work_space/install/services_actions' for CMake module files
[3.920s] [34mcolcon.colcon_core.event_handler.log_command[0m [1;30mDEBUG[0m [32mInvoked command in '/home/ziad/Ziad_WS/ROS2/work_space/build/services_actions' returned '0': CMAKE_PREFIX_PATH=${CMAKE_PREFIX_PATH}:/opt/ros/humble /usr/bin/cmake --install /home/ziad/Ziad_WS/ROS2/work_space/build/services_actions[0m
[3.921s] [34mcolcon.colcon_core.environment[0m [1;30mLevel 1[0m checking '/home/ziad/Ziad_WS/ROS2/work_space/install/services_actions' for CMake config files
[3.923s] [34mcolcon.colcon_core.shell[0m [1;30mLevel 1[0m create_environment_hook('services_actions', 'cmake_prefix_path')
[3.923s] [34mcolcon.colcon_core.shell[0m [1;30mINFO[0m Creating environment hook '/home/ziad/Ziad_WS/ROS2/work_space/install/services_actions/share/services_actions/hook/cmake_prefix_path.ps1'
[3.924s] [34mcolcon.colcon_core.shell[0m [1;30mINFO[0m Creating environment descriptor '/home/ziad/Ziad_WS/ROS2/work_space/install/services_actions/share/services_actions/hook/cmake_prefix_path.dsv'
[3.925s] [34mcolcon.colcon_core.shell[0m [1;30mINFO[0m Creating environment hook '/home/ziad/Ziad_WS/ROS2/work_space/install/services_actions/share/services_actions/hook/cmake_prefix_path.sh'
[3.926s] [34mcolcon.colcon_core.environment[0m [1;30mLevel 1[0m checking '/home/ziad/Ziad_WS/ROS2/work_space/install/services_actions/lib'
[3.926s] [34mcolcon.colcon_core.shell[0m [1;30mLevel 1[0m create_environment_hook('services_actions', 'ld_library_path_lib')
[3.927s] [34mcolcon.colcon_core.shell[0m [1;30mINFO[0m Creating environment hook '/home/ziad/Ziad_WS/ROS2/work_space/install/services_actions/share/services_actions/hook/ld_library_path_lib.ps1'
[3.927s] [34mcolcon.colcon_core.shell[0m [1;30mINFO[0m Creating environment descriptor '/home/ziad/Ziad_WS/ROS2/work_space/install/services_actions/share/services_actions/hook/ld_library_path_lib.dsv'
[3.928s] [34mcolcon.colcon_core.shell[0m [1;30mINFO[0m Creating environment hook '/home/ziad/Ziad_WS/ROS2/work_space/install/services_actions/share/services_actions/hook/ld_library_path_lib.sh'
[3.929s] [34mcolcon.colcon_core.environment[0m [1;30mLevel 1[0m checking '/home/ziad/Ziad_WS/ROS2/work_space/install/services_actions/bin'
[3.929s] [34mcolcon.colcon_core.environment[0m [1;30mLevel 1[0m checking '/home/ziad/Ziad_WS/ROS2/work_space/install/services_actions/lib/pkgconfig/services_actions.pc'
[3.929s] [34mcolcon.colcon_core.environment[0m [1;30mLevel 1[0m checking '/home/ziad/Ziad_WS/ROS2/work_space/install/services_actions/lib/python3.10/site-packages'
[3.930s] [34mcolcon.colcon_core.environment[0m [1;30mLevel 1[0m checking '/home/ziad/Ziad_WS/ROS2/work_space/install/services_actions/bin'
[3.931s] [34mcolcon.colcon_core.shell[0m [1;30mINFO[0m Creating package script '/home/ziad/Ziad_WS/ROS2/work_space/install/services_actions/share/services_actions/package.ps1'
[3.932s] [34mcolcon.colcon_core.shell[0m [1;30mINFO[0m Creating package descriptor '/home/ziad/Ziad_WS/ROS2/work_space/install/services_actions/share/services_actions/package.dsv'
[3.932s] [34mcolcon.colcon_core.shell[0m [1;30mINFO[0m Creating package script '/home/ziad/Ziad_WS/ROS2/work_space/install/services_actions/share/services_actions/package.sh'
[3.933s] [34mcolcon.colcon_core.shell[0m [1;30mINFO[0m Creating package script '/home/ziad/Ziad_WS/ROS2/work_space/install/services_actions/share/services_actions/package.bash'
[3.933s] [34mcolcon.colcon_core.shell[0m [1;30mINFO[0m Creating package script '/home/ziad/Ziad_WS/ROS2/work_space/install/services_actions/share/services_actions/package.zsh'
[3.934s] [34mcolcon.colcon_core.environment[0m [1;30mLevel 1[0m create_file_with_runtime_dependencies(/home/ziad/Ziad_WS/ROS2/work_space/install/services_actions/share/colcon-core/packages/services_actions)
[3.935s] [34mcolcon.colcon_core.environment[0m [1;30mLevel 1[0m create_environment_scripts_only(services_actions)
[3.935s] [34mcolcon.colcon_core.environment[0m [1;30mLevel 1[0m checking '/home/ziad/Ziad_WS/ROS2/work_space/install/services_actions' for CMake module files
[3.937s] [34mcolcon.colcon_core.environment[0m [1;30mLevel 1[0m checking '/home/ziad/Ziad_WS/ROS2/work_space/install/services_actions' for CMake config files
[3.938s] [34mcolcon.colcon_core.shell[0m [1;30mLevel 1[0m create_environment_hook('services_actions', 'cmake_prefix_path')
[3.938s] [34mcolcon.colcon_core.shell[0m [1;30mINFO[0m Creating environment hook '/home/ziad/Ziad_WS/ROS2/work_space/install/services_actions/share/services_actions/hook/cmake_prefix_path.ps1'
[3.939s] [34mcolcon.colcon_core.shell[0m [1;30mINFO[0m Creating environment descriptor '/home/ziad/Ziad_WS/ROS2/work_space/install/services_actions/share/services_actions/hook/cmake_prefix_path.dsv'
[3.940s] [34mcolcon.colcon_core.shell[0m [1;30mINFO[0m Creating environment hook '/home/ziad/Ziad_WS/ROS2/work_space/install/services_actions/share/services_actions/hook/cmake_prefix_path.sh'
[3.940s] [34mcolcon.colcon_core.environment[0m [1;30mLevel 1[0m checking '/home/ziad/Ziad_WS/ROS2/work_space/install/services_actions/lib'
[3.941s] [34mcolcon.colcon_core.shell[0m [1;30mLevel 1[0m create_environment_hook('services_actions', 'ld_library_path_lib')
[3.941s] [34mcolcon.colcon_core.shell[0m [1;30mINFO[0m Creating environment hook '/home/ziad/Ziad_WS/ROS2/work_space/install/services_actions/share/services_actions/hook/ld_library_path_lib.ps1'
[3.941s] [34mcolcon.colcon_core.shell[0m [1;30mINFO[0m Creating environment descriptor '/home/ziad/Ziad_WS/ROS2/work_space/install/services_actions/share/services_actions/hook/ld_library_path_lib.dsv'
[3.942s] [34mcolcon.colcon_core.shell[0m [1;30mINFO[0m Creating environment hook '/home/ziad/Ziad_WS/ROS2/work_space/install/services_actions/share/services_actions/hook/ld_library_path_lib.sh'
[3.942s] [34mcolcon.colcon_core.environment[0m [1;30mLevel 1[0m checking '/home/ziad/Ziad_WS/ROS2/work_space/install/services_actions/bin'
[3.942s] [34mcolcon.colcon_core.environment[0m [1;30mLevel 1[0m checking '/home/ziad/Ziad_WS/ROS2/work_space/install/services_actions/lib/pkgconfig/services_actions.pc'
[3.943s] [34mcolcon.colcon_core.environment[0m [1;30mLevel 1[0m checking '/home/ziad/Ziad_WS/ROS2/work_space/install/services_actions/lib/python3.10/site-packages'
[3.943s] [34mcolcon.colcon_core.environment[0m [1;30mLevel 1[0m checking '/home/ziad/Ziad_WS/ROS2/work_space/install/services_actions/bin'
[3.944s] [34mcolcon.colcon_core.shell[0m [1;30mINFO[0m Creating package script '/home/ziad/Ziad_WS/ROS2/work_space/install/services_actions/share/services_actions/package.ps1'
[3.945s] [34mcolcon.colcon_core.shell[0m [1;30mINFO[0m Creating package descriptor '/home/ziad/Ziad_WS/ROS2/work_space/install/services_actions/share/services_actions/package.dsv'
[3.946s] [34mcolcon.colcon_core.shell[0m [1;30mINFO[0m Creating package script '/home/ziad/Ziad_WS/ROS2/work_space/install/services_actions/share/services_actions/package.sh'
[3.947s] [34mcolcon.colcon_core.shell[0m [1;30mINFO[0m Creating package script '/home/ziad/Ziad_WS/ROS2/work_space/install/services_actions/share/services_actions/package.bash'
[3.948s] [34mcolcon.colcon_core.shell[0m [1;30mINFO[0m Creating package script '/home/ziad/Ziad_WS/ROS2/work_space/install/services_actions/share/services_actions/package.zsh'
[3.949s] [34mcolcon.colcon_core.environment[0m [1;30mLevel 1[0m create_file_with_runtime_dependencies(/home/ziad/Ziad_WS/ROS2/work_space/install/services_actions/share/colcon-core/packages/services_actions)
[6.439s] [34mcolcon.colcon_core.event_handler.log_command[0m [1;30mDEBUG[0m [32mInvoked command in '/home/ziad/Ziad_WS/ROS2/work_space/build/custom_robot' returned '0': CMAKE_PREFIX_PATH=${CMAKE_PREFIX_PATH}:/opt/ros/humble /usr/bin/cmake /home/ziad/Ziad_WS/ROS2/work_space/custom_robot -DCMAKE_INSTALL_PREFIX=/home/ziad/Ziad_WS/ROS2/work_space/install/custom_robot[0m
[6.441s] [34mcolcon.colcon_core.event_handler.log_command[0m [1;30mDEBUG[0m [32mInvoking command in '/home/ziad/Ziad_WS/ROS2/work_space/build/custom_robot': CMAKE_PREFIX_PATH=${CMAKE_PREFIX_PATH}:/opt/ros/humble /usr/bin/cmake --build /home/ziad/Ziad_WS/ROS2/work_space/build/custom_robot -- -j4 -l4[0m
[6.497s] [34mcolcon.colcon_core.event_handler.log_command[0m [1;30mDEBUG[0m [32mInvoked command in '/home/ziad/Ziad_WS/ROS2/work_space/build/custom_robot' returned '0': CMAKE_PREFIX_PATH=${CMAKE_PREFIX_PATH}:/opt/ros/humble /usr/bin/cmake --build /home/ziad/Ziad_WS/ROS2/work_space/build/custom_robot -- -j4 -l4[0m
[6.500s] [34mcolcon.colcon_core.event_handler.log_command[0m [1;30mDEBUG[0m [32mInvoking command in '/home/ziad/Ziad_WS/ROS2/work_space/build/custom_robot': CMAKE_PREFIX_PATH=${CMAKE_PREFIX_PATH}:/opt/ros/humble /usr/bin/cmake --install /home/ziad/Ziad_WS/ROS2/work_space/build/custom_robot[0m
[6.513s] [34mcolcon.colcon_core.environment[0m [1;30mLevel 1[0m create_environment_scripts_only(custom_robot)
[6.514s] [34mcolcon.colcon_core.environment[0m [1;30mLevel 1[0m checking '/home/ziad/Ziad_WS/ROS2/work_space/install/custom_robot' for CMake module files
[6.515s] [34mcolcon.colcon_core.event_handler.log_command[0m [1;30mDEBUG[0m [32mInvoked command in '/home/ziad/Ziad_WS/ROS2/work_space/build/custom_robot' returned '0': CMAKE_PREFIX_PATH=${CMAKE_PREFIX_PATH}:/opt/ros/humble /usr/bin/cmake --install /home/ziad/Ziad_WS/ROS2/work_space/build/custom_robot[0m
[6.515s] [34mcolcon.colcon_core.environment[0m [1;30mLevel 1[0m checking '/home/ziad/Ziad_WS/ROS2/work_space/install/custom_robot' for CMake config files
[6.515s] [34mcolcon.colcon_core.shell[0m [1;30mLevel 1[0m create_environment_hook('custom_robot', 'cmake_prefix_path')
[6.515s] [34mcolcon.colcon_core.shell[0m [1;30mINFO[0m Creating environment hook '/home/ziad/Ziad_WS/ROS2/work_space/install/custom_robot/share/custom_robot/hook/cmake_prefix_path.ps1'
[6.516s] [34mcolcon.colcon_core.shell[0m [1;30mINFO[0m Creating environment descriptor '/home/ziad/Ziad_WS/ROS2/work_space/install/custom_robot/share/custom_robot/hook/cmake_prefix_path.dsv'
[6.516s] [34mcolcon.colcon_core.shell[0m [1;30mINFO[0m Creating environment hook '/home/ziad/Ziad_WS/ROS2/work_space/install/custom_robot/share/custom_robot/hook/cmake_prefix_path.sh'
[6.517s] [34mcolcon.colcon_core.environment[0m [1;30mLevel 1[0m checking '/home/ziad/Ziad_WS/ROS2/work_space/install/custom_robot/bin'
[6.517s] [34mcolcon.colcon_core.environment[0m [1;30mLevel 1[0m checking '/home/ziad/Ziad_WS/ROS2/work_space/install/custom_robot/lib/pkgconfig/custom_robot.pc'
[6.517s] [34mcolcon.colcon_core.environment[0m [1;30mLevel 1[0m checking '/home/ziad/Ziad_WS/ROS2/work_space/install/custom_robot/lib/python3.10/site-packages'
[6.518s] [34mcolcon.colcon_core.environment[0m [1;30mLevel 1[0m checking '/home/ziad/Ziad_WS/ROS2/work_space/install/custom_robot/bin'
[6.518s] [34mcolcon.colcon_core.shell[0m [1;30mINFO[0m Creating package script '/home/ziad/Ziad_WS/ROS2/work_space/install/custom_robot/share/custom_robot/package.ps1'
[6.518s] [34mcolcon.colcon_core.shell[0m [1;30mINFO[0m Creating package descriptor '/home/ziad/Ziad_WS/ROS2/work_space/install/custom_robot/share/custom_robot/package.dsv'
[6.519s] [34mcolcon.colcon_core.shell[0m [1;30mINFO[0m Creating package script '/home/ziad/Ziad_WS/ROS2/work_space/install/custom_robot/share/custom_robot/package.sh'
[6.519s] [34mcolcon.colcon_core.shell[0m [1;30mINFO[0m Creating package script '/home/ziad/Ziad_WS/ROS2/work_space/install/custom_robot/share/custom_robot/package.bash'
[6.520s] [34mcolcon.colcon_core.shell[0m [1;30mINFO[0m Creating package script '/home/ziad/Ziad_WS/ROS2/work_space/install/custom_robot/share/custom_robot/package.zsh'
[6.520s] [34mcolcon.colcon_core.environment[0m [1;30mLevel 1[0m create_file_with_runtime_dependencies(/home/ziad/Ziad_WS/ROS2/work_space/install/custom_robot/share/colcon-core/packages/custom_robot)
[6.521s] [34mcolcon.colcon_core.environment[0m [1;30mLevel 1[0m create_environment_scripts_only(custom_robot)
[6.521s] [34mcolcon.colcon_core.environment[0m [1;30mLevel 1[0m checking '/home/ziad/Ziad_WS/ROS2/work_space/install/custom_robot' for CMake module files
[6.522s] [34mcolcon.colcon_core.environment[0m [1;30mLevel 1[0m checking '/home/ziad/Ziad_WS/ROS2/work_space/install/custom_robot' for CMake config files
[6.522s] [34mcolcon.colcon_core.shell[0m [1;30mLevel 1[0m create_environment_hook('custom_robot', 'cmake_prefix_path')
[6.522s] [34mcolcon.colcon_core.shell[0m [1;30mINFO[0m Creating environment hook '/home/ziad/Ziad_WS/ROS2/work_space/install/custom_robot/share/custom_robot/hook/cmake_prefix_path.ps1'
[6.523s] [34mcolcon.colcon_core.shell[0m [1;30mINFO[0m Creating environment descriptor '/home/ziad/Ziad_WS/ROS2/work_space/install/custom_robot/share/custom_robot/hook/cmake_prefix_path.dsv'
[6.523s] [34mcolcon.colcon_core.shell[0m [1;30mINFO[0m Creating environment hook '/home/ziad/Ziad_WS/ROS2/work_space/install/custom_robot/share/custom_robot/hook/cmake_prefix_path.sh'
[6.524s] [34mcolcon.colcon_core.environment[0m [1;30mLevel 1[0m checking '/home/ziad/Ziad_WS/ROS2/work_space/install/custom_robot/bin'
[6.524s] [34mcolcon.colcon_core.environment[0m [1;30mLevel 1[0m checking '/home/ziad/Ziad_WS/ROS2/work_space/install/custom_robot/lib/pkgconfig/custom_robot.pc'
[6.524s] [34mcolcon.colcon_core.environment[0m [1;30mLevel 1[0m checking '/home/ziad/Ziad_WS/ROS2/work_space/install/custom_robot/lib/python3.10/site-packages'
[6.524s] [34mcolcon.colcon_core.environment[0m [1;30mLevel 1[0m checking '/home/ziad/Ziad_WS/ROS2/work_space/install/custom_robot/bin'
[6.525s] [34mcolcon.colcon_core.shell[0m [1;30mINFO[0m Creating package script '/home/ziad/Ziad_WS/ROS2/work_space/install/custom_robot/share/custom_robot/package.ps1'
[6.525s] [34mcolcon.colcon_core.shell[0m [1;30mINFO[0m Creating package descriptor '/home/ziad/Ziad_WS/ROS2/work_space/install/custom_robot/share/custom_robot/package.dsv'
[6.526s] [34mcolcon.colcon_core.shell[0m [1;30mINFO[0m Creating package script '/home/ziad/Ziad_WS/ROS2/work_space/install/custom_robot/share/custom_robot/package.sh'
[6.526s] [34mcolcon.colcon_core.shell[0m [1;30mINFO[0m Creating package script '/home/ziad/Ziad_WS/ROS2/work_space/install/custom_robot/share/custom_robot/package.bash'
[6.527s] [34mcolcon.colcon_core.shell[0m [1;30mINFO[0m Creating package script '/home/ziad/Ziad_WS/ROS2/work_space/install/custom_robot/share/custom_robot/package.zsh'
[6.527s] [34mcolcon.colcon_core.environment[0m [1;30mLevel 1[0m create_file_with_runtime_dependencies(/home/ziad/Ziad_WS/ROS2/work_space/install/custom_robot/share/colcon-core/packages/custom_robot)
[6.528s] [34mcolcon.colcon_parallel_executor.executor.parallel[0m [1;30mDEBUG[0m [32mclosing loop[0m
[6.528s] [34mcolcon.colcon_parallel_executor.executor.parallel[0m [1;30mDEBUG[0m [32mloop closed[0m
[6.528s] [34mcolcon.colcon_parallel_executor.executor.parallel[0m [1;30mDEBUG[0m [32mrun_until_complete finished with '0'[0m
[6.528s] [34mcolcon.colcon_core.event_reactor[0m [1;30mDEBUG[0m [32mjoining thread[0m
[6.547s] [34mcolcon.colcon_core.plugin_system[0m [1;30mINFO[0m Skipping extension 'colcon_notification.desktop_notification.terminal_notifier': Not used on non-Darwin systems
[6.547s] [34mcolcon.colcon_core.plugin_system[0m [1;30mINFO[0m Skipping extension 'colcon_notification.desktop_notification.win32': Not used on non-Windows systems
[6.547s] [34mcolcon.colcon_notification.desktop_notification[0m [1;30mINFO[0m Sending desktop notification using 'notify2'
[6.652s] [34mcolcon.colcon_core.event_reactor[0m [1;30mDEBUG[0m [32mjoined thread[0m
[6.653s] [34mcolcon.colcon_core.shell[0m [1;30mINFO[0m Creating prefix script '/home/ziad/Ziad_WS/ROS2/work_space/install/local_setup.ps1'
[6.654s] [34mcolcon.colcon_core.shell[0m [1;30mINFO[0m Creating prefix util module '/home/ziad/Ziad_WS/ROS2/work_space/install/_local_setup_util_ps1.py'
[6.656s] [34mcolcon.colcon_core.shell[0m [1;30mINFO[0m Creating prefix chain script '/home/ziad/Ziad_WS/ROS2/work_space/install/setup.ps1'
[6.658s] [34mcolcon.colcon_core.shell[0m [1;30mINFO[0m Creating prefix script '/home/ziad/Ziad_WS/ROS2/work_space/install/local_setup.sh'
[6.658s] [34mcolcon.colcon_core.shell[0m [1;30mINFO[0m Creating prefix util module '/home/ziad/Ziad_WS/ROS2/work_space/install/_local_setup_util_sh.py'
[6.659s] [34mcolcon.colcon_core.shell[0m [1;30mINFO[0m Creating prefix chain script '/home/ziad/Ziad_WS/ROS2/work_space/install/setup.sh'
[6.661s] [34mcolcon.colcon_core.shell[0m [1;30mINFO[0m Creating prefix script '/home/ziad/Ziad_WS/ROS2/work_space/install/local_setup.bash'
[6.661s] [34mcolcon.colcon_core.shell[0m [1;30mINFO[0m Creating prefix chain script '/home/ziad/Ziad_WS/ROS2/work_space/install/setup.bash'
[6.663s] [34mcolcon.colcon_core.shell[0m [1;30mINFO[0m Creating prefix script '/home/ziad/Ziad_WS/ROS2/work_space/install/local_setup.zsh'
[6.664s] [34mcolcon.colcon_core.shell[0m [1;30mINFO[0m Creating prefix chain script '/home/ziad/Ziad_WS/ROS2/work_space/install/setup.zsh'
