[0.346s] DEBUG:colcon:Command line arguments: ['/usr/bin/colcon', 'build']
[0.346s] DEBUG:colcon:Parsed command line arguments: Namespace(log_base=None, log_level=None, verb_name='build', build_base='build', install_base='install', merge_install=False, symlink_install=False, test_result_base=None, continue_on_error=False, executor='parallel', parallel_workers=4, event_handlers=None, ignore_user_meta=False, metas=['./colcon.meta'], base_paths=['.'], packages_ignore=None, packages_ignore_regex=None, paths=None, packages_up_to=None, packages_up_to_regex=None, packages_above=None, packages_above_and_dependencies=None, packages_above_depth=None, packages_select_by_dep=None, packages_skip_by_dep=None, packages_skip_up_to=None, packages_select_build_failed=False, packages_skip_build_finished=False, packages_select_test_failures=False, packages_skip_test_passed=False, packages_select=None, packages_skip=None, packages_select_regex=None, packages_skip_regex=None, packages_start=None, packages_end=None, allow_overriding=[], cmake_args=None, cmake_target=None, cmake_target_skip_unavailable=False, cmake_clean_cache=False, cmake_clean_first=False, cmake_force_configure=False, ament_cmake_args=None, catkin_cmake_args=None, catkin_skip_building_tests=False, mixin_files=None, mixin=None, verb_parser=<colcon_mixin.mixin.mixin_argument.MixinArgumentDecorator object at 0x79cad419ac00>, verb_extension=<colcon_core.verb.build.BuildVerb object at 0x79cad42bb080>, main=<bound method BuildVerb.main of <colcon_core.verb.build.BuildVerb object at 0x79cad42bb080>>, mixin_verb=('build',))
[0.430s] Level 1:colcon.colcon_core.package_discovery:discover_packages(colcon_meta) check parameters
[0.430s] Level 1:colcon.colcon_core.package_discovery:discover_packages(recursive) check parameters
[0.430s] Level 1:colcon.colcon_core.package_discovery:discover_packages(ignore) check parameters
[0.430s] Level 1:colcon.colcon_core.package_discovery:discover_packages(path) check parameters
[0.430s] Level 1:colcon.colcon_core.package_discovery:discover_packages(colcon_meta) discover
[0.431s] Level 1:colcon.colcon_core.package_discovery:discover_packages(recursive) discover
[0.431s] INFO:colcon.colcon_core.package_discovery:Crawling recursively for packages in '/home/ziad/ziad_ws/ROS2/work_space'
[0.431s] Level 1:colcon.colcon_core.package_identification:_identify(.) by extensions ['ignore', 'ignore_ament_install']
[0.431s] Level 1:colcon.colcon_core.package_identification:_identify(.) by extension 'ignore'
[0.431s] Level 1:colcon.colcon_core.package_identification:_identify(.) by extension 'ignore_ament_install'
[0.431s] Level 1:colcon.colcon_core.package_identification:_identify(.) by extensions ['colcon_pkg']
[0.431s] Level 1:colcon.colcon_core.package_identification:_identify(.) by extension 'colcon_pkg'
[0.431s] Level 1:colcon.colcon_core.package_identification:_identify(.) by extensions ['colcon_meta']
[0.431s] Level 1:colcon.colcon_core.package_identification:_identify(.) by extension 'colcon_meta'
[0.431s] Level 1:colcon.colcon_core.package_identification:_identify(.) by extensions ['ros']
[0.431s] Level 1:colcon.colcon_core.package_identification:_identify(.) by extension 'ros'
[0.477s] Level 1:colcon.colcon_core.package_identification:_identify(.) by extensions ['cmake', 'python']
[0.477s] Level 1:colcon.colcon_core.package_identification:_identify(.) by extension 'cmake'
[0.477s] Level 1:colcon.colcon_core.package_identification:_identify(.) by extension 'python'
[0.477s] Level 1:colcon.colcon_core.package_identification:_identify(.) by extensions ['python_setup_py']
[0.477s] Level 1:colcon.colcon_core.package_identification:_identify(.) by extension 'python_setup_py'
[0.478s] Level 1:colcon.colcon_core.package_identification:_identify(build) by extensions ['ignore', 'ignore_ament_install']
[0.478s] Level 1:colcon.colcon_core.package_identification:_identify(build) by extension 'ignore'
[0.478s] Level 1:colcon.colcon_core.package_identification:_identify(build) ignored
[0.478s] Level 1:colcon.colcon_core.package_identification:_identify(install) by extensions ['ignore', 'ignore_ament_install']
[0.478s] Level 1:colcon.colcon_core.package_identification:_identify(install) by extension 'ignore'
[0.478s] Level 1:colcon.colcon_core.package_identification:_identify(install) ignored
[0.479s] Level 1:colcon.colcon_core.package_identification:_identify(log) by extensions ['ignore', 'ignore_ament_install']
[0.479s] Level 1:colcon.colcon_core.package_identification:_identify(log) by extension 'ignore'
[0.479s] Level 1:colcon.colcon_core.package_identification:_identify(log) ignored
[0.480s] Level 1:colcon.colcon_core.package_identification:_identify(src) by extensions ['ignore', 'ignore_ament_install']
[0.480s] Level 1:colcon.colcon_core.package_identification:_identify(src) by extension 'ignore'
[0.480s] Level 1:colcon.colcon_core.package_identification:_identify(src) by extension 'ignore_ament_install'
[0.480s] Level 1:colcon.colcon_core.package_identification:_identify(src) by extensions ['colcon_pkg']
[0.480s] Level 1:colcon.colcon_core.package_identification:_identify(src) by extension 'colcon_pkg'
[0.480s] Level 1:colcon.colcon_core.package_identification:_identify(src) by extensions ['colcon_meta']
[0.480s] Level 1:colcon.colcon_core.package_identification:_identify(src) by extension 'colcon_meta'
[0.480s] Level 1:colcon.colcon_core.package_identification:_identify(src) by extensions ['ros']
[0.480s] Level 1:colcon.colcon_core.package_identification:_identify(src) by extension 'ros'
[0.480s] Level 1:colcon.colcon_core.package_identification:_identify(src) by extensions ['cmake', 'python']
[0.480s] Level 1:colcon.colcon_core.package_identification:_identify(src) by extension 'cmake'
[0.480s] Level 1:colcon.colcon_core.package_identification:_identify(src) by extension 'python'
[0.480s] Level 1:colcon.colcon_core.package_identification:_identify(src) by extensions ['python_setup_py']
[0.481s] Level 1:colcon.colcon_core.package_identification:_identify(src) by extension 'python_setup_py'
[0.481s] Level 1:colcon.colcon_core.package_identification:_identify(src/custom_action_interfaces) by extensions ['ignore', 'ignore_ament_install']
[0.482s] Level 1:colcon.colcon_core.package_identification:_identify(src/custom_action_interfaces) by extension 'ignore'
[0.482s] Level 1:colcon.colcon_core.package_identification:_identify(src/custom_action_interfaces) by extension 'ignore_ament_install'
[0.482s] Level 1:colcon.colcon_core.package_identification:_identify(src/custom_action_interfaces) by extensions ['colcon_pkg']
[0.482s] Level 1:colcon.colcon_core.package_identification:_identify(src/custom_action_interfaces) by extension 'colcon_pkg'
[0.482s] Level 1:colcon.colcon_core.package_identification:_identify(src/custom_action_interfaces) by extensions ['colcon_meta']
[0.482s] Level 1:colcon.colcon_core.package_identification:_identify(src/custom_action_interfaces) by extension 'colcon_meta'
[0.482s] Level 1:colcon.colcon_core.package_identification:_identify(src/custom_action_interfaces) by extensions ['ros']
[0.482s] Level 1:colcon.colcon_core.package_identification:_identify(src/custom_action_interfaces) by extension 'ros'
[0.486s] DEBUG:colcon.colcon_core.package_identification:Package 'src/custom_action_interfaces' with type 'ros.ament_cmake' and name 'custom_action_interfaces'
[0.487s] Level 1:colcon.colcon_core.package_identification:_identify(src/ros2_control_turtel_bot) by extensions ['ignore', 'ignore_ament_install']
[0.487s] Level 1:colcon.colcon_core.package_identification:_identify(src/ros2_control_turtel_bot) by extension 'ignore'
[0.487s] Level 1:colcon.colcon_core.package_identification:_identify(src/ros2_control_turtel_bot) by extension 'ignore_ament_install'
[0.487s] Level 1:colcon.colcon_core.package_identification:_identify(src/ros2_control_turtel_bot) by extensions ['colcon_pkg']
[0.487s] Level 1:colcon.colcon_core.package_identification:_identify(src/ros2_control_turtel_bot) by extension 'colcon_pkg'
[0.487s] Level 1:colcon.colcon_core.package_identification:_identify(src/ros2_control_turtel_bot) by extensions ['colcon_meta']
[0.487s] Level 1:colcon.colcon_core.package_identification:_identify(src/ros2_control_turtel_bot) by extension 'colcon_meta'
[0.487s] Level 1:colcon.colcon_core.package_identification:_identify(src/ros2_control_turtel_bot) by extensions ['ros']
[0.487s] Level 1:colcon.colcon_core.package_identification:_identify(src/ros2_control_turtel_bot) by extension 'ros'
[0.488s] DEBUG:colcon.colcon_core.package_identification:Package 'src/ros2_control_turtel_bot' with type 'ros.ament_cmake' and name 'ros2_control_turtel_bot'
[0.488s] Level 1:colcon.colcon_core.package_identification:_identify(src/yahboom_rosmaster) by extensions ['ignore', 'ignore_ament_install']
[0.488s] Level 1:colcon.colcon_core.package_identification:_identify(src/yahboom_rosmaster) by extension 'ignore'
[0.488s] Level 1:colcon.colcon_core.package_identification:_identify(src/yahboom_rosmaster) by extension 'ignore_ament_install'
[0.488s] Level 1:colcon.colcon_core.package_identification:_identify(src/yahboom_rosmaster) by extensions ['colcon_pkg']
[0.489s] Level 1:colcon.colcon_core.package_identification:_identify(src/yahboom_rosmaster) by extension 'colcon_pkg'
[0.489s] Level 1:colcon.colcon_core.package_identification:_identify(src/yahboom_rosmaster) by extensions ['colcon_meta']
[0.489s] Level 1:colcon.colcon_core.package_identification:_identify(src/yahboom_rosmaster) by extension 'colcon_meta'
[0.489s] Level 1:colcon.colcon_core.package_identification:_identify(src/yahboom_rosmaster) by extensions ['ros']
[0.489s] Level 1:colcon.colcon_core.package_identification:_identify(src/yahboom_rosmaster) by extension 'ros'
[0.489s] Level 1:colcon.colcon_core.package_identification:_identify(src/yahboom_rosmaster) by extensions ['cmake', 'python']
[0.489s] Level 1:colcon.colcon_core.package_identification:_identify(src/yahboom_rosmaster) by extension 'cmake'
[0.489s] Level 1:colcon.colcon_core.package_identification:_identify(src/yahboom_rosmaster) by extension 'python'
[0.489s] Level 1:colcon.colcon_core.package_identification:_identify(src/yahboom_rosmaster) by extensions ['python_setup_py']
[0.489s] Level 1:colcon.colcon_core.package_identification:_identify(src/yahboom_rosmaster) by extension 'python_setup_py'
[0.490s] Level 1:colcon.colcon_core.package_identification:_identify(src/yahboom_rosmaster/apriltag_ros) by extensions ['ignore', 'ignore_ament_install']
[0.490s] Level 1:colcon.colcon_core.package_identification:_identify(src/yahboom_rosmaster/apriltag_ros) by extension 'ignore'
[0.490s] Level 1:colcon.colcon_core.package_identification:_identify(src/yahboom_rosmaster/apriltag_ros) by extension 'ignore_ament_install'
[0.490s] Level 1:colcon.colcon_core.package_identification:_identify(src/yahboom_rosmaster/apriltag_ros) by extensions ['colcon_pkg']
[0.490s] Level 1:colcon.colcon_core.package_identification:_identify(src/yahboom_rosmaster/apriltag_ros) by extension 'colcon_pkg'
[0.490s] Level 1:colcon.colcon_core.package_identification:_identify(src/yahboom_rosmaster/apriltag_ros) by extensions ['colcon_meta']
[0.490s] Level 1:colcon.colcon_core.package_identification:_identify(src/yahboom_rosmaster/apriltag_ros) by extension 'colcon_meta'
[0.490s] Level 1:colcon.colcon_core.package_identification:_identify(src/yahboom_rosmaster/apriltag_ros) by extensions ['ros']
[0.490s] Level 1:colcon.colcon_core.package_identification:_identify(src/yahboom_rosmaster/apriltag_ros) by extension 'ros'
[0.495s] DEBUG:colcon.colcon_core.package_identification:Package 'src/yahboom_rosmaster/apriltag_ros' with type 'ros.ament_cmake' and name 'apriltag_ros'
[0.496s] Level 1:colcon.colcon_core.package_identification:_identify(src/yahboom_rosmaster/mecanum_drive_controller) by extensions ['ignore', 'ignore_ament_install']
[0.496s] Level 1:colcon.colcon_core.package_identification:_identify(src/yahboom_rosmaster/mecanum_drive_controller) by extension 'ignore'
[0.496s] Level 1:colcon.colcon_core.package_identification:_identify(src/yahboom_rosmaster/mecanum_drive_controller) by extension 'ignore_ament_install'
[0.496s] Level 1:colcon.colcon_core.package_identification:_identify(src/yahboom_rosmaster/mecanum_drive_controller) by extensions ['colcon_pkg']
[0.496s] Level 1:colcon.colcon_core.package_identification:_identify(src/yahboom_rosmaster/mecanum_drive_controller) by extension 'colcon_pkg'
[0.496s] Level 1:colcon.colcon_core.package_identification:_identify(src/yahboom_rosmaster/mecanum_drive_controller) by extensions ['colcon_meta']
[0.496s] Level 1:colcon.colcon_core.package_identification:_identify(src/yahboom_rosmaster/mecanum_drive_controller) by extension 'colcon_meta'
[0.496s] Level 1:colcon.colcon_core.package_identification:_identify(src/yahboom_rosmaster/mecanum_drive_controller) by extensions ['ros']
[0.496s] Level 1:colcon.colcon_core.package_identification:_identify(src/yahboom_rosmaster/mecanum_drive_controller) by extension 'ros'
[0.499s] DEBUG:colcon.colcon_core.package_identification:Package 'src/yahboom_rosmaster/mecanum_drive_controller' with type 'ros.ament_cmake' and name 'mecanum_drive_controller'
[0.499s] Level 1:colcon.colcon_core.package_identification:_identify(src/yahboom_rosmaster/yahboom_rosmaster) by extensions ['ignore', 'ignore_ament_install']
[0.499s] Level 1:colcon.colcon_core.package_identification:_identify(src/yahboom_rosmaster/yahboom_rosmaster) by extension 'ignore'
[0.499s] Level 1:colcon.colcon_core.package_identification:_identify(src/yahboom_rosmaster/yahboom_rosmaster) by extension 'ignore_ament_install'
[0.499s] Level 1:colcon.colcon_core.package_identification:_identify(src/yahboom_rosmaster/yahboom_rosmaster) by extensions ['colcon_pkg']
[0.499s] Level 1:colcon.colcon_core.package_identification:_identify(src/yahboom_rosmaster/yahboom_rosmaster) by extension 'colcon_pkg'
[0.499s] Level 1:colcon.colcon_core.package_identification:_identify(src/yahboom_rosmaster/yahboom_rosmaster) by extensions ['colcon_meta']
[0.499s] Level 1:colcon.colcon_core.package_identification:_identify(src/yahboom_rosmaster/yahboom_rosmaster) by extension 'colcon_meta'
[0.499s] Level 1:colcon.colcon_core.package_identification:_identify(src/yahboom_rosmaster/yahboom_rosmaster) by extensions ['ros']
[0.499s] Level 1:colcon.colcon_core.package_identification:_identify(src/yahboom_rosmaster/yahboom_rosmaster) by extension 'ros'
[0.500s] DEBUG:colcon.colcon_core.package_identification:Package 'src/yahboom_rosmaster/yahboom_rosmaster' with type 'ros.ament_cmake' and name 'yahboom_rosmaster'
[0.500s] Level 1:colcon.colcon_core.package_identification:_identify(src/yahboom_rosmaster/yahboom_rosmaster_bringup) by extensions ['ignore', 'ignore_ament_install']
[0.501s] Level 1:colcon.colcon_core.package_identification:_identify(src/yahboom_rosmaster/yahboom_rosmaster_bringup) by extension 'ignore'
[0.501s] Level 1:colcon.colcon_core.package_identification:_identify(src/yahboom_rosmaster/yahboom_rosmaster_bringup) by extension 'ignore_ament_install'
[0.501s] Level 1:colcon.colcon_core.package_identification:_identify(src/yahboom_rosmaster/yahboom_rosmaster_bringup) by extensions ['colcon_pkg']
[0.501s] Level 1:colcon.colcon_core.package_identification:_identify(src/yahboom_rosmaster/yahboom_rosmaster_bringup) by extension 'colcon_pkg'
[0.501s] Level 1:colcon.colcon_core.package_identification:_identify(src/yahboom_rosmaster/yahboom_rosmaster_bringup) by extensions ['colcon_meta']
[0.501s] Level 1:colcon.colcon_core.package_identification:_identify(src/yahboom_rosmaster/yahboom_rosmaster_bringup) by extension 'colcon_meta'
[0.501s] Level 1:colcon.colcon_core.package_identification:_identify(src/yahboom_rosmaster/yahboom_rosmaster_bringup) by extensions ['ros']
[0.501s] Level 1:colcon.colcon_core.package_identification:_identify(src/yahboom_rosmaster/yahboom_rosmaster_bringup) by extension 'ros'
[0.502s] DEBUG:colcon.colcon_core.package_identification:Package 'src/yahboom_rosmaster/yahboom_rosmaster_bringup' with type 'ros.ament_cmake' and name 'yahboom_rosmaster_bringup'
[0.502s] Level 1:colcon.colcon_core.package_identification:_identify(src/yahboom_rosmaster/yahboom_rosmaster_description) by extensions ['ignore', 'ignore_ament_install']
[0.502s] Level 1:colcon.colcon_core.package_identification:_identify(src/yahboom_rosmaster/yahboom_rosmaster_description) by extension 'ignore'
[0.502s] Level 1:colcon.colcon_core.package_identification:_identify(src/yahboom_rosmaster/yahboom_rosmaster_description) by extension 'ignore_ament_install'
[0.502s] Level 1:colcon.colcon_core.package_identification:_identify(src/yahboom_rosmaster/yahboom_rosmaster_description) by extensions ['colcon_pkg']
[0.502s] Level 1:colcon.colcon_core.package_identification:_identify(src/yahboom_rosmaster/yahboom_rosmaster_description) by extension 'colcon_pkg'
[0.502s] Level 1:colcon.colcon_core.package_identification:_identify(src/yahboom_rosmaster/yahboom_rosmaster_description) by extensions ['colcon_meta']
[0.502s] Level 1:colcon.colcon_core.package_identification:_identify(src/yahboom_rosmaster/yahboom_rosmaster_description) by extension 'colcon_meta'
[0.502s] Level 1:colcon.colcon_core.package_identification:_identify(src/yahboom_rosmaster/yahboom_rosmaster_description) by extensions ['ros']
[0.502s] Level 1:colcon.colcon_core.package_identification:_identify(src/yahboom_rosmaster/yahboom_rosmaster_description) by extension 'ros'
[0.503s] DEBUG:colcon.colcon_core.package_identification:Package 'src/yahboom_rosmaster/yahboom_rosmaster_description' with type 'ros.ament_cmake' and name 'yahboom_rosmaster_description'
[0.503s] Level 1:colcon.colcon_core.package_identification:_identify(src/yahboom_rosmaster/yahboom_rosmaster_docking) by extensions ['ignore', 'ignore_ament_install']
[0.504s] Level 1:colcon.colcon_core.package_identification:_identify(src/yahboom_rosmaster/yahboom_rosmaster_docking) by extension 'ignore'
[0.504s] Level 1:colcon.colcon_core.package_identification:_identify(src/yahboom_rosmaster/yahboom_rosmaster_docking) by extension 'ignore_ament_install'
[0.504s] Level 1:colcon.colcon_core.package_identification:_identify(src/yahboom_rosmaster/yahboom_rosmaster_docking) by extensions ['colcon_pkg']
[0.504s] Level 1:colcon.colcon_core.package_identification:_identify(src/yahboom_rosmaster/yahboom_rosmaster_docking) by extension 'colcon_pkg'
[0.504s] Level 1:colcon.colcon_core.package_identification:_identify(src/yahboom_rosmaster/yahboom_rosmaster_docking) by extensions ['colcon_meta']
[0.504s] Level 1:colcon.colcon_core.package_identification:_identify(src/yahboom_rosmaster/yahboom_rosmaster_docking) by extension 'colcon_meta'
[0.504s] Level 1:colcon.colcon_core.package_identification:_identify(src/yahboom_rosmaster/yahboom_rosmaster_docking) by extensions ['ros']
[0.504s] Level 1:colcon.colcon_core.package_identification:_identify(src/yahboom_rosmaster/yahboom_rosmaster_docking) by extension 'ros'
[0.505s] DEBUG:colcon.colcon_core.package_identification:Package 'src/yahboom_rosmaster/yahboom_rosmaster_docking' with type 'ros.ament_cmake' and name 'yahboom_rosmaster_docking'
[0.506s] Level 1:colcon.colcon_core.package_identification:_identify(src/yahboom_rosmaster/yahboom_rosmaster_gazebo) by extensions ['ignore', 'ignore_ament_install']
[0.506s] Level 1:colcon.colcon_core.package_identification:_identify(src/yahboom_rosmaster/yahboom_rosmaster_gazebo) by extension 'ignore'
[0.506s] Level 1:colcon.colcon_core.package_identification:_identify(src/yahboom_rosmaster/yahboom_rosmaster_gazebo) by extension 'ignore_ament_install'
[0.506s] Level 1:colcon.colcon_core.package_identification:_identify(src/yahboom_rosmaster/yahboom_rosmaster_gazebo) by extensions ['colcon_pkg']
[0.506s] Level 1:colcon.colcon_core.package_identification:_identify(src/yahboom_rosmaster/yahboom_rosmaster_gazebo) by extension 'colcon_pkg'
[0.506s] Level 1:colcon.colcon_core.package_identification:_identify(src/yahboom_rosmaster/yahboom_rosmaster_gazebo) by extensions ['colcon_meta']
[0.506s] Level 1:colcon.colcon_core.package_identification:_identify(src/yahboom_rosmaster/yahboom_rosmaster_gazebo) by extension 'colcon_meta'
[0.506s] Level 1:colcon.colcon_core.package_identification:_identify(src/yahboom_rosmaster/yahboom_rosmaster_gazebo) by extensions ['ros']
[0.506s] Level 1:colcon.colcon_core.package_identification:_identify(src/yahboom_rosmaster/yahboom_rosmaster_gazebo) by extension 'ros'
[0.508s] DEBUG:colcon.colcon_core.package_identification:Package 'src/yahboom_rosmaster/yahboom_rosmaster_gazebo' with type 'ros.ament_cmake' and name 'yahboom_rosmaster_gazebo'
[0.508s] Level 1:colcon.colcon_core.package_identification:_identify(src/yahboom_rosmaster/yahboom_rosmaster_localization) by extensions ['ignore', 'ignore_ament_install']
[0.508s] Level 1:colcon.colcon_core.package_identification:_identify(src/yahboom_rosmaster/yahboom_rosmaster_localization) by extension 'ignore'
[0.508s] Level 1:colcon.colcon_core.package_identification:_identify(src/yahboom_rosmaster/yahboom_rosmaster_localization) by extension 'ignore_ament_install'
[0.508s] Level 1:colcon.colcon_core.package_identification:_identify(src/yahboom_rosmaster/yahboom_rosmaster_localization) by extensions ['colcon_pkg']
[0.508s] Level 1:colcon.colcon_core.package_identification:_identify(src/yahboom_rosmaster/yahboom_rosmaster_localization) by extension 'colcon_pkg'
[0.508s] Level 1:colcon.colcon_core.package_identification:_identify(src/yahboom_rosmaster/yahboom_rosmaster_localization) by extensions ['colcon_meta']
[0.508s] Level 1:colcon.colcon_core.package_identification:_identify(src/yahboom_rosmaster/yahboom_rosmaster_localization) by extension 'colcon_meta'
[0.508s] Level 1:colcon.colcon_core.package_identification:_identify(src/yahboom_rosmaster/yahboom_rosmaster_localization) by extensions ['ros']
[0.509s] Level 1:colcon.colcon_core.package_identification:_identify(src/yahboom_rosmaster/yahboom_rosmaster_localization) by extension 'ros'
[0.509s] DEBUG:colcon.colcon_core.package_identification:Package 'src/yahboom_rosmaster/yahboom_rosmaster_localization' with type 'ros.ament_cmake' and name 'yahboom_rosmaster_localization'
[0.510s] Level 1:colcon.colcon_core.package_identification:_identify(src/yahboom_rosmaster/yahboom_rosmaster_msgs) by extensions ['ignore', 'ignore_ament_install']
[0.510s] Level 1:colcon.colcon_core.package_identification:_identify(src/yahboom_rosmaster/yahboom_rosmaster_msgs) by extension 'ignore'
[0.510s] Level 1:colcon.colcon_core.package_identification:_identify(src/yahboom_rosmaster/yahboom_rosmaster_msgs) by extension 'ignore_ament_install'
[0.510s] Level 1:colcon.colcon_core.package_identification:_identify(src/yahboom_rosmaster/yahboom_rosmaster_msgs) by extensions ['colcon_pkg']
[0.510s] Level 1:colcon.colcon_core.package_identification:_identify(src/yahboom_rosmaster/yahboom_rosmaster_msgs) by extension 'colcon_pkg'
[0.510s] Level 1:colcon.colcon_core.package_identification:_identify(src/yahboom_rosmaster/yahboom_rosmaster_msgs) by extensions ['colcon_meta']
[0.510s] Level 1:colcon.colcon_core.package_identification:_identify(src/yahboom_rosmaster/yahboom_rosmaster_msgs) by extension 'colcon_meta'
[0.510s] Level 1:colcon.colcon_core.package_identification:_identify(src/yahboom_rosmaster/yahboom_rosmaster_msgs) by extensions ['ros']
[0.510s] Level 1:colcon.colcon_core.package_identification:_identify(src/yahboom_rosmaster/yahboom_rosmaster_msgs) by extension 'ros'
[0.511s] DEBUG:colcon.colcon_core.package_identification:Package 'src/yahboom_rosmaster/yahboom_rosmaster_msgs' with type 'ros.ament_cmake' and name 'yahboom_rosmaster_msgs'
[0.511s] Level 1:colcon.colcon_core.package_identification:_identify(src/yahboom_rosmaster/yahboom_rosmaster_navigation) by extensions ['ignore', 'ignore_ament_install']
[0.511s] Level 1:colcon.colcon_core.package_identification:_identify(src/yahboom_rosmaster/yahboom_rosmaster_navigation) by extension 'ignore'
[0.512s] Level 1:colcon.colcon_core.package_identification:_identify(src/yahboom_rosmaster/yahboom_rosmaster_navigation) by extension 'ignore_ament_install'
[0.512s] Level 1:colcon.colcon_core.package_identification:_identify(src/yahboom_rosmaster/yahboom_rosmaster_navigation) by extensions ['colcon_pkg']
[0.512s] Level 1:colcon.colcon_core.package_identification:_identify(src/yahboom_rosmaster/yahboom_rosmaster_navigation) by extension 'colcon_pkg'
[0.512s] Level 1:colcon.colcon_core.package_identification:_identify(src/yahboom_rosmaster/yahboom_rosmaster_navigation) by extensions ['colcon_meta']
[0.512s] Level 1:colcon.colcon_core.package_identification:_identify(src/yahboom_rosmaster/yahboom_rosmaster_navigation) by extension 'colcon_meta'
[0.512s] Level 1:colcon.colcon_core.package_identification:_identify(src/yahboom_rosmaster/yahboom_rosmaster_navigation) by extensions ['ros']
[0.512s] Level 1:colcon.colcon_core.package_identification:_identify(src/yahboom_rosmaster/yahboom_rosmaster_navigation) by extension 'ros'
[0.513s] DEBUG:colcon.colcon_core.package_identification:Package 'src/yahboom_rosmaster/yahboom_rosmaster_navigation' with type 'ros.ament_cmake' and name 'yahboom_rosmaster_navigation'
[0.514s] Level 1:colcon.colcon_core.package_identification:_identify(src/yahboom_rosmaster/yahboom_rosmaster_system_tests) by extensions ['ignore', 'ignore_ament_install']
[0.514s] Level 1:colcon.colcon_core.package_identification:_identify(src/yahboom_rosmaster/yahboom_rosmaster_system_tests) by extension 'ignore'
[0.514s] Level 1:colcon.colcon_core.package_identification:_identify(src/yahboom_rosmaster/yahboom_rosmaster_system_tests) by extension 'ignore_ament_install'
[0.514s] Level 1:colcon.colcon_core.package_identification:_identify(src/yahboom_rosmaster/yahboom_rosmaster_system_tests) by extensions ['colcon_pkg']
[0.514s] Level 1:colcon.colcon_core.package_identification:_identify(src/yahboom_rosmaster/yahboom_rosmaster_system_tests) by extension 'colcon_pkg'
[0.514s] Level 1:colcon.colcon_core.package_identification:_identify(src/yahboom_rosmaster/yahboom_rosmaster_system_tests) by extensions ['colcon_meta']
[0.514s] Level 1:colcon.colcon_core.package_identification:_identify(src/yahboom_rosmaster/yahboom_rosmaster_system_tests) by extension 'colcon_meta'
[0.514s] Level 1:colcon.colcon_core.package_identification:_identify(src/yahboom_rosmaster/yahboom_rosmaster_system_tests) by extensions ['ros']
[0.514s] Level 1:colcon.colcon_core.package_identification:_identify(src/yahboom_rosmaster/yahboom_rosmaster_system_tests) by extension 'ros'
[0.515s] DEBUG:colcon.colcon_core.package_identification:Package 'src/yahboom_rosmaster/yahboom_rosmaster_system_tests' with type 'ros.ament_cmake' and name 'yahboom_rosmaster_system_tests'
[0.515s] Level 1:colcon.colcon_core.package_discovery:discover_packages(recursive) using defaults
[0.516s] Level 1:colcon.colcon_core.package_discovery:discover_packages(ignore) discover
[0.516s] Level 1:colcon.colcon_core.package_discovery:discover_packages(ignore) using defaults
[0.516s] Level 1:colcon.colcon_core.package_discovery:discover_packages(path) discover
[0.516s] Level 1:colcon.colcon_core.package_discovery:discover_packages(path) using defaults
[0.555s] Level 1:colcon.colcon_core.package_discovery:discover_packages(prefix_path) check parameters
[0.555s] Level 1:colcon.colcon_core.package_discovery:discover_packages(prefix_path) discover
[0.558s] WARNING:colcon.colcon_core.prefix_path.colcon:The path '/home/ziad/ziad_ws/ROS2/tutorials_work_sapce/install' in the environment variable COLCON_PREFIX_PATH doesn't exist
[0.567s] WARNING:colcon.colcon_ros.prefix_path.ament:The path '/home/ziad/ziad_ws/ROS2/tutorials_work_sapce/install/urdf_tutorial_cpp' in the environment variable AMENT_PREFIX_PATH doesn't exist
[0.567s] WARNING:colcon.colcon_ros.prefix_path.ament:The path '/home/ziad/ziad_ws/ROS2/tutorials_work_sapce/install/learning_tf2_cpp' in the environment variable AMENT_PREFIX_PATH doesn't exist
[0.567s] WARNING:colcon.colcon_ros.prefix_path.ament:The path '/home/ziad/ziad_ws/ROS2/tutorials_work_sapce/install/simple_pub_sub' in the environment variable AMENT_PREFIX_PATH doesn't exist
[0.567s] WARNING:colcon.colcon_ros.prefix_path.ament:The path '/home/ziad/ziad_ws/ROS2/tutorials_work_sapce/install/ros2_service' in the environment variable AMENT_PREFIX_PATH doesn't exist
[0.567s] WARNING:colcon.colcon_ros.prefix_path.catkin:The path '/home/ziad/ziad_ws/ROS2/tutorials_work_sapce/install/urdf_tutorial_cpp' in the environment variable CMAKE_PREFIX_PATH doesn't exist
[0.568s] WARNING:colcon.colcon_ros.prefix_path.catkin:The path '/home/ziad/ziad_ws/ROS2/tutorials_work_sapce/install/learning_tf2_cpp' in the environment variable CMAKE_PREFIX_PATH doesn't exist
[0.568s] WARNING:colcon.colcon_ros.prefix_path.catkin:The path '/home/ziad/ziad_ws/ROS2/tutorials_work_sapce/install/simple_pub_sub' in the environment variable CMAKE_PREFIX_PATH doesn't exist
[0.568s] WARNING:colcon.colcon_ros.prefix_path.catkin:The path '/home/ziad/ziad_ws/ROS2/tutorials_work_sapce/install/ros2_service' in the environment variable CMAKE_PREFIX_PATH doesn't exist
[0.578s] DEBUG:colcon.colcon_installed_package_information.package_discovery:Found 13 installed packages in /home/ziad/ziad_ws/ROS2/work_space/install
[0.588s] DEBUG:colcon.colcon_installed_package_information.package_discovery:Found 18 installed packages in /home/ziad/ziad_ws/ROS2/turtlebot3_ws/install
[0.593s] DEBUG:colcon.colcon_installed_package_information.package_discovery:Found 490 installed packages in /opt/ros/jazzy
[0.595s] Level 1:colcon.colcon_core.package_discovery:discover_packages(prefix_path) using defaults
[1.086s] WARNING:colcon.colcon_core.package_selection:Some selected packages are already built in one or more underlay workspaces:
	'mecanum_drive_controller' is in: /home/ziad/ziad_ws/ROS2/work_space/install/mecanum_drive_controller, /opt/ros/jazzy
If a package in a merged underlay workspace is overridden and it installs headers, then all packages in the overlay must sort their include directories by workspace order. Failure to do so may result in build failures or undefined behavior at run time.
If the overridden package is used by another package in any underlay, then the overriding package in the overlay must be API and ABI compatible or undefined behavior at run time may occur.

If you understand the risks and want to override a package anyways, add the following to the command line:
	--allow-overriding mecanum_drive_controller

This may be promoted to an error in a future release of colcon-override-check.
[1.088s] Level 5:colcon.colcon_core.verb:set package 'apriltag_ros' build argument 'cmake_args' from command line to 'None'
[1.089s] Level 5:colcon.colcon_core.verb:set package 'apriltag_ros' build argument 'cmake_target' from command line to 'None'
[1.089s] Level 5:colcon.colcon_core.verb:set package 'apriltag_ros' build argument 'cmake_target_skip_unavailable' from command line to 'False'
[1.089s] Level 5:colcon.colcon_core.verb:set package 'apriltag_ros' build argument 'cmake_clean_cache' from command line to 'False'
[1.089s] Level 5:colcon.colcon_core.verb:set package 'apriltag_ros' build argument 'cmake_clean_first' from command line to 'False'
[1.089s] Level 5:colcon.colcon_core.verb:set package 'apriltag_ros' build argument 'cmake_force_configure' from command line to 'False'
[1.089s] Level 5:colcon.colcon_core.verb:set package 'apriltag_ros' build argument 'ament_cmake_args' from command line to 'None'
[1.089s] Level 5:colcon.colcon_core.verb:set package 'apriltag_ros' build argument 'catkin_cmake_args' from command line to 'None'
[1.089s] Level 5:colcon.colcon_core.verb:set package 'apriltag_ros' build argument 'catkin_skip_building_tests' from command line to 'False'
[1.089s] DEBUG:colcon.colcon_core.verb:Building package 'apriltag_ros' with the following arguments: {'ament_cmake_args': None, 'build_base': '/home/ziad/ziad_ws/ROS2/work_space/build/apriltag_ros', 'catkin_cmake_args': None, 'catkin_skip_building_tests': False, 'cmake_args': None, 'cmake_clean_cache': False, 'cmake_clean_first': False, 'cmake_force_configure': False, 'cmake_target': None, 'cmake_target_skip_unavailable': False, 'install_base': '/home/ziad/ziad_ws/ROS2/work_space/install/apriltag_ros', 'merge_install': False, 'path': '/home/ziad/ziad_ws/ROS2/work_space/src/yahboom_rosmaster/apriltag_ros', 'symlink_install': False, 'test_result_base': None}
[1.089s] Level 5:colcon.colcon_core.verb:set package 'custom_action_interfaces' build argument 'cmake_args' from command line to 'None'
[1.089s] Level 5:colcon.colcon_core.verb:set package 'custom_action_interfaces' build argument 'cmake_target' from command line to 'None'
[1.089s] Level 5:colcon.colcon_core.verb:set package 'custom_action_interfaces' build argument 'cmake_target_skip_unavailable' from command line to 'False'
[1.089s] Level 5:colcon.colcon_core.verb:set package 'custom_action_interfaces' build argument 'cmake_clean_cache' from command line to 'False'
[1.089s] Level 5:colcon.colcon_core.verb:set package 'custom_action_interfaces' build argument 'cmake_clean_first' from command line to 'False'
[1.089s] Level 5:colcon.colcon_core.verb:set package 'custom_action_interfaces' build argument 'cmake_force_configure' from command line to 'False'
[1.089s] Level 5:colcon.colcon_core.verb:set package 'custom_action_interfaces' build argument 'ament_cmake_args' from command line to 'None'
[1.089s] Level 5:colcon.colcon_core.verb:set package 'custom_action_interfaces' build argument 'catkin_cmake_args' from command line to 'None'
[1.089s] Level 5:colcon.colcon_core.verb:set package 'custom_action_interfaces' build argument 'catkin_skip_building_tests' from command line to 'False'
[1.089s] DEBUG:colcon.colcon_core.verb:Building package 'custom_action_interfaces' with the following arguments: {'ament_cmake_args': None, 'build_base': '/home/ziad/ziad_ws/ROS2/work_space/build/custom_action_interfaces', 'catkin_cmake_args': None, 'catkin_skip_building_tests': False, 'cmake_args': None, 'cmake_clean_cache': False, 'cmake_clean_first': False, 'cmake_force_configure': False, 'cmake_target': None, 'cmake_target_skip_unavailable': False, 'install_base': '/home/ziad/ziad_ws/ROS2/work_space/install/custom_action_interfaces', 'merge_install': False, 'path': '/home/ziad/ziad_ws/ROS2/work_space/src/custom_action_interfaces', 'symlink_install': False, 'test_result_base': None}
[1.090s] Level 5:colcon.colcon_core.verb:set package 'mecanum_drive_controller' build argument 'cmake_args' from command line to 'None'
[1.090s] Level 5:colcon.colcon_core.verb:set package 'mecanum_drive_controller' build argument 'cmake_target' from command line to 'None'
[1.090s] Level 5:colcon.colcon_core.verb:set package 'mecanum_drive_controller' build argument 'cmake_target_skip_unavailable' from command line to 'False'
[1.090s] Level 5:colcon.colcon_core.verb:set package 'mecanum_drive_controller' build argument 'cmake_clean_cache' from command line to 'False'
[1.090s] Level 5:colcon.colcon_core.verb:set package 'mecanum_drive_controller' build argument 'cmake_clean_first' from command line to 'False'
[1.090s] Level 5:colcon.colcon_core.verb:set package 'mecanum_drive_controller' build argument 'cmake_force_configure' from command line to 'False'
[1.090s] Level 5:colcon.colcon_core.verb:set package 'mecanum_drive_controller' build argument 'ament_cmake_args' from command line to 'None'
[1.090s] Level 5:colcon.colcon_core.verb:set package 'mecanum_drive_controller' build argument 'catkin_cmake_args' from command line to 'None'
[1.090s] Level 5:colcon.colcon_core.verb:set package 'mecanum_drive_controller' build argument 'catkin_skip_building_tests' from command line to 'False'
[1.090s] DEBUG:colcon.colcon_core.verb:Building package 'mecanum_drive_controller' with the following arguments: {'ament_cmake_args': None, 'build_base': '/home/ziad/ziad_ws/ROS2/work_space/build/mecanum_drive_controller', 'catkin_cmake_args': None, 'catkin_skip_building_tests': False, 'cmake_args': None, 'cmake_clean_cache': False, 'cmake_clean_first': False, 'cmake_force_configure': False, 'cmake_target': None, 'cmake_target_skip_unavailable': False, 'install_base': '/home/ziad/ziad_ws/ROS2/work_space/install/mecanum_drive_controller', 'merge_install': False, 'path': '/home/ziad/ziad_ws/ROS2/work_space/src/yahboom_rosmaster/mecanum_drive_controller', 'symlink_install': False, 'test_result_base': None}
[1.090s] Level 5:colcon.colcon_core.verb:set package 'ros2_control_turtel_bot' build argument 'cmake_args' from command line to 'None'
[1.090s] Level 5:colcon.colcon_core.verb:set package 'ros2_control_turtel_bot' build argument 'cmake_target' from command line to 'None'
[1.090s] Level 5:colcon.colcon_core.verb:set package 'ros2_control_turtel_bot' build argument 'cmake_target_skip_unavailable' from command line to 'False'
[1.090s] Level 5:colcon.colcon_core.verb:set package 'ros2_control_turtel_bot' build argument 'cmake_clean_cache' from command line to 'False'
[1.090s] Level 5:colcon.colcon_core.verb:set package 'ros2_control_turtel_bot' build argument 'cmake_clean_first' from command line to 'False'
[1.090s] Level 5:colcon.colcon_core.verb:set package 'ros2_control_turtel_bot' build argument 'cmake_force_configure' from command line to 'False'
[1.091s] Level 5:colcon.colcon_core.verb:set package 'ros2_control_turtel_bot' build argument 'ament_cmake_args' from command line to 'None'
[1.091s] Level 5:colcon.colcon_core.verb:set package 'ros2_control_turtel_bot' build argument 'catkin_cmake_args' from command line to 'None'
[1.091s] Level 5:colcon.colcon_core.verb:set package 'ros2_control_turtel_bot' build argument 'catkin_skip_building_tests' from command line to 'False'
[1.091s] DEBUG:colcon.colcon_core.verb:Building package 'ros2_control_turtel_bot' with the following arguments: {'ament_cmake_args': None, 'build_base': '/home/ziad/ziad_ws/ROS2/work_space/build/ros2_control_turtel_bot', 'catkin_cmake_args': None, 'catkin_skip_building_tests': False, 'cmake_args': None, 'cmake_clean_cache': False, 'cmake_clean_first': False, 'cmake_force_configure': False, 'cmake_target': None, 'cmake_target_skip_unavailable': False, 'install_base': '/home/ziad/ziad_ws/ROS2/work_space/install/ros2_control_turtel_bot', 'merge_install': False, 'path': '/home/ziad/ziad_ws/ROS2/work_space/src/ros2_control_turtel_bot', 'symlink_install': False, 'test_result_base': None}
[1.091s] Level 5:colcon.colcon_core.verb:set package 'yahboom_rosmaster_bringup' build argument 'cmake_args' from command line to 'None'
[1.091s] Level 5:colcon.colcon_core.verb:set package 'yahboom_rosmaster_bringup' build argument 'cmake_target' from command line to 'None'
[1.091s] Level 5:colcon.colcon_core.verb:set package 'yahboom_rosmaster_bringup' build argument 'cmake_target_skip_unavailable' from command line to 'False'
[1.091s] Level 5:colcon.colcon_core.verb:set package 'yahboom_rosmaster_bringup' build argument 'cmake_clean_cache' from command line to 'False'
[1.091s] Level 5:colcon.colcon_core.verb:set package 'yahboom_rosmaster_bringup' build argument 'cmake_clean_first' from command line to 'False'
[1.091s] Level 5:colcon.colcon_core.verb:set package 'yahboom_rosmaster_bringup' build argument 'cmake_force_configure' from command line to 'False'
[1.091s] Level 5:colcon.colcon_core.verb:set package 'yahboom_rosmaster_bringup' build argument 'ament_cmake_args' from command line to 'None'
[1.091s] Level 5:colcon.colcon_core.verb:set package 'yahboom_rosmaster_bringup' build argument 'catkin_cmake_args' from command line to 'None'
[1.091s] Level 5:colcon.colcon_core.verb:set package 'yahboom_rosmaster_bringup' build argument 'catkin_skip_building_tests' from command line to 'False'
[1.091s] DEBUG:colcon.colcon_core.verb:Building package 'yahboom_rosmaster_bringup' with the following arguments: {'ament_cmake_args': None, 'build_base': '/home/ziad/ziad_ws/ROS2/work_space/build/yahboom_rosmaster_bringup', 'catkin_cmake_args': None, 'catkin_skip_building_tests': False, 'cmake_args': None, 'cmake_clean_cache': False, 'cmake_clean_first': False, 'cmake_force_configure': False, 'cmake_target': None, 'cmake_target_skip_unavailable': False, 'install_base': '/home/ziad/ziad_ws/ROS2/work_space/install/yahboom_rosmaster_bringup', 'merge_install': False, 'path': '/home/ziad/ziad_ws/ROS2/work_space/src/yahboom_rosmaster/yahboom_rosmaster_bringup', 'symlink_install': False, 'test_result_base': None}
[1.091s] Level 5:colcon.colcon_core.verb:set package 'yahboom_rosmaster_description' build argument 'cmake_args' from command line to 'None'
[1.091s] Level 5:colcon.colcon_core.verb:set package 'yahboom_rosmaster_description' build argument 'cmake_target' from command line to 'None'
[1.091s] Level 5:colcon.colcon_core.verb:set package 'yahboom_rosmaster_description' build argument 'cmake_target_skip_unavailable' from command line to 'False'
[1.092s] Level 5:colcon.colcon_core.verb:set package 'yahboom_rosmaster_description' build argument 'cmake_clean_cache' from command line to 'False'
[1.092s] Level 5:colcon.colcon_core.verb:set package 'yahboom_rosmaster_description' build argument 'cmake_clean_first' from command line to 'False'
[1.092s] Level 5:colcon.colcon_core.verb:set package 'yahboom_rosmaster_description' build argument 'cmake_force_configure' from command line to 'False'
[1.092s] Level 5:colcon.colcon_core.verb:set package 'yahboom_rosmaster_description' build argument 'ament_cmake_args' from command line to 'None'
[1.092s] Level 5:colcon.colcon_core.verb:set package 'yahboom_rosmaster_description' build argument 'catkin_cmake_args' from command line to 'None'
[1.092s] Level 5:colcon.colcon_core.verb:set package 'yahboom_rosmaster_description' build argument 'catkin_skip_building_tests' from command line to 'False'
[1.092s] DEBUG:colcon.colcon_core.verb:Building package 'yahboom_rosmaster_description' with the following arguments: {'ament_cmake_args': None, 'build_base': '/home/ziad/ziad_ws/ROS2/work_space/build/yahboom_rosmaster_description', 'catkin_cmake_args': None, 'catkin_skip_building_tests': False, 'cmake_args': None, 'cmake_clean_cache': False, 'cmake_clean_first': False, 'cmake_force_configure': False, 'cmake_target': None, 'cmake_target_skip_unavailable': False, 'install_base': '/home/ziad/ziad_ws/ROS2/work_space/install/yahboom_rosmaster_description', 'merge_install': False, 'path': '/home/ziad/ziad_ws/ROS2/work_space/src/yahboom_rosmaster/yahboom_rosmaster_description', 'symlink_install': False, 'test_result_base': None}
[1.092s] Level 5:colcon.colcon_core.verb:set package 'yahboom_rosmaster_gazebo' build argument 'cmake_args' from command line to 'None'
[1.092s] Level 5:colcon.colcon_core.verb:set package 'yahboom_rosmaster_gazebo' build argument 'cmake_target' from command line to 'None'
[1.092s] Level 5:colcon.colcon_core.verb:set package 'yahboom_rosmaster_gazebo' build argument 'cmake_target_skip_unavailable' from command line to 'False'
[1.092s] Level 5:colcon.colcon_core.verb:set package 'yahboom_rosmaster_gazebo' build argument 'cmake_clean_cache' from command line to 'False'
[1.092s] Level 5:colcon.colcon_core.verb:set package 'yahboom_rosmaster_gazebo' build argument 'cmake_clean_first' from command line to 'False'
[1.092s] Level 5:colcon.colcon_core.verb:set package 'yahboom_rosmaster_gazebo' build argument 'cmake_force_configure' from command line to 'False'
[1.092s] Level 5:colcon.colcon_core.verb:set package 'yahboom_rosmaster_gazebo' build argument 'ament_cmake_args' from command line to 'None'
[1.092s] Level 5:colcon.colcon_core.verb:set package 'yahboom_rosmaster_gazebo' build argument 'catkin_cmake_args' from command line to 'None'
[1.092s] Level 5:colcon.colcon_core.verb:set package 'yahboom_rosmaster_gazebo' build argument 'catkin_skip_building_tests' from command line to 'False'
[1.092s] DEBUG:colcon.colcon_core.verb:Building package 'yahboom_rosmaster_gazebo' with the following arguments: {'ament_cmake_args': None, 'build_base': '/home/ziad/ziad_ws/ROS2/work_space/build/yahboom_rosmaster_gazebo', 'catkin_cmake_args': None, 'catkin_skip_building_tests': False, 'cmake_args': None, 'cmake_clean_cache': False, 'cmake_clean_first': False, 'cmake_force_configure': False, 'cmake_target': None, 'cmake_target_skip_unavailable': False, 'install_base': '/home/ziad/ziad_ws/ROS2/work_space/install/yahboom_rosmaster_gazebo', 'merge_install': False, 'path': '/home/ziad/ziad_ws/ROS2/work_space/src/yahboom_rosmaster/yahboom_rosmaster_gazebo', 'symlink_install': False, 'test_result_base': None}
[1.093s] Level 5:colcon.colcon_core.verb:set package 'yahboom_rosmaster_localization' build argument 'cmake_args' from command line to 'None'
[1.093s] Level 5:colcon.colcon_core.verb:set package 'yahboom_rosmaster_localization' build argument 'cmake_target' from command line to 'None'
[1.093s] Level 5:colcon.colcon_core.verb:set package 'yahboom_rosmaster_localization' build argument 'cmake_target_skip_unavailable' from command line to 'False'
[1.093s] Level 5:colcon.colcon_core.verb:set package 'yahboom_rosmaster_localization' build argument 'cmake_clean_cache' from command line to 'False'
[1.093s] Level 5:colcon.colcon_core.verb:set package 'yahboom_rosmaster_localization' build argument 'cmake_clean_first' from command line to 'False'
[1.093s] Level 5:colcon.colcon_core.verb:set package 'yahboom_rosmaster_localization' build argument 'cmake_force_configure' from command line to 'False'
[1.093s] Level 5:colcon.colcon_core.verb:set package 'yahboom_rosmaster_localization' build argument 'ament_cmake_args' from command line to 'None'
[1.093s] Level 5:colcon.colcon_core.verb:set package 'yahboom_rosmaster_localization' build argument 'catkin_cmake_args' from command line to 'None'
[1.093s] Level 5:colcon.colcon_core.verb:set package 'yahboom_rosmaster_localization' build argument 'catkin_skip_building_tests' from command line to 'False'
[1.093s] DEBUG:colcon.colcon_core.verb:Building package 'yahboom_rosmaster_localization' with the following arguments: {'ament_cmake_args': None, 'build_base': '/home/ziad/ziad_ws/ROS2/work_space/build/yahboom_rosmaster_localization', 'catkin_cmake_args': None, 'catkin_skip_building_tests': False, 'cmake_args': None, 'cmake_clean_cache': False, 'cmake_clean_first': False, 'cmake_force_configure': False, 'cmake_target': None, 'cmake_target_skip_unavailable': False, 'install_base': '/home/ziad/ziad_ws/ROS2/work_space/install/yahboom_rosmaster_localization', 'merge_install': False, 'path': '/home/ziad/ziad_ws/ROS2/work_space/src/yahboom_rosmaster/yahboom_rosmaster_localization', 'symlink_install': False, 'test_result_base': None}
[1.093s] Level 5:colcon.colcon_core.verb:set package 'yahboom_rosmaster_msgs' build argument 'cmake_args' from command line to 'None'
[1.093s] Level 5:colcon.colcon_core.verb:set package 'yahboom_rosmaster_msgs' build argument 'cmake_target' from command line to 'None'
[1.093s] Level 5:colcon.colcon_core.verb:set package 'yahboom_rosmaster_msgs' build argument 'cmake_target_skip_unavailable' from command line to 'False'
[1.093s] Level 5:colcon.colcon_core.verb:set package 'yahboom_rosmaster_msgs' build argument 'cmake_clean_cache' from command line to 'False'
[1.093s] Level 5:colcon.colcon_core.verb:set package 'yahboom_rosmaster_msgs' build argument 'cmake_clean_first' from command line to 'False'
[1.093s] Level 5:colcon.colcon_core.verb:set package 'yahboom_rosmaster_msgs' build argument 'cmake_force_configure' from command line to 'False'
[1.093s] Level 5:colcon.colcon_core.verb:set package 'yahboom_rosmaster_msgs' build argument 'ament_cmake_args' from command line to 'None'
[1.093s] Level 5:colcon.colcon_core.verb:set package 'yahboom_rosmaster_msgs' build argument 'catkin_cmake_args' from command line to 'None'
[1.093s] Level 5:colcon.colcon_core.verb:set package 'yahboom_rosmaster_msgs' build argument 'catkin_skip_building_tests' from command line to 'False'
[1.093s] DEBUG:colcon.colcon_core.verb:Building package 'yahboom_rosmaster_msgs' with the following arguments: {'ament_cmake_args': None, 'build_base': '/home/ziad/ziad_ws/ROS2/work_space/build/yahboom_rosmaster_msgs', 'catkin_cmake_args': None, 'catkin_skip_building_tests': False, 'cmake_args': None, 'cmake_clean_cache': False, 'cmake_clean_first': False, 'cmake_force_configure': False, 'cmake_target': None, 'cmake_target_skip_unavailable': False, 'install_base': '/home/ziad/ziad_ws/ROS2/work_space/install/yahboom_rosmaster_msgs', 'merge_install': False, 'path': '/home/ziad/ziad_ws/ROS2/work_space/src/yahboom_rosmaster/yahboom_rosmaster_msgs', 'symlink_install': False, 'test_result_base': None}
[1.094s] Level 5:colcon.colcon_core.verb:set package 'yahboom_rosmaster_navigation' build argument 'cmake_args' from command line to 'None'
[1.094s] Level 5:colcon.colcon_core.verb:set package 'yahboom_rosmaster_navigation' build argument 'cmake_target' from command line to 'None'
[1.094s] Level 5:colcon.colcon_core.verb:set package 'yahboom_rosmaster_navigation' build argument 'cmake_target_skip_unavailable' from command line to 'False'
[1.094s] Level 5:colcon.colcon_core.verb:set package 'yahboom_rosmaster_navigation' build argument 'cmake_clean_cache' from command line to 'False'
[1.094s] Level 5:colcon.colcon_core.verb:set package 'yahboom_rosmaster_navigation' build argument 'cmake_clean_first' from command line to 'False'
[1.094s] Level 5:colcon.colcon_core.verb:set package 'yahboom_rosmaster_navigation' build argument 'cmake_force_configure' from command line to 'False'
[1.094s] Level 5:colcon.colcon_core.verb:set package 'yahboom_rosmaster_navigation' build argument 'ament_cmake_args' from command line to 'None'
[1.094s] Level 5:colcon.colcon_core.verb:set package 'yahboom_rosmaster_navigation' build argument 'catkin_cmake_args' from command line to 'None'
[1.094s] Level 5:colcon.colcon_core.verb:set package 'yahboom_rosmaster_navigation' build argument 'catkin_skip_building_tests' from command line to 'False'
[1.094s] DEBUG:colcon.colcon_core.verb:Building package 'yahboom_rosmaster_navigation' with the following arguments: {'ament_cmake_args': None, 'build_base': '/home/ziad/ziad_ws/ROS2/work_space/build/yahboom_rosmaster_navigation', 'catkin_cmake_args': None, 'catkin_skip_building_tests': False, 'cmake_args': None, 'cmake_clean_cache': False, 'cmake_clean_first': False, 'cmake_force_configure': False, 'cmake_target': None, 'cmake_target_skip_unavailable': False, 'install_base': '/home/ziad/ziad_ws/ROS2/work_space/install/yahboom_rosmaster_navigation', 'merge_install': False, 'path': '/home/ziad/ziad_ws/ROS2/work_space/src/yahboom_rosmaster/yahboom_rosmaster_navigation', 'symlink_install': False, 'test_result_base': None}
[1.094s] Level 5:colcon.colcon_core.verb:set package 'yahboom_rosmaster_docking' build argument 'cmake_args' from command line to 'None'
[1.094s] Level 5:colcon.colcon_core.verb:set package 'yahboom_rosmaster_docking' build argument 'cmake_target' from command line to 'None'
[1.094s] Level 5:colcon.colcon_core.verb:set package 'yahboom_rosmaster_docking' build argument 'cmake_target_skip_unavailable' from command line to 'False'
[1.094s] Level 5:colcon.colcon_core.verb:set package 'yahboom_rosmaster_docking' build argument 'cmake_clean_cache' from command line to 'False'
[1.094s] Level 5:colcon.colcon_core.verb:set package 'yahboom_rosmaster_docking' build argument 'cmake_clean_first' from command line to 'False'
[1.094s] Level 5:colcon.colcon_core.verb:set package 'yahboom_rosmaster_docking' build argument 'cmake_force_configure' from command line to 'False'
[1.095s] Level 5:colcon.colcon_core.verb:set package 'yahboom_rosmaster_docking' build argument 'ament_cmake_args' from command line to 'None'
[1.095s] Level 5:colcon.colcon_core.verb:set package 'yahboom_rosmaster_docking' build argument 'catkin_cmake_args' from command line to 'None'
[1.095s] Level 5:colcon.colcon_core.verb:set package 'yahboom_rosmaster_docking' build argument 'catkin_skip_building_tests' from command line to 'False'
[1.095s] DEBUG:colcon.colcon_core.verb:Building package 'yahboom_rosmaster_docking' with the following arguments: {'ament_cmake_args': None, 'build_base': '/home/ziad/ziad_ws/ROS2/work_space/build/yahboom_rosmaster_docking', 'catkin_cmake_args': None, 'catkin_skip_building_tests': False, 'cmake_args': None, 'cmake_clean_cache': False, 'cmake_clean_first': False, 'cmake_force_configure': False, 'cmake_target': None, 'cmake_target_skip_unavailable': False, 'install_base': '/home/ziad/ziad_ws/ROS2/work_space/install/yahboom_rosmaster_docking', 'merge_install': False, 'path': '/home/ziad/ziad_ws/ROS2/work_space/src/yahboom_rosmaster/yahboom_rosmaster_docking', 'symlink_install': False, 'test_result_base': None}
[1.095s] Level 5:colcon.colcon_core.verb:set package 'yahboom_rosmaster_system_tests' build argument 'cmake_args' from command line to 'None'
[1.095s] Level 5:colcon.colcon_core.verb:set package 'yahboom_rosmaster_system_tests' build argument 'cmake_target' from command line to 'None'
[1.095s] Level 5:colcon.colcon_core.verb:set package 'yahboom_rosmaster_system_tests' build argument 'cmake_target_skip_unavailable' from command line to 'False'
[1.095s] Level 5:colcon.colcon_core.verb:set package 'yahboom_rosmaster_system_tests' build argument 'cmake_clean_cache' from command line to 'False'
[1.095s] Level 5:colcon.colcon_core.verb:set package 'yahboom_rosmaster_system_tests' build argument 'cmake_clean_first' from command line to 'False'
[1.095s] Level 5:colcon.colcon_core.verb:set package 'yahboom_rosmaster_system_tests' build argument 'cmake_force_configure' from command line to 'False'
[1.095s] Level 5:colcon.colcon_core.verb:set package 'yahboom_rosmaster_system_tests' build argument 'ament_cmake_args' from command line to 'None'
[1.095s] Level 5:colcon.colcon_core.verb:set package 'yahboom_rosmaster_system_tests' build argument 'catkin_cmake_args' from command line to 'None'
[1.095s] Level 5:colcon.colcon_core.verb:set package 'yahboom_rosmaster_system_tests' build argument 'catkin_skip_building_tests' from command line to 'False'
[1.095s] DEBUG:colcon.colcon_core.verb:Building package 'yahboom_rosmaster_system_tests' with the following arguments: {'ament_cmake_args': None, 'build_base': '/home/ziad/ziad_ws/ROS2/work_space/build/yahboom_rosmaster_system_tests', 'catkin_cmake_args': None, 'catkin_skip_building_tests': False, 'cmake_args': None, 'cmake_clean_cache': False, 'cmake_clean_first': False, 'cmake_force_configure': False, 'cmake_target': None, 'cmake_target_skip_unavailable': False, 'install_base': '/home/ziad/ziad_ws/ROS2/work_space/install/yahboom_rosmaster_system_tests', 'merge_install': False, 'path': '/home/ziad/ziad_ws/ROS2/work_space/src/yahboom_rosmaster/yahboom_rosmaster_system_tests', 'symlink_install': False, 'test_result_base': None}
[1.095s] Level 5:colcon.colcon_core.verb:set package 'yahboom_rosmaster' build argument 'cmake_args' from command line to 'None'
[1.095s] Level 5:colcon.colcon_core.verb:set package 'yahboom_rosmaster' build argument 'cmake_target' from command line to 'None'
[1.095s] Level 5:colcon.colcon_core.verb:set package 'yahboom_rosmaster' build argument 'cmake_target_skip_unavailable' from command line to 'False'
[1.095s] Level 5:colcon.colcon_core.verb:set package 'yahboom_rosmaster' build argument 'cmake_clean_cache' from command line to 'False'
[1.096s] Level 5:colcon.colcon_core.verb:set package 'yahboom_rosmaster' build argument 'cmake_clean_first' from command line to 'False'
[1.096s] Level 5:colcon.colcon_core.verb:set package 'yahboom_rosmaster' build argument 'cmake_force_configure' from command line to 'False'
[1.096s] Level 5:colcon.colcon_core.verb:set package 'yahboom_rosmaster' build argument 'ament_cmake_args' from command line to 'None'
[1.096s] Level 5:colcon.colcon_core.verb:set package 'yahboom_rosmaster' build argument 'catkin_cmake_args' from command line to 'None'
[1.096s] Level 5:colcon.colcon_core.verb:set package 'yahboom_rosmaster' build argument 'catkin_skip_building_tests' from command line to 'False'
[1.096s] DEBUG:colcon.colcon_core.verb:Building package 'yahboom_rosmaster' with the following arguments: {'ament_cmake_args': None, 'build_base': '/home/ziad/ziad_ws/ROS2/work_space/build/yahboom_rosmaster', 'catkin_cmake_args': None, 'catkin_skip_building_tests': False, 'cmake_args': None, 'cmake_clean_cache': False, 'cmake_clean_first': False, 'cmake_force_configure': False, 'cmake_target': None, 'cmake_target_skip_unavailable': False, 'install_base': '/home/ziad/ziad_ws/ROS2/work_space/install/yahboom_rosmaster', 'merge_install': False, 'path': '/home/ziad/ziad_ws/ROS2/work_space/src/yahboom_rosmaster/yahboom_rosmaster', 'symlink_install': False, 'test_result_base': None}
[1.096s] INFO:colcon.colcon_core.executor:Executing jobs using 'parallel' executor
[1.097s] DEBUG:colcon.colcon_parallel_executor.executor.parallel:run_until_complete
[1.097s] INFO:colcon.colcon_ros.task.ament_cmake.build:Building ROS package in '/home/ziad/ziad_ws/ROS2/work_space/src/yahboom_rosmaster/apriltag_ros' with build type 'ament_cmake'
[1.098s] INFO:colcon.colcon_cmake.task.cmake.build:Building CMake package in '/home/ziad/ziad_ws/ROS2/work_space/src/yahboom_rosmaster/apriltag_ros'
[1.104s] INFO:colcon.colcon_core.plugin_system:Skipping extension 'colcon_core.shell.bat': Not used on non-Windows systems
[1.104s] INFO:colcon.colcon_core.shell:Skip shell extension 'powershell' for command environment: Not usable outside of PowerShell
[1.104s] DEBUG:colcon.colcon_core.shell:Skip shell extension 'dsv' for command environment
[1.113s] INFO:colcon.colcon_ros.task.ament_cmake.build:Building ROS package in '/home/ziad/ziad_ws/ROS2/work_space/src/yahboom_rosmaster/yahboom_rosmaster_msgs' with build type 'ament_cmake'
[1.113s] INFO:colcon.colcon_cmake.task.cmake.build:Building CMake package in '/home/ziad/ziad_ws/ROS2/work_space/src/yahboom_rosmaster/yahboom_rosmaster_msgs'
[1.114s] INFO:colcon.colcon_core.shell:Skip shell extension 'powershell' for command environment: Not usable outside of PowerShell
[1.114s] DEBUG:colcon.colcon_core.shell:Skip shell extension 'dsv' for command environment
[1.122s] INFO:colcon.colcon_ros.task.ament_cmake.build:Building ROS package in '/home/ziad/ziad_ws/ROS2/work_space/src/yahboom_rosmaster/yahboom_rosmaster_bringup' with build type 'ament_cmake'
[1.122s] INFO:colcon.colcon_cmake.task.cmake.build:Building CMake package in '/home/ziad/ziad_ws/ROS2/work_space/src/yahboom_rosmaster/yahboom_rosmaster_bringup'
[1.122s] INFO:colcon.colcon_core.shell:Skip shell extension 'powershell' for command environment: Not usable outside of PowerShell
[1.122s] DEBUG:colcon.colcon_core.shell:Skip shell extension 'dsv' for command environment
[1.132s] INFO:colcon.colcon_ros.task.ament_cmake.build:Building ROS package in '/home/ziad/ziad_ws/ROS2/work_space/src/yahboom_rosmaster/yahboom_rosmaster_description' with build type 'ament_cmake'
[1.133s] INFO:colcon.colcon_cmake.task.cmake.build:Building CMake package in '/home/ziad/ziad_ws/ROS2/work_space/src/yahboom_rosmaster/yahboom_rosmaster_description'
[1.133s] INFO:colcon.colcon_core.shell:Skip shell extension 'powershell' for command environment: Not usable outside of PowerShell
[1.133s] DEBUG:colcon.colcon_core.shell:Skip shell extension 'dsv' for command environment
[1.148s] DEBUG:colcon.colcon_core.event_handler.log_command:Invoking command in '/home/ziad/ziad_ws/ROS2/work_space/build/apriltag_ros': CMAKE_PREFIX_PATH=${CMAKE_PREFIX_PATH}:/home/ziad/ziad_ws/ROS2/turtlebot3_ws/install/turtlebot3_teleop:/home/ziad/ziad_ws/ROS2/turtlebot3_ws/install/turtlebot3_example:/opt/ros/jazzy DEBUGINFOD_URLS=https://debuginfod.ubuntu.com /usr/bin/cmake --build /home/ziad/ziad_ws/ROS2/work_space/build/apriltag_ros -- -j4 -l4
[1.154s] DEBUG:colcon.colcon_core.event_handler.log_command:Invoking command in '/home/ziad/ziad_ws/ROS2/work_space/build/yahboom_rosmaster_msgs': CMAKE_PREFIX_PATH=${CMAKE_PREFIX_PATH}:/home/ziad/ziad_ws/ROS2/turtlebot3_ws/install/turtlebot3_teleop:/home/ziad/ziad_ws/ROS2/turtlebot3_ws/install/turtlebot3_example:/opt/ros/jazzy DEBUGINFOD_URLS=https://debuginfod.ubuntu.com /usr/bin/cmake --build /home/ziad/ziad_ws/ROS2/work_space/build/yahboom_rosmaster_msgs -- -j4 -l4
[1.159s] DEBUG:colcon.colcon_core.event_handler.log_command:Invoking command in '/home/ziad/ziad_ws/ROS2/work_space/build/yahboom_rosmaster_bringup': CMAKE_PREFIX_PATH=${CMAKE_PREFIX_PATH}:/home/ziad/ziad_ws/ROS2/turtlebot3_ws/install/turtlebot3_teleop:/home/ziad/ziad_ws/ROS2/turtlebot3_ws/install/turtlebot3_example:/opt/ros/jazzy DEBUGINFOD_URLS=https://debuginfod.ubuntu.com /usr/bin/cmake --build /home/ziad/ziad_ws/ROS2/work_space/build/yahboom_rosmaster_bringup -- -j4 -l4
[1.165s] DEBUG:colcon.colcon_core.event_handler.log_command:Invoking command in '/home/ziad/ziad_ws/ROS2/work_space/build/yahboom_rosmaster_description': CMAKE_PREFIX_PATH=${CMAKE_PREFIX_PATH}:/home/ziad/ziad_ws/ROS2/turtlebot3_ws/install/turtlebot3_teleop:/home/ziad/ziad_ws/ROS2/turtlebot3_ws/install/turtlebot3_example:/opt/ros/jazzy DEBUGINFOD_URLS=https://debuginfod.ubuntu.com /usr/bin/cmake --build /home/ziad/ziad_ws/ROS2/work_space/build/yahboom_rosmaster_description -- -j4 -l4
[1.349s] DEBUG:colcon.colcon_core.event_handler.log_command:Invoked command in '/home/ziad/ziad_ws/ROS2/work_space/build/yahboom_rosmaster_description' returned '0': CMAKE_PREFIX_PATH=${CMAKE_PREFIX_PATH}:/home/ziad/ziad_ws/ROS2/turtlebot3_ws/install/turtlebot3_teleop:/home/ziad/ziad_ws/ROS2/turtlebot3_ws/install/turtlebot3_example:/opt/ros/jazzy DEBUGINFOD_URLS=https://debuginfod.ubuntu.com /usr/bin/cmake --build /home/ziad/ziad_ws/ROS2/work_space/build/yahboom_rosmaster_description -- -j4 -l4
[1.373s] DEBUG:colcon.colcon_core.event_handler.log_command:Invoking command in '/home/ziad/ziad_ws/ROS2/work_space/build/yahboom_rosmaster_description': CMAKE_PREFIX_PATH=${CMAKE_PREFIX_PATH}:/home/ziad/ziad_ws/ROS2/turtlebot3_ws/install/turtlebot3_teleop:/home/ziad/ziad_ws/ROS2/turtlebot3_ws/install/turtlebot3_example:/opt/ros/jazzy DEBUGINFOD_URLS=https://debuginfod.ubuntu.com /usr/bin/cmake --install /home/ziad/ziad_ws/ROS2/work_space/build/yahboom_rosmaster_description
[1.375s] DEBUG:colcon.colcon_core.event_handler.log_command:Invoked command in '/home/ziad/ziad_ws/ROS2/work_space/build/yahboom_rosmaster_bringup' returned '0': CMAKE_PREFIX_PATH=${CMAKE_PREFIX_PATH}:/home/ziad/ziad_ws/ROS2/turtlebot3_ws/install/turtlebot3_teleop:/home/ziad/ziad_ws/ROS2/turtlebot3_ws/install/turtlebot3_example:/opt/ros/jazzy DEBUGINFOD_URLS=https://debuginfod.ubuntu.com /usr/bin/cmake --build /home/ziad/ziad_ws/ROS2/work_space/build/yahboom_rosmaster_bringup -- -j4 -l4
[1.394s] DEBUG:colcon.colcon_core.event_handler.log_command:Invoking command in '/home/ziad/ziad_ws/ROS2/work_space/build/yahboom_rosmaster_bringup': CMAKE_PREFIX_PATH=${CMAKE_PREFIX_PATH}:/home/ziad/ziad_ws/ROS2/turtlebot3_ws/install/turtlebot3_teleop:/home/ziad/ziad_ws/ROS2/turtlebot3_ws/install/turtlebot3_example:/opt/ros/jazzy DEBUGINFOD_URLS=https://debuginfod.ubuntu.com /usr/bin/cmake --install /home/ziad/ziad_ws/ROS2/work_space/build/yahboom_rosmaster_bringup
[1.814s] Level 1:colcon.colcon_core.environment:create_environment_scripts_only(yahboom_rosmaster_description)
[1.816s] DEBUG:colcon.colcon_core.event_handler.log_command:Invoked command in '/home/ziad/ziad_ws/ROS2/work_space/build/yahboom_rosmaster_description' returned '0': CMAKE_PREFIX_PATH=${CMAKE_PREFIX_PATH}:/home/ziad/ziad_ws/ROS2/turtlebot3_ws/install/turtlebot3_teleop:/home/ziad/ziad_ws/ROS2/turtlebot3_ws/install/turtlebot3_example:/opt/ros/jazzy DEBUGINFOD_URLS=https://debuginfod.ubuntu.com /usr/bin/cmake --install /home/ziad/ziad_ws/ROS2/work_space/build/yahboom_rosmaster_description
[1.874s] Level 1:colcon.colcon_core.environment:checking '/home/ziad/ziad_ws/ROS2/work_space/install/yahboom_rosmaster_description' for CMake module files
[1.875s] Level 1:colcon.colcon_core.environment:checking '/home/ziad/ziad_ws/ROS2/work_space/install/yahboom_rosmaster_description' for CMake config files
[1.876s] Level 1:colcon.colcon_core.shell:create_environment_hook('yahboom_rosmaster_description', 'cmake_prefix_path')
[1.876s] INFO:colcon.colcon_core.shell:Creating environment hook '/home/ziad/ziad_ws/ROS2/work_space/install/yahboom_rosmaster_description/share/yahboom_rosmaster_description/hook/cmake_prefix_path.ps1'
[1.884s] INFO:colcon.colcon_core.shell:Creating environment descriptor '/home/ziad/ziad_ws/ROS2/work_space/install/yahboom_rosmaster_description/share/yahboom_rosmaster_description/hook/cmake_prefix_path.dsv'
[1.886s] INFO:colcon.colcon_core.shell:Creating environment hook '/home/ziad/ziad_ws/ROS2/work_space/install/yahboom_rosmaster_description/share/yahboom_rosmaster_description/hook/cmake_prefix_path.sh'
[1.888s] Level 1:colcon.colcon_core.environment:checking '/home/ziad/ziad_ws/ROS2/work_space/install/yahboom_rosmaster_description/bin'
[1.888s] Level 1:colcon.colcon_core.environment:checking '/home/ziad/ziad_ws/ROS2/work_space/install/yahboom_rosmaster_description/lib/pkgconfig/yahboom_rosmaster_description.pc'
[1.889s] Level 1:colcon.colcon_core.environment:checking '/home/ziad/ziad_ws/ROS2/work_space/install/yahboom_rosmaster_description/lib/python3.12/site-packages'
[1.889s] Level 1:colcon.colcon_core.environment:checking '/home/ziad/ziad_ws/ROS2/work_space/install/yahboom_rosmaster_description/bin'
[1.890s] INFO:colcon.colcon_core.shell:Creating package script '/home/ziad/ziad_ws/ROS2/work_space/install/yahboom_rosmaster_description/share/yahboom_rosmaster_description/package.ps1'
[1.897s] INFO:colcon.colcon_core.shell:Creating package descriptor '/home/ziad/ziad_ws/ROS2/work_space/install/yahboom_rosmaster_description/share/yahboom_rosmaster_description/package.dsv'
[1.900s] INFO:colcon.colcon_core.shell:Creating package script '/home/ziad/ziad_ws/ROS2/work_space/install/yahboom_rosmaster_description/share/yahboom_rosmaster_description/package.sh'
[1.903s] INFO:colcon.colcon_core.shell:Creating package script '/home/ziad/ziad_ws/ROS2/work_space/install/yahboom_rosmaster_description/share/yahboom_rosmaster_description/package.bash'
[1.910s] INFO:colcon.colcon_core.shell:Creating package script '/home/ziad/ziad_ws/ROS2/work_space/install/yahboom_rosmaster_description/share/yahboom_rosmaster_description/package.zsh'
[1.914s] Level 1:colcon.colcon_core.environment:create_file_with_runtime_dependencies(/home/ziad/ziad_ws/ROS2/work_space/install/yahboom_rosmaster_description/share/colcon-core/packages/yahboom_rosmaster_description)
[1.915s] Level 1:colcon.colcon_core.environment:create_environment_scripts_only(yahboom_rosmaster_description)
[1.915s] Level 1:colcon.colcon_core.environment:checking '/home/ziad/ziad_ws/ROS2/work_space/install/yahboom_rosmaster_description' for CMake module files
[1.916s] Level 1:colcon.colcon_core.environment:checking '/home/ziad/ziad_ws/ROS2/work_space/install/yahboom_rosmaster_description' for CMake config files
[1.916s] Level 1:colcon.colcon_core.shell:create_environment_hook('yahboom_rosmaster_description', 'cmake_prefix_path')
[1.916s] INFO:colcon.colcon_core.shell:Creating environment hook '/home/ziad/ziad_ws/ROS2/work_space/install/yahboom_rosmaster_description/share/yahboom_rosmaster_description/hook/cmake_prefix_path.ps1'
[1.917s] INFO:colcon.colcon_core.shell:Creating environment descriptor '/home/ziad/ziad_ws/ROS2/work_space/install/yahboom_rosmaster_description/share/yahboom_rosmaster_description/hook/cmake_prefix_path.dsv'
[1.917s] INFO:colcon.colcon_core.shell:Creating environment hook '/home/ziad/ziad_ws/ROS2/work_space/install/yahboom_rosmaster_description/share/yahboom_rosmaster_description/hook/cmake_prefix_path.sh'
[1.918s] Level 1:colcon.colcon_core.environment:checking '/home/ziad/ziad_ws/ROS2/work_space/install/yahboom_rosmaster_description/bin'
[1.918s] Level 1:colcon.colcon_core.environment:checking '/home/ziad/ziad_ws/ROS2/work_space/install/yahboom_rosmaster_description/lib/pkgconfig/yahboom_rosmaster_description.pc'
[1.918s] Level 1:colcon.colcon_core.environment:checking '/home/ziad/ziad_ws/ROS2/work_space/install/yahboom_rosmaster_description/lib/python3.12/site-packages'
[1.918s] Level 1:colcon.colcon_core.environment:checking '/home/ziad/ziad_ws/ROS2/work_space/install/yahboom_rosmaster_description/bin'
[1.919s] INFO:colcon.colcon_core.shell:Creating package script '/home/ziad/ziad_ws/ROS2/work_space/install/yahboom_rosmaster_description/share/yahboom_rosmaster_description/package.ps1'
[1.919s] INFO:colcon.colcon_core.shell:Creating package descriptor '/home/ziad/ziad_ws/ROS2/work_space/install/yahboom_rosmaster_description/share/yahboom_rosmaster_description/package.dsv'
[1.920s] INFO:colcon.colcon_core.shell:Creating package script '/home/ziad/ziad_ws/ROS2/work_space/install/yahboom_rosmaster_description/share/yahboom_rosmaster_description/package.sh'
[1.921s] INFO:colcon.colcon_core.shell:Creating package script '/home/ziad/ziad_ws/ROS2/work_space/install/yahboom_rosmaster_description/share/yahboom_rosmaster_description/package.bash'
[1.922s] INFO:colcon.colcon_core.shell:Creating package script '/home/ziad/ziad_ws/ROS2/work_space/install/yahboom_rosmaster_description/share/yahboom_rosmaster_description/package.zsh'
[1.922s] Level 1:colcon.colcon_core.environment:create_file_with_runtime_dependencies(/home/ziad/ziad_ws/ROS2/work_space/install/yahboom_rosmaster_description/share/colcon-core/packages/yahboom_rosmaster_description)
[1.924s] INFO:colcon.colcon_ros.task.ament_cmake.build:Building ROS package in '/home/ziad/ziad_ws/ROS2/work_space/src/yahboom_rosmaster/yahboom_rosmaster_gazebo' with build type 'ament_cmake'
[1.924s] INFO:colcon.colcon_cmake.task.cmake.build:Building CMake package in '/home/ziad/ziad_ws/ROS2/work_space/src/yahboom_rosmaster/yahboom_rosmaster_gazebo'
[1.925s] INFO:colcon.colcon_core.shell:Skip shell extension 'powershell' for command environment: Not usable outside of PowerShell
[1.926s] DEBUG:colcon.colcon_core.shell:Skip shell extension 'dsv' for command environment
[1.937s] Level 1:colcon.colcon_core.environment:create_environment_scripts_only(yahboom_rosmaster_bringup)
[1.938s] Level 1:colcon.colcon_core.environment:checking '/home/ziad/ziad_ws/ROS2/work_space/install/yahboom_rosmaster_bringup' for CMake module files
[1.939s] DEBUG:colcon.colcon_core.event_handler.log_command:Invoked command in '/home/ziad/ziad_ws/ROS2/work_space/build/yahboom_rosmaster_bringup' returned '0': CMAKE_PREFIX_PATH=${CMAKE_PREFIX_PATH}:/home/ziad/ziad_ws/ROS2/turtlebot3_ws/install/turtlebot3_teleop:/home/ziad/ziad_ws/ROS2/turtlebot3_ws/install/turtlebot3_example:/opt/ros/jazzy DEBUGINFOD_URLS=https://debuginfod.ubuntu.com /usr/bin/cmake --install /home/ziad/ziad_ws/ROS2/work_space/build/yahboom_rosmaster_bringup
[1.940s] Level 1:colcon.colcon_core.environment:checking '/home/ziad/ziad_ws/ROS2/work_space/install/yahboom_rosmaster_bringup' for CMake config files
[1.943s] Level 1:colcon.colcon_core.shell:create_environment_hook('yahboom_rosmaster_bringup', 'cmake_prefix_path')
[1.944s] INFO:colcon.colcon_core.shell:Creating environment hook '/home/ziad/ziad_ws/ROS2/work_space/install/yahboom_rosmaster_bringup/share/yahboom_rosmaster_bringup/hook/cmake_prefix_path.ps1'
[1.947s] INFO:colcon.colcon_core.shell:Creating environment descriptor '/home/ziad/ziad_ws/ROS2/work_space/install/yahboom_rosmaster_bringup/share/yahboom_rosmaster_bringup/hook/cmake_prefix_path.dsv'
[1.948s] INFO:colcon.colcon_core.shell:Creating environment hook '/home/ziad/ziad_ws/ROS2/work_space/install/yahboom_rosmaster_bringup/share/yahboom_rosmaster_bringup/hook/cmake_prefix_path.sh'
[1.949s] Level 1:colcon.colcon_core.environment:checking '/home/ziad/ziad_ws/ROS2/work_space/install/yahboom_rosmaster_bringup/bin'
[1.949s] Level 1:colcon.colcon_core.environment:checking '/home/ziad/ziad_ws/ROS2/work_space/install/yahboom_rosmaster_bringup/lib/pkgconfig/yahboom_rosmaster_bringup.pc'
[1.950s] Level 1:colcon.colcon_core.environment:checking '/home/ziad/ziad_ws/ROS2/work_space/install/yahboom_rosmaster_bringup/lib/python3.12/site-packages'
[1.951s] Level 1:colcon.colcon_core.environment:checking '/home/ziad/ziad_ws/ROS2/work_space/install/yahboom_rosmaster_bringup/bin'
[1.952s] INFO:colcon.colcon_core.shell:Creating package script '/home/ziad/ziad_ws/ROS2/work_space/install/yahboom_rosmaster_bringup/share/yahboom_rosmaster_bringup/package.ps1'
[1.953s] INFO:colcon.colcon_core.shell:Creating package descriptor '/home/ziad/ziad_ws/ROS2/work_space/install/yahboom_rosmaster_bringup/share/yahboom_rosmaster_bringup/package.dsv'
[1.954s] INFO:colcon.colcon_core.shell:Creating package script '/home/ziad/ziad_ws/ROS2/work_space/install/yahboom_rosmaster_bringup/share/yahboom_rosmaster_bringup/package.sh'
[1.954s] INFO:colcon.colcon_core.shell:Creating package script '/home/ziad/ziad_ws/ROS2/work_space/install/yahboom_rosmaster_bringup/share/yahboom_rosmaster_bringup/package.bash'
[1.955s] INFO:colcon.colcon_core.shell:Creating package script '/home/ziad/ziad_ws/ROS2/work_space/install/yahboom_rosmaster_bringup/share/yahboom_rosmaster_bringup/package.zsh'
[1.955s] Level 1:colcon.colcon_core.environment:create_file_with_runtime_dependencies(/home/ziad/ziad_ws/ROS2/work_space/install/yahboom_rosmaster_bringup/share/colcon-core/packages/yahboom_rosmaster_bringup)
[1.956s] Level 1:colcon.colcon_core.environment:create_environment_scripts_only(yahboom_rosmaster_bringup)
[1.956s] Level 1:colcon.colcon_core.environment:checking '/home/ziad/ziad_ws/ROS2/work_space/install/yahboom_rosmaster_bringup' for CMake module files
[1.957s] Level 1:colcon.colcon_core.environment:checking '/home/ziad/ziad_ws/ROS2/work_space/install/yahboom_rosmaster_bringup' for CMake config files
[1.957s] Level 1:colcon.colcon_core.shell:create_environment_hook('yahboom_rosmaster_bringup', 'cmake_prefix_path')
[1.958s] INFO:colcon.colcon_core.shell:Creating environment hook '/home/ziad/ziad_ws/ROS2/work_space/install/yahboom_rosmaster_bringup/share/yahboom_rosmaster_bringup/hook/cmake_prefix_path.ps1'
[1.958s] INFO:colcon.colcon_core.shell:Creating environment descriptor '/home/ziad/ziad_ws/ROS2/work_space/install/yahboom_rosmaster_bringup/share/yahboom_rosmaster_bringup/hook/cmake_prefix_path.dsv'
[1.959s] INFO:colcon.colcon_core.shell:Creating environment hook '/home/ziad/ziad_ws/ROS2/work_space/install/yahboom_rosmaster_bringup/share/yahboom_rosmaster_bringup/hook/cmake_prefix_path.sh'
[1.960s] Level 1:colcon.colcon_core.environment:checking '/home/ziad/ziad_ws/ROS2/work_space/install/yahboom_rosmaster_bringup/bin'
[1.961s] Level 1:colcon.colcon_core.environment:checking '/home/ziad/ziad_ws/ROS2/work_space/install/yahboom_rosmaster_bringup/lib/pkgconfig/yahboom_rosmaster_bringup.pc'
[1.963s] Level 1:colcon.colcon_core.environment:checking '/home/ziad/ziad_ws/ROS2/work_space/install/yahboom_rosmaster_bringup/lib/python3.12/site-packages'
[1.964s] Level 1:colcon.colcon_core.environment:checking '/home/ziad/ziad_ws/ROS2/work_space/install/yahboom_rosmaster_bringup/bin'
[1.964s] INFO:colcon.colcon_core.shell:Creating package script '/home/ziad/ziad_ws/ROS2/work_space/install/yahboom_rosmaster_bringup/share/yahboom_rosmaster_bringup/package.ps1'
[1.965s] INFO:colcon.colcon_core.shell:Creating package descriptor '/home/ziad/ziad_ws/ROS2/work_space/install/yahboom_rosmaster_bringup/share/yahboom_rosmaster_bringup/package.dsv'
[1.966s] INFO:colcon.colcon_core.shell:Creating package script '/home/ziad/ziad_ws/ROS2/work_space/install/yahboom_rosmaster_bringup/share/yahboom_rosmaster_bringup/package.sh'
[1.968s] INFO:colcon.colcon_core.shell:Creating package script '/home/ziad/ziad_ws/ROS2/work_space/install/yahboom_rosmaster_bringup/share/yahboom_rosmaster_bringup/package.bash'
[1.968s] INFO:colcon.colcon_core.shell:Creating package script '/home/ziad/ziad_ws/ROS2/work_space/install/yahboom_rosmaster_bringup/share/yahboom_rosmaster_bringup/package.zsh'
[1.969s] Level 1:colcon.colcon_core.environment:create_file_with_runtime_dependencies(/home/ziad/ziad_ws/ROS2/work_space/install/yahboom_rosmaster_bringup/share/colcon-core/packages/yahboom_rosmaster_bringup)
[1.971s] INFO:colcon.colcon_ros.task.ament_cmake.build:Building ROS package in '/home/ziad/ziad_ws/ROS2/work_space/src/yahboom_rosmaster/yahboom_rosmaster_localization' with build type 'ament_cmake'
[1.972s] INFO:colcon.colcon_cmake.task.cmake.build:Building CMake package in '/home/ziad/ziad_ws/ROS2/work_space/src/yahboom_rosmaster/yahboom_rosmaster_localization'
[1.972s] INFO:colcon.colcon_core.shell:Skip shell extension 'powershell' for command environment: Not usable outside of PowerShell
[1.972s] DEBUG:colcon.colcon_core.shell:Skip shell extension 'dsv' for command environment
[1.988s] DEBUG:colcon.colcon_core.event_handler.log_command:Invoking command in '/home/ziad/ziad_ws/ROS2/work_space/build/yahboom_rosmaster_gazebo': CMAKE_PREFIX_PATH=${CMAKE_PREFIX_PATH}:/home/ziad/ziad_ws/ROS2/turtlebot3_ws/install/turtlebot3_teleop:/home/ziad/ziad_ws/ROS2/turtlebot3_ws/install/turtlebot3_example:/opt/ros/jazzy DEBUGINFOD_URLS=https://debuginfod.ubuntu.com /usr/bin/cmake --build /home/ziad/ziad_ws/ROS2/work_space/build/yahboom_rosmaster_gazebo -- -j4 -l4
[2.002s] DEBUG:colcon.colcon_core.event_handler.log_command:Invoking command in '/home/ziad/ziad_ws/ROS2/work_space/build/yahboom_rosmaster_localization': CMAKE_PREFIX_PATH=${CMAKE_PREFIX_PATH}:/home/ziad/ziad_ws/ROS2/turtlebot3_ws/install/turtlebot3_teleop:/home/ziad/ziad_ws/ROS2/turtlebot3_ws/install/turtlebot3_example:/opt/ros/jazzy DEBUGINFOD_URLS=https://debuginfod.ubuntu.com /usr/bin/cmake --build /home/ziad/ziad_ws/ROS2/work_space/build/yahboom_rosmaster_localization -- -j4 -l4
[2.111s] DEBUG:colcon.colcon_core.event_handler.log_command:Invoked command in '/home/ziad/ziad_ws/ROS2/work_space/build/yahboom_rosmaster_localization' returned '0': CMAKE_PREFIX_PATH=${CMAKE_PREFIX_PATH}:/home/ziad/ziad_ws/ROS2/turtlebot3_ws/install/turtlebot3_teleop:/home/ziad/ziad_ws/ROS2/turtlebot3_ws/install/turtlebot3_example:/opt/ros/jazzy DEBUGINFOD_URLS=https://debuginfod.ubuntu.com /usr/bin/cmake --build /home/ziad/ziad_ws/ROS2/work_space/build/yahboom_rosmaster_localization -- -j4 -l4
[2.125s] DEBUG:colcon.colcon_core.event_handler.log_command:Invoking command in '/home/ziad/ziad_ws/ROS2/work_space/build/yahboom_rosmaster_localization': CMAKE_PREFIX_PATH=${CMAKE_PREFIX_PATH}:/home/ziad/ziad_ws/ROS2/turtlebot3_ws/install/turtlebot3_teleop:/home/ziad/ziad_ws/ROS2/turtlebot3_ws/install/turtlebot3_example:/opt/ros/jazzy DEBUGINFOD_URLS=https://debuginfod.ubuntu.com /usr/bin/cmake --install /home/ziad/ziad_ws/ROS2/work_space/build/yahboom_rosmaster_localization
[2.180s] DEBUG:colcon.colcon_core.event_handler.log_command:Invoked command in '/home/ziad/ziad_ws/ROS2/work_space/build/apriltag_ros' returned '0': CMAKE_PREFIX_PATH=${CMAKE_PREFIX_PATH}:/home/ziad/ziad_ws/ROS2/turtlebot3_ws/install/turtlebot3_teleop:/home/ziad/ziad_ws/ROS2/turtlebot3_ws/install/turtlebot3_example:/opt/ros/jazzy DEBUGINFOD_URLS=https://debuginfod.ubuntu.com /usr/bin/cmake --build /home/ziad/ziad_ws/ROS2/work_space/build/apriltag_ros -- -j4 -l4
[2.189s] DEBUG:colcon.colcon_core.event_handler.log_command:Invoking command in '/home/ziad/ziad_ws/ROS2/work_space/build/apriltag_ros': CMAKE_PREFIX_PATH=${CMAKE_PREFIX_PATH}:/home/ziad/ziad_ws/ROS2/turtlebot3_ws/install/turtlebot3_teleop:/home/ziad/ziad_ws/ROS2/turtlebot3_ws/install/turtlebot3_example:/opt/ros/jazzy DEBUGINFOD_URLS=https://debuginfod.ubuntu.com /usr/bin/cmake --install /home/ziad/ziad_ws/ROS2/work_space/build/apriltag_ros
[2.221s] Level 1:colcon.colcon_core.environment:create_environment_scripts_only(yahboom_rosmaster_localization)
[2.221s] DEBUG:colcon.colcon_core.event_handler.log_command:Invoked command in '/home/ziad/ziad_ws/ROS2/work_space/build/yahboom_rosmaster_localization' returned '0': CMAKE_PREFIX_PATH=${CMAKE_PREFIX_PATH}:/home/ziad/ziad_ws/ROS2/turtlebot3_ws/install/turtlebot3_teleop:/home/ziad/ziad_ws/ROS2/turtlebot3_ws/install/turtlebot3_example:/opt/ros/jazzy DEBUGINFOD_URLS=https://debuginfod.ubuntu.com /usr/bin/cmake --install /home/ziad/ziad_ws/ROS2/work_space/build/yahboom_rosmaster_localization
[2.222s] Level 1:colcon.colcon_core.environment:checking '/home/ziad/ziad_ws/ROS2/work_space/install/yahboom_rosmaster_localization' for CMake module files
[2.223s] Level 1:colcon.colcon_core.environment:checking '/home/ziad/ziad_ws/ROS2/work_space/install/yahboom_rosmaster_localization' for CMake config files
[2.223s] Level 1:colcon.colcon_core.shell:create_environment_hook('yahboom_rosmaster_localization', 'cmake_prefix_path')
[2.224s] INFO:colcon.colcon_core.shell:Creating environment hook '/home/ziad/ziad_ws/ROS2/work_space/install/yahboom_rosmaster_localization/share/yahboom_rosmaster_localization/hook/cmake_prefix_path.ps1'
[2.225s] INFO:colcon.colcon_core.shell:Creating environment descriptor '/home/ziad/ziad_ws/ROS2/work_space/install/yahboom_rosmaster_localization/share/yahboom_rosmaster_localization/hook/cmake_prefix_path.dsv'
[2.226s] INFO:colcon.colcon_core.shell:Creating environment hook '/home/ziad/ziad_ws/ROS2/work_space/install/yahboom_rosmaster_localization/share/yahboom_rosmaster_localization/hook/cmake_prefix_path.sh'
[2.229s] Level 1:colcon.colcon_core.environment:checking '/home/ziad/ziad_ws/ROS2/work_space/install/yahboom_rosmaster_localization/bin'
[2.229s] Level 1:colcon.colcon_core.environment:checking '/home/ziad/ziad_ws/ROS2/work_space/install/yahboom_rosmaster_localization/lib/pkgconfig/yahboom_rosmaster_localization.pc'
[2.229s] Level 1:colcon.colcon_core.environment:checking '/home/ziad/ziad_ws/ROS2/work_space/install/yahboom_rosmaster_localization/lib/python3.12/site-packages'
[2.230s] Level 1:colcon.colcon_core.environment:checking '/home/ziad/ziad_ws/ROS2/work_space/install/yahboom_rosmaster_localization/bin'
[2.230s] INFO:colcon.colcon_core.shell:Creating package script '/home/ziad/ziad_ws/ROS2/work_space/install/yahboom_rosmaster_localization/share/yahboom_rosmaster_localization/package.ps1'
[2.231s] INFO:colcon.colcon_core.shell:Creating package descriptor '/home/ziad/ziad_ws/ROS2/work_space/install/yahboom_rosmaster_localization/share/yahboom_rosmaster_localization/package.dsv'
[2.232s] INFO:colcon.colcon_core.shell:Creating package script '/home/ziad/ziad_ws/ROS2/work_space/install/yahboom_rosmaster_localization/share/yahboom_rosmaster_localization/package.sh'
[2.233s] INFO:colcon.colcon_core.shell:Creating package script '/home/ziad/ziad_ws/ROS2/work_space/install/yahboom_rosmaster_localization/share/yahboom_rosmaster_localization/package.bash'
[2.234s] INFO:colcon.colcon_core.shell:Creating package script '/home/ziad/ziad_ws/ROS2/work_space/install/yahboom_rosmaster_localization/share/yahboom_rosmaster_localization/package.zsh'
[2.235s] Level 1:colcon.colcon_core.environment:create_file_with_runtime_dependencies(/home/ziad/ziad_ws/ROS2/work_space/install/yahboom_rosmaster_localization/share/colcon-core/packages/yahboom_rosmaster_localization)
[2.236s] Level 1:colcon.colcon_core.environment:create_environment_scripts_only(yahboom_rosmaster_localization)
[2.236s] Level 1:colcon.colcon_core.environment:checking '/home/ziad/ziad_ws/ROS2/work_space/install/yahboom_rosmaster_localization' for CMake module files
[2.237s] Level 1:colcon.colcon_core.environment:checking '/home/ziad/ziad_ws/ROS2/work_space/install/yahboom_rosmaster_localization' for CMake config files
[2.237s] Level 1:colcon.colcon_core.shell:create_environment_hook('yahboom_rosmaster_localization', 'cmake_prefix_path')
[2.237s] INFO:colcon.colcon_core.shell:Creating environment hook '/home/ziad/ziad_ws/ROS2/work_space/install/yahboom_rosmaster_localization/share/yahboom_rosmaster_localization/hook/cmake_prefix_path.ps1'
[2.238s] INFO:colcon.colcon_core.shell:Creating environment descriptor '/home/ziad/ziad_ws/ROS2/work_space/install/yahboom_rosmaster_localization/share/yahboom_rosmaster_localization/hook/cmake_prefix_path.dsv'
[2.238s] INFO:colcon.colcon_core.shell:Creating environment hook '/home/ziad/ziad_ws/ROS2/work_space/install/yahboom_rosmaster_localization/share/yahboom_rosmaster_localization/hook/cmake_prefix_path.sh'
[2.239s] Level 1:colcon.colcon_core.environment:checking '/home/ziad/ziad_ws/ROS2/work_space/install/yahboom_rosmaster_localization/bin'
[2.239s] Level 1:colcon.colcon_core.environment:checking '/home/ziad/ziad_ws/ROS2/work_space/install/yahboom_rosmaster_localization/lib/pkgconfig/yahboom_rosmaster_localization.pc'
[2.239s] Level 1:colcon.colcon_core.environment:checking '/home/ziad/ziad_ws/ROS2/work_space/install/yahboom_rosmaster_localization/lib/python3.12/site-packages'
[2.240s] Level 1:colcon.colcon_core.environment:checking '/home/ziad/ziad_ws/ROS2/work_space/install/yahboom_rosmaster_localization/bin'
[2.240s] INFO:colcon.colcon_core.shell:Creating package script '/home/ziad/ziad_ws/ROS2/work_space/install/yahboom_rosmaster_localization/share/yahboom_rosmaster_localization/package.ps1'
[2.240s] INFO:colcon.colcon_core.shell:Creating package descriptor '/home/ziad/ziad_ws/ROS2/work_space/install/yahboom_rosmaster_localization/share/yahboom_rosmaster_localization/package.dsv'
[2.241s] INFO:colcon.colcon_core.shell:Creating package script '/home/ziad/ziad_ws/ROS2/work_space/install/yahboom_rosmaster_localization/share/yahboom_rosmaster_localization/package.sh'
[2.242s] INFO:colcon.colcon_core.shell:Creating package script '/home/ziad/ziad_ws/ROS2/work_space/install/yahboom_rosmaster_localization/share/yahboom_rosmaster_localization/package.bash'
[2.243s] INFO:colcon.colcon_core.shell:Creating package script '/home/ziad/ziad_ws/ROS2/work_space/install/yahboom_rosmaster_localization/share/yahboom_rosmaster_localization/package.zsh'
[2.244s] Level 1:colcon.colcon_core.environment:create_file_with_runtime_dependencies(/home/ziad/ziad_ws/ROS2/work_space/install/yahboom_rosmaster_localization/share/colcon-core/packages/yahboom_rosmaster_localization)
[2.245s] INFO:colcon.colcon_ros.task.ament_cmake.build:Building ROS package in '/home/ziad/ziad_ws/ROS2/work_space/src/yahboom_rosmaster/yahboom_rosmaster_navigation' with build type 'ament_cmake'
[2.245s] INFO:colcon.colcon_cmake.task.cmake.build:Building CMake package in '/home/ziad/ziad_ws/ROS2/work_space/src/yahboom_rosmaster/yahboom_rosmaster_navigation'
[2.245s] INFO:colcon.colcon_core.shell:Skip shell extension 'powershell' for command environment: Not usable outside of PowerShell
[2.245s] DEBUG:colcon.colcon_core.shell:Skip shell extension 'dsv' for command environment
[2.275s] DEBUG:colcon.colcon_core.event_handler.log_command:Invoking command in '/home/ziad/ziad_ws/ROS2/work_space/build/yahboom_rosmaster_navigation': CMAKE_PREFIX_PATH=${CMAKE_PREFIX_PATH}:/home/ziad/ziad_ws/ROS2/turtlebot3_ws/install/turtlebot3_teleop:/home/ziad/ziad_ws/ROS2/turtlebot3_ws/install/turtlebot3_example:/opt/ros/jazzy DEBUGINFOD_URLS=https://debuginfod.ubuntu.com /usr/bin/cmake --build /home/ziad/ziad_ws/ROS2/work_space/build/yahboom_rosmaster_navigation -- -j4 -l4
[2.313s] Level 1:colcon.colcon_core.environment:create_environment_scripts_only(apriltag_ros)
[2.314s] Level 1:colcon.colcon_core.environment:checking '/home/ziad/ziad_ws/ROS2/work_space/install/apriltag_ros' for CMake module files
[2.315s] DEBUG:colcon.colcon_core.event_handler.log_command:Invoked command in '/home/ziad/ziad_ws/ROS2/work_space/build/apriltag_ros' returned '0': CMAKE_PREFIX_PATH=${CMAKE_PREFIX_PATH}:/home/ziad/ziad_ws/ROS2/turtlebot3_ws/install/turtlebot3_teleop:/home/ziad/ziad_ws/ROS2/turtlebot3_ws/install/turtlebot3_example:/opt/ros/jazzy DEBUGINFOD_URLS=https://debuginfod.ubuntu.com /usr/bin/cmake --install /home/ziad/ziad_ws/ROS2/work_space/build/apriltag_ros
[2.316s] Level 1:colcon.colcon_core.environment:checking '/home/ziad/ziad_ws/ROS2/work_space/install/apriltag_ros' for CMake config files
[2.316s] Level 1:colcon.colcon_core.shell:create_environment_hook('apriltag_ros', 'cmake_prefix_path')
[2.317s] INFO:colcon.colcon_core.shell:Creating environment hook '/home/ziad/ziad_ws/ROS2/work_space/install/apriltag_ros/share/apriltag_ros/hook/cmake_prefix_path.ps1'
[2.318s] INFO:colcon.colcon_core.shell:Creating environment descriptor '/home/ziad/ziad_ws/ROS2/work_space/install/apriltag_ros/share/apriltag_ros/hook/cmake_prefix_path.dsv'
[2.319s] INFO:colcon.colcon_core.shell:Creating environment hook '/home/ziad/ziad_ws/ROS2/work_space/install/apriltag_ros/share/apriltag_ros/hook/cmake_prefix_path.sh'
[2.320s] Level 1:colcon.colcon_core.environment:checking '/home/ziad/ziad_ws/ROS2/work_space/install/apriltag_ros/lib'
[2.320s] Level 1:colcon.colcon_core.shell:create_environment_hook('apriltag_ros', 'ld_library_path_lib')
[2.320s] INFO:colcon.colcon_core.shell:Creating environment hook '/home/ziad/ziad_ws/ROS2/work_space/install/apriltag_ros/share/apriltag_ros/hook/ld_library_path_lib.ps1'
[2.321s] INFO:colcon.colcon_core.shell:Creating environment descriptor '/home/ziad/ziad_ws/ROS2/work_space/install/apriltag_ros/share/apriltag_ros/hook/ld_library_path_lib.dsv'
[2.322s] INFO:colcon.colcon_core.shell:Creating environment hook '/home/ziad/ziad_ws/ROS2/work_space/install/apriltag_ros/share/apriltag_ros/hook/ld_library_path_lib.sh'
[2.323s] Level 1:colcon.colcon_core.environment:checking '/home/ziad/ziad_ws/ROS2/work_space/install/apriltag_ros/bin'
[2.323s] Level 1:colcon.colcon_core.environment:checking '/home/ziad/ziad_ws/ROS2/work_space/install/apriltag_ros/lib/pkgconfig/apriltag_ros.pc'
[2.323s] Level 1:colcon.colcon_core.environment:checking '/home/ziad/ziad_ws/ROS2/work_space/install/apriltag_ros/lib/python3.12/site-packages'
[2.324s] Level 1:colcon.colcon_core.environment:checking '/home/ziad/ziad_ws/ROS2/work_space/install/apriltag_ros/bin'
[2.324s] INFO:colcon.colcon_core.shell:Creating package script '/home/ziad/ziad_ws/ROS2/work_space/install/apriltag_ros/share/apriltag_ros/package.ps1'
[2.325s] INFO:colcon.colcon_core.shell:Creating package descriptor '/home/ziad/ziad_ws/ROS2/work_space/install/apriltag_ros/share/apriltag_ros/package.dsv'
[2.326s] INFO:colcon.colcon_core.shell:Creating package script '/home/ziad/ziad_ws/ROS2/work_space/install/apriltag_ros/share/apriltag_ros/package.sh'
[2.327s] INFO:colcon.colcon_core.shell:Creating package script '/home/ziad/ziad_ws/ROS2/work_space/install/apriltag_ros/share/apriltag_ros/package.bash'
[2.328s] INFO:colcon.colcon_core.shell:Creating package script '/home/ziad/ziad_ws/ROS2/work_space/install/apriltag_ros/share/apriltag_ros/package.zsh'
[2.329s] Level 1:colcon.colcon_core.environment:create_file_with_runtime_dependencies(/home/ziad/ziad_ws/ROS2/work_space/install/apriltag_ros/share/colcon-core/packages/apriltag_ros)
[2.330s] Level 1:colcon.colcon_core.environment:create_environment_scripts_only(apriltag_ros)
[2.330s] Level 1:colcon.colcon_core.environment:checking '/home/ziad/ziad_ws/ROS2/work_space/install/apriltag_ros' for CMake module files
[2.331s] Level 1:colcon.colcon_core.environment:checking '/home/ziad/ziad_ws/ROS2/work_space/install/apriltag_ros' for CMake config files
[2.332s] Level 1:colcon.colcon_core.shell:create_environment_hook('apriltag_ros', 'cmake_prefix_path')
[2.332s] INFO:colcon.colcon_core.shell:Creating environment hook '/home/ziad/ziad_ws/ROS2/work_space/install/apriltag_ros/share/apriltag_ros/hook/cmake_prefix_path.ps1'
[2.333s] INFO:colcon.colcon_core.shell:Creating environment descriptor '/home/ziad/ziad_ws/ROS2/work_space/install/apriltag_ros/share/apriltag_ros/hook/cmake_prefix_path.dsv'
[2.333s] INFO:colcon.colcon_core.shell:Creating environment hook '/home/ziad/ziad_ws/ROS2/work_space/install/apriltag_ros/share/apriltag_ros/hook/cmake_prefix_path.sh'
[2.334s] Level 1:colcon.colcon_core.environment:checking '/home/ziad/ziad_ws/ROS2/work_space/install/apriltag_ros/lib'
[2.334s] Level 1:colcon.colcon_core.shell:create_environment_hook('apriltag_ros', 'ld_library_path_lib')
[2.334s] INFO:colcon.colcon_core.shell:Creating environment hook '/home/ziad/ziad_ws/ROS2/work_space/install/apriltag_ros/share/apriltag_ros/hook/ld_library_path_lib.ps1'
[2.335s] INFO:colcon.colcon_core.shell:Creating environment descriptor '/home/ziad/ziad_ws/ROS2/work_space/install/apriltag_ros/share/apriltag_ros/hook/ld_library_path_lib.dsv'
[2.335s] INFO:colcon.colcon_core.shell:Creating environment hook '/home/ziad/ziad_ws/ROS2/work_space/install/apriltag_ros/share/apriltag_ros/hook/ld_library_path_lib.sh'
[2.336s] Level 1:colcon.colcon_core.environment:checking '/home/ziad/ziad_ws/ROS2/work_space/install/apriltag_ros/bin'
[2.336s] Level 1:colcon.colcon_core.environment:checking '/home/ziad/ziad_ws/ROS2/work_space/install/apriltag_ros/lib/pkgconfig/apriltag_ros.pc'
[2.336s] Level 1:colcon.colcon_core.environment:checking '/home/ziad/ziad_ws/ROS2/work_space/install/apriltag_ros/lib/python3.12/site-packages'
[2.336s] Level 1:colcon.colcon_core.environment:checking '/home/ziad/ziad_ws/ROS2/work_space/install/apriltag_ros/bin'
[2.336s] INFO:colcon.colcon_core.shell:Creating package script '/home/ziad/ziad_ws/ROS2/work_space/install/apriltag_ros/share/apriltag_ros/package.ps1'
[2.337s] INFO:colcon.colcon_core.shell:Creating package descriptor '/home/ziad/ziad_ws/ROS2/work_space/install/apriltag_ros/share/apriltag_ros/package.dsv'
[2.340s] INFO:colcon.colcon_core.shell:Creating package script '/home/ziad/ziad_ws/ROS2/work_space/install/apriltag_ros/share/apriltag_ros/package.sh'
[2.341s] INFO:colcon.colcon_core.shell:Creating package script '/home/ziad/ziad_ws/ROS2/work_space/install/apriltag_ros/share/apriltag_ros/package.bash'
[2.341s] INFO:colcon.colcon_core.shell:Creating package script '/home/ziad/ziad_ws/ROS2/work_space/install/apriltag_ros/share/apriltag_ros/package.zsh'
[2.342s] Level 1:colcon.colcon_core.environment:create_file_with_runtime_dependencies(/home/ziad/ziad_ws/ROS2/work_space/install/apriltag_ros/share/colcon-core/packages/apriltag_ros)
[2.343s] INFO:colcon.colcon_ros.task.ament_cmake.build:Building ROS package in '/home/ziad/ziad_ws/ROS2/work_space/src/yahboom_rosmaster/yahboom_rosmaster_docking' with build type 'ament_cmake'
[2.343s] INFO:colcon.colcon_cmake.task.cmake.build:Building CMake package in '/home/ziad/ziad_ws/ROS2/work_space/src/yahboom_rosmaster/yahboom_rosmaster_docking'
[2.343s] INFO:colcon.colcon_core.shell:Skip shell extension 'powershell' for command environment: Not usable outside of PowerShell
[2.343s] DEBUG:colcon.colcon_core.shell:Skip shell extension 'dsv' for command environment
[2.360s] DEBUG:colcon.colcon_core.event_handler.log_command:Invoked command in '/home/ziad/ziad_ws/ROS2/work_space/build/yahboom_rosmaster_gazebo' returned '0': CMAKE_PREFIX_PATH=${CMAKE_PREFIX_PATH}:/home/ziad/ziad_ws/ROS2/turtlebot3_ws/install/turtlebot3_teleop:/home/ziad/ziad_ws/ROS2/turtlebot3_ws/install/turtlebot3_example:/opt/ros/jazzy DEBUGINFOD_URLS=https://debuginfod.ubuntu.com /usr/bin/cmake --build /home/ziad/ziad_ws/ROS2/work_space/build/yahboom_rosmaster_gazebo -- -j4 -l4
[2.370s] DEBUG:colcon.colcon_core.event_handler.log_command:Invoking command in '/home/ziad/ziad_ws/ROS2/work_space/build/yahboom_rosmaster_gazebo': CMAKE_PREFIX_PATH=${CMAKE_PREFIX_PATH}:/home/ziad/ziad_ws/ROS2/turtlebot3_ws/install/turtlebot3_teleop:/home/ziad/ziad_ws/ROS2/turtlebot3_ws/install/turtlebot3_example:/opt/ros/jazzy DEBUGINFOD_URLS=https://debuginfod.ubuntu.com /usr/bin/cmake --install /home/ziad/ziad_ws/ROS2/work_space/build/yahboom_rosmaster_gazebo
[2.389s] DEBUG:colcon.colcon_core.event_handler.log_command:Invoking command in '/home/ziad/ziad_ws/ROS2/work_space/build/yahboom_rosmaster_docking': CMAKE_PREFIX_PATH=/home/ziad/ziad_ws/ROS2/work_space/install/apriltag_ros:/home/ziad/ziad_ws/ROS2/work_space/install/yahboom_rosmaster:/home/ziad/ziad_ws/ROS2/work_space/install/yahboom_rosmaster_system_tests:/home/ziad/ziad_ws/ROS2/work_space/install/yahboom_rosmaster_navigation:/home/ziad/ziad_ws/ROS2/work_space/install/yahboom_rosmaster_msgs:/home/ziad/ziad_ws/ROS2/work_space/install/yahboom_rosmaster_localization:/home/ziad/ziad_ws/ROS2/work_space/install/yahboom_rosmaster_gazebo:/home/ziad/ziad_ws/ROS2/work_space/install/yahboom_rosmaster_docking:/home/ziad/ziad_ws/ROS2/work_space/install/yahboom_rosmaster_description:/home/ziad/ziad_ws/ROS2/work_space/install/yahboom_rosmaster_bringup:/home/ziad/ziad_ws/ROS2/work_space/install/ros2_control_turtel_bot:/home/ziad/ziad_ws/ROS2/work_space/install/mecanum_drive_controller:/home/ziad/ziad_ws/ROS2/work_space/install/custom_action_interfaces:/home/ziad/ziad_ws/ROS2/turtlebot3_ws/install/turtlebot3_simulations:/home/ziad/ziad_ws/ROS2/turtlebot3_ws/install/turtlebot3_fake_node:/home/ziad/ziad_ws/ROS2/turtlebot3_ws/install/turtlebot3_gazebo:/home/ziad/ziad_ws/ROS2/turtlebot3_ws/install/urdf_tutorial_cpp:/home/ziad/ziad_ws/ROS2/turtlebot3_ws/install/turtlebot3:/home/ziad/ziad_ws/ROS2/turtlebot3_ws/install/turtlebot3_bringup:/home/ziad/ziad_ws/ROS2/turtlebot3_ws/install/turtlebot3_node:/home/ziad/ziad_ws/ROS2/turtlebot3_ws/install/turtlebot3_navigation2:/home/ziad/ziad_ws/ROS2/turtlebot3_ws/install/turtlebot3_msgs:/home/ziad/ziad_ws/ROS2/turtlebot3_ws/install/turtlebot3_description:/home/ziad/ziad_ws/ROS2/turtlebot3_ws/install/turtlebot3_cartographer:/home/ziad/ziad_ws/ROS2/turtlebot3_ws/install/simple_pub_sub:/home/ziad/ziad_ws/ROS2/turtlebot3_ws/install/learning_tf2_cpp:/home/ziad/ziad_ws/ROS2/turtlebot3_ws/install/dynamixel_sdk_examples:/home/ziad/ziad_ws/ROS2/turtlebot3_ws/install/dynamixel_sdk_custom_interfaces:/home/ziad/ziad_ws/ROS2/turtlebot3_ws/install/dynamixel_sdk:/home/ziad/ziad_ws/ROS2/tutorials_work_sapce/install/urdf_tutorial_cpp:/home/ziad/ziad_ws/ROS2/tutorials_work_sapce/install/learning_tf2_cpp:/home/ziad/ziad_ws/ROS2/tutorials_work_sapce/install/simple_pub_sub:/home/ziad/ziad_ws/ROS2/tutorials_work_sapce/install/ros2_service:/opt/ros/jazzy/opt/gz_sim_vendor:/opt/ros/jazzy/opt/gz_sensors_vendor:/opt/ros/jazzy/opt/gz_physics_vendor:/opt/ros/jazzy/opt/sdformat_vendor:/opt/ros/jazzy/opt/gz_gui_vendor:/opt/ros/jazzy/opt/gz_transport_vendor:/opt/ros/jazzy/opt/gz_rendering_vendor:/opt/ros/jazzy/opt/gz_plugin_vendor:/opt/ros/jazzy/opt/gz_fuel_tools_vendor:/opt/ros/jazzy/opt/gz_msgs_vendor:/opt/ros/jazzy/opt/gz_common_vendor:/opt/ros/jazzy/opt/gz_math_vendor:/opt/ros/jazzy/opt/gz_utils_vendor:/opt/ros/jazzy/opt/gz_tools_vendor:/opt/ros/jazzy/opt/gz_ogre_next_vendor:/opt/ros/jazzy/opt/gz_dartsim_vendor:/opt/ros/jazzy/opt/gz_cmake_vendor:/home/ziad/ziad_ws/ROS2/turtlebot3_ws/install/turtlebot3_teleop:/home/ziad/ziad_ws/ROS2/turtlebot3_ws/install/turtlebot3_example:/opt/ros/jazzy DEBUGINFOD_URLS=https://debuginfod.ubuntu.com LD_LIBRARY_PATH=/home/ziad/ziad_ws/ROS2/work_space/install/apriltag_ros/lib:/home/ziad/ziad_ws/ROS2/work_space/install/yahboom_rosmaster_msgs/lib:/home/ziad/ziad_ws/ROS2/work_space/install/mecanum_drive_controller/lib:/home/ziad/ziad_ws/ROS2/turtlebot3_ws/install/turtlebot3_msgs/lib:/home/ziad/ziad_ws/ROS2/turtlebot3_ws/install/dynamixel_sdk_custom_interfaces/lib:/home/ziad/ziad_ws/ROS2/turtlebot3_ws/install/dynamixel_sdk/lib:/home/ziad/ziad_ws/ROS2/tutorials_work_sapce/install/ros2_service/lib:/opt/ros/jazzy/opt/gz_sim_vendor/lib:/opt/ros/jazzy/opt/gz_sensors_vendor/lib:/opt/ros/jazzy/opt/gz_physics_vendor/lib:/opt/ros/jazzy/opt/sdformat_vendor/lib:/opt/ros/jazzy/opt/rviz_ogre_vendor/lib:/opt/ros/jazzy/lib/x86_64-linux-gnu:/opt/ros/jazzy/opt/gz_gui_vendor/lib:/opt/ros/jazzy/opt/gz_transport_vendor/lib:/opt/ros/jazzy/opt/gz_rendering_vendor/lib:/opt/ros/jazzy/opt/gz_plugin_vendor/lib:/opt/ros/jazzy/opt/gz_fuel_tools_vendor/lib:/opt/ros/jazzy/opt/gz_msgs_vendor/lib:/opt/ros/jazzy/opt/gz_common_vendor/lib:/opt/ros/jazzy/opt/gz_math_vendor/lib:/opt/ros/jazzy/opt/gz_utils_vendor/lib:/opt/ros/jazzy/opt/gz_tools_vendor/lib:/opt/ros/jazzy/opt/gz_ogre_next_vendor/lib:/opt/ros/jazzy/opt/gz_dartsim_vendor/lib:/opt/ros/jazzy/opt/gz_cmake_vendor/lib:/opt/ros/jazzy/lib /usr/bin/cmake --build /home/ziad/ziad_ws/ROS2/work_space/build/yahboom_rosmaster_docking -- -j4 -l4
[2.606s] DEBUG:colcon.colcon_core.event_handler.log_command:Invoked command in '/home/ziad/ziad_ws/ROS2/work_space/build/yahboom_rosmaster_docking' returned '0': CMAKE_PREFIX_PATH=/home/ziad/ziad_ws/ROS2/work_space/install/apriltag_ros:/home/ziad/ziad_ws/ROS2/work_space/install/yahboom_rosmaster:/home/ziad/ziad_ws/ROS2/work_space/install/yahboom_rosmaster_system_tests:/home/ziad/ziad_ws/ROS2/work_space/install/yahboom_rosmaster_navigation:/home/ziad/ziad_ws/ROS2/work_space/install/yahboom_rosmaster_msgs:/home/ziad/ziad_ws/ROS2/work_space/install/yahboom_rosmaster_localization:/home/ziad/ziad_ws/ROS2/work_space/install/yahboom_rosmaster_gazebo:/home/ziad/ziad_ws/ROS2/work_space/install/yahboom_rosmaster_docking:/home/ziad/ziad_ws/ROS2/work_space/install/yahboom_rosmaster_description:/home/ziad/ziad_ws/ROS2/work_space/install/yahboom_rosmaster_bringup:/home/ziad/ziad_ws/ROS2/work_space/install/ros2_control_turtel_bot:/home/ziad/ziad_ws/ROS2/work_space/install/mecanum_drive_controller:/home/ziad/ziad_ws/ROS2/work_space/install/custom_action_interfaces:/home/ziad/ziad_ws/ROS2/turtlebot3_ws/install/turtlebot3_simulations:/home/ziad/ziad_ws/ROS2/turtlebot3_ws/install/turtlebot3_fake_node:/home/ziad/ziad_ws/ROS2/turtlebot3_ws/install/turtlebot3_gazebo:/home/ziad/ziad_ws/ROS2/turtlebot3_ws/install/urdf_tutorial_cpp:/home/ziad/ziad_ws/ROS2/turtlebot3_ws/install/turtlebot3:/home/ziad/ziad_ws/ROS2/turtlebot3_ws/install/turtlebot3_bringup:/home/ziad/ziad_ws/ROS2/turtlebot3_ws/install/turtlebot3_node:/home/ziad/ziad_ws/ROS2/turtlebot3_ws/install/turtlebot3_navigation2:/home/ziad/ziad_ws/ROS2/turtlebot3_ws/install/turtlebot3_msgs:/home/ziad/ziad_ws/ROS2/turtlebot3_ws/install/turtlebot3_description:/home/ziad/ziad_ws/ROS2/turtlebot3_ws/install/turtlebot3_cartographer:/home/ziad/ziad_ws/ROS2/turtlebot3_ws/install/simple_pub_sub:/home/ziad/ziad_ws/ROS2/turtlebot3_ws/install/learning_tf2_cpp:/home/ziad/ziad_ws/ROS2/turtlebot3_ws/install/dynamixel_sdk_examples:/home/ziad/ziad_ws/ROS2/turtlebot3_ws/install/dynamixel_sdk_custom_interfaces:/home/ziad/ziad_ws/ROS2/turtlebot3_ws/install/dynamixel_sdk:/home/ziad/ziad_ws/ROS2/tutorials_work_sapce/install/urdf_tutorial_cpp:/home/ziad/ziad_ws/ROS2/tutorials_work_sapce/install/learning_tf2_cpp:/home/ziad/ziad_ws/ROS2/tutorials_work_sapce/install/simple_pub_sub:/home/ziad/ziad_ws/ROS2/tutorials_work_sapce/install/ros2_service:/opt/ros/jazzy/opt/gz_sim_vendor:/opt/ros/jazzy/opt/gz_sensors_vendor:/opt/ros/jazzy/opt/gz_physics_vendor:/opt/ros/jazzy/opt/sdformat_vendor:/opt/ros/jazzy/opt/gz_gui_vendor:/opt/ros/jazzy/opt/gz_transport_vendor:/opt/ros/jazzy/opt/gz_rendering_vendor:/opt/ros/jazzy/opt/gz_plugin_vendor:/opt/ros/jazzy/opt/gz_fuel_tools_vendor:/opt/ros/jazzy/opt/gz_msgs_vendor:/opt/ros/jazzy/opt/gz_common_vendor:/opt/ros/jazzy/opt/gz_math_vendor:/opt/ros/jazzy/opt/gz_utils_vendor:/opt/ros/jazzy/opt/gz_tools_vendor:/opt/ros/jazzy/opt/gz_ogre_next_vendor:/opt/ros/jazzy/opt/gz_dartsim_vendor:/opt/ros/jazzy/opt/gz_cmake_vendor:/home/ziad/ziad_ws/ROS2/turtlebot3_ws/install/turtlebot3_teleop:/home/ziad/ziad_ws/ROS2/turtlebot3_ws/install/turtlebot3_example:/opt/ros/jazzy DEBUGINFOD_URLS=https://debuginfod.ubuntu.com LD_LIBRARY_PATH=/home/ziad/ziad_ws/ROS2/work_space/install/apriltag_ros/lib:/home/ziad/ziad_ws/ROS2/work_space/install/yahboom_rosmaster_msgs/lib:/home/ziad/ziad_ws/ROS2/work_space/install/mecanum_drive_controller/lib:/home/ziad/ziad_ws/ROS2/turtlebot3_ws/install/turtlebot3_msgs/lib:/home/ziad/ziad_ws/ROS2/turtlebot3_ws/install/dynamixel_sdk_custom_interfaces/lib:/home/ziad/ziad_ws/ROS2/turtlebot3_ws/install/dynamixel_sdk/lib:/home/ziad/ziad_ws/ROS2/tutorials_work_sapce/install/ros2_service/lib:/opt/ros/jazzy/opt/gz_sim_vendor/lib:/opt/ros/jazzy/opt/gz_sensors_vendor/lib:/opt/ros/jazzy/opt/gz_physics_vendor/lib:/opt/ros/jazzy/opt/sdformat_vendor/lib:/opt/ros/jazzy/opt/rviz_ogre_vendor/lib:/opt/ros/jazzy/lib/x86_64-linux-gnu:/opt/ros/jazzy/opt/gz_gui_vendor/lib:/opt/ros/jazzy/opt/gz_transport_vendor/lib:/opt/ros/jazzy/opt/gz_rendering_vendor/lib:/opt/ros/jazzy/opt/gz_plugin_vendor/lib:/opt/ros/jazzy/opt/gz_fuel_tools_vendor/lib:/opt/ros/jazzy/opt/gz_msgs_vendor/lib:/opt/ros/jazzy/opt/gz_common_vendor/lib:/opt/ros/jazzy/opt/gz_math_vendor/lib:/opt/ros/jazzy/opt/gz_utils_vendor/lib:/opt/ros/jazzy/opt/gz_tools_vendor/lib:/opt/ros/jazzy/opt/gz_ogre_next_vendor/lib:/opt/ros/jazzy/opt/gz_dartsim_vendor/lib:/opt/ros/jazzy/opt/gz_cmake_vendor/lib:/opt/ros/jazzy/lib /usr/bin/cmake --build /home/ziad/ziad_ws/ROS2/work_space/build/yahboom_rosmaster_docking -- -j4 -l4
[2.614s] DEBUG:colcon.colcon_core.event_handler.log_command:Invoking command in '/home/ziad/ziad_ws/ROS2/work_space/build/yahboom_rosmaster_docking': CMAKE_PREFIX_PATH=/home/ziad/ziad_ws/ROS2/work_space/install/apriltag_ros:/home/ziad/ziad_ws/ROS2/work_space/install/yahboom_rosmaster:/home/ziad/ziad_ws/ROS2/work_space/install/yahboom_rosmaster_system_tests:/home/ziad/ziad_ws/ROS2/work_space/install/yahboom_rosmaster_navigation:/home/ziad/ziad_ws/ROS2/work_space/install/yahboom_rosmaster_msgs:/home/ziad/ziad_ws/ROS2/work_space/install/yahboom_rosmaster_localization:/home/ziad/ziad_ws/ROS2/work_space/install/yahboom_rosmaster_gazebo:/home/ziad/ziad_ws/ROS2/work_space/install/yahboom_rosmaster_docking:/home/ziad/ziad_ws/ROS2/work_space/install/yahboom_rosmaster_description:/home/ziad/ziad_ws/ROS2/work_space/install/yahboom_rosmaster_bringup:/home/ziad/ziad_ws/ROS2/work_space/install/ros2_control_turtel_bot:/home/ziad/ziad_ws/ROS2/work_space/install/mecanum_drive_controller:/home/ziad/ziad_ws/ROS2/work_space/install/custom_action_interfaces:/home/ziad/ziad_ws/ROS2/turtlebot3_ws/install/turtlebot3_simulations:/home/ziad/ziad_ws/ROS2/turtlebot3_ws/install/turtlebot3_fake_node:/home/ziad/ziad_ws/ROS2/turtlebot3_ws/install/turtlebot3_gazebo:/home/ziad/ziad_ws/ROS2/turtlebot3_ws/install/urdf_tutorial_cpp:/home/ziad/ziad_ws/ROS2/turtlebot3_ws/install/turtlebot3:/home/ziad/ziad_ws/ROS2/turtlebot3_ws/install/turtlebot3_bringup:/home/ziad/ziad_ws/ROS2/turtlebot3_ws/install/turtlebot3_node:/home/ziad/ziad_ws/ROS2/turtlebot3_ws/install/turtlebot3_navigation2:/home/ziad/ziad_ws/ROS2/turtlebot3_ws/install/turtlebot3_msgs:/home/ziad/ziad_ws/ROS2/turtlebot3_ws/install/turtlebot3_description:/home/ziad/ziad_ws/ROS2/turtlebot3_ws/install/turtlebot3_cartographer:/home/ziad/ziad_ws/ROS2/turtlebot3_ws/install/simple_pub_sub:/home/ziad/ziad_ws/ROS2/turtlebot3_ws/install/learning_tf2_cpp:/home/ziad/ziad_ws/ROS2/turtlebot3_ws/install/dynamixel_sdk_examples:/home/ziad/ziad_ws/ROS2/turtlebot3_ws/install/dynamixel_sdk_custom_interfaces:/home/ziad/ziad_ws/ROS2/turtlebot3_ws/install/dynamixel_sdk:/home/ziad/ziad_ws/ROS2/tutorials_work_sapce/install/urdf_tutorial_cpp:/home/ziad/ziad_ws/ROS2/tutorials_work_sapce/install/learning_tf2_cpp:/home/ziad/ziad_ws/ROS2/tutorials_work_sapce/install/simple_pub_sub:/home/ziad/ziad_ws/ROS2/tutorials_work_sapce/install/ros2_service:/opt/ros/jazzy/opt/gz_sim_vendor:/opt/ros/jazzy/opt/gz_sensors_vendor:/opt/ros/jazzy/opt/gz_physics_vendor:/opt/ros/jazzy/opt/sdformat_vendor:/opt/ros/jazzy/opt/gz_gui_vendor:/opt/ros/jazzy/opt/gz_transport_vendor:/opt/ros/jazzy/opt/gz_rendering_vendor:/opt/ros/jazzy/opt/gz_plugin_vendor:/opt/ros/jazzy/opt/gz_fuel_tools_vendor:/opt/ros/jazzy/opt/gz_msgs_vendor:/opt/ros/jazzy/opt/gz_common_vendor:/opt/ros/jazzy/opt/gz_math_vendor:/opt/ros/jazzy/opt/gz_utils_vendor:/opt/ros/jazzy/opt/gz_tools_vendor:/opt/ros/jazzy/opt/gz_ogre_next_vendor:/opt/ros/jazzy/opt/gz_dartsim_vendor:/opt/ros/jazzy/opt/gz_cmake_vendor:/home/ziad/ziad_ws/ROS2/turtlebot3_ws/install/turtlebot3_teleop:/home/ziad/ziad_ws/ROS2/turtlebot3_ws/install/turtlebot3_example:/opt/ros/jazzy DEBUGINFOD_URLS=https://debuginfod.ubuntu.com LD_LIBRARY_PATH=/home/ziad/ziad_ws/ROS2/work_space/install/apriltag_ros/lib:/home/ziad/ziad_ws/ROS2/work_space/install/yahboom_rosmaster_msgs/lib:/home/ziad/ziad_ws/ROS2/work_space/install/mecanum_drive_controller/lib:/home/ziad/ziad_ws/ROS2/turtlebot3_ws/install/turtlebot3_msgs/lib:/home/ziad/ziad_ws/ROS2/turtlebot3_ws/install/dynamixel_sdk_custom_interfaces/lib:/home/ziad/ziad_ws/ROS2/turtlebot3_ws/install/dynamixel_sdk/lib:/home/ziad/ziad_ws/ROS2/tutorials_work_sapce/install/ros2_service/lib:/opt/ros/jazzy/opt/gz_sim_vendor/lib:/opt/ros/jazzy/opt/gz_sensors_vendor/lib:/opt/ros/jazzy/opt/gz_physics_vendor/lib:/opt/ros/jazzy/opt/sdformat_vendor/lib:/opt/ros/jazzy/opt/rviz_ogre_vendor/lib:/opt/ros/jazzy/lib/x86_64-linux-gnu:/opt/ros/jazzy/opt/gz_gui_vendor/lib:/opt/ros/jazzy/opt/gz_transport_vendor/lib:/opt/ros/jazzy/opt/gz_rendering_vendor/lib:/opt/ros/jazzy/opt/gz_plugin_vendor/lib:/opt/ros/jazzy/opt/gz_fuel_tools_vendor/lib:/opt/ros/jazzy/opt/gz_msgs_vendor/lib:/opt/ros/jazzy/opt/gz_common_vendor/lib:/opt/ros/jazzy/opt/gz_math_vendor/lib:/opt/ros/jazzy/opt/gz_utils_vendor/lib:/opt/ros/jazzy/opt/gz_tools_vendor/lib:/opt/ros/jazzy/opt/gz_ogre_next_vendor/lib:/opt/ros/jazzy/opt/gz_dartsim_vendor/lib:/opt/ros/jazzy/opt/gz_cmake_vendor/lib:/opt/ros/jazzy/lib /usr/bin/cmake --install /home/ziad/ziad_ws/ROS2/work_space/build/yahboom_rosmaster_docking
[2.751s] Level 1:colcon.colcon_core.environment:create_environment_scripts_only(yahboom_rosmaster_docking)
[2.752s] Level 1:colcon.colcon_core.environment:checking '/home/ziad/ziad_ws/ROS2/work_space/install/yahboom_rosmaster_docking' for CMake module files
[2.753s] DEBUG:colcon.colcon_core.event_handler.log_command:Invoked command in '/home/ziad/ziad_ws/ROS2/work_space/build/yahboom_rosmaster_docking' returned '0': CMAKE_PREFIX_PATH=/home/ziad/ziad_ws/ROS2/work_space/install/apriltag_ros:/home/ziad/ziad_ws/ROS2/work_space/install/yahboom_rosmaster:/home/ziad/ziad_ws/ROS2/work_space/install/yahboom_rosmaster_system_tests:/home/ziad/ziad_ws/ROS2/work_space/install/yahboom_rosmaster_navigation:/home/ziad/ziad_ws/ROS2/work_space/install/yahboom_rosmaster_msgs:/home/ziad/ziad_ws/ROS2/work_space/install/yahboom_rosmaster_localization:/home/ziad/ziad_ws/ROS2/work_space/install/yahboom_rosmaster_gazebo:/home/ziad/ziad_ws/ROS2/work_space/install/yahboom_rosmaster_docking:/home/ziad/ziad_ws/ROS2/work_space/install/yahboom_rosmaster_description:/home/ziad/ziad_ws/ROS2/work_space/install/yahboom_rosmaster_bringup:/home/ziad/ziad_ws/ROS2/work_space/install/ros2_control_turtel_bot:/home/ziad/ziad_ws/ROS2/work_space/install/mecanum_drive_controller:/home/ziad/ziad_ws/ROS2/work_space/install/custom_action_interfaces:/home/ziad/ziad_ws/ROS2/turtlebot3_ws/install/turtlebot3_simulations:/home/ziad/ziad_ws/ROS2/turtlebot3_ws/install/turtlebot3_fake_node:/home/ziad/ziad_ws/ROS2/turtlebot3_ws/install/turtlebot3_gazebo:/home/ziad/ziad_ws/ROS2/turtlebot3_ws/install/urdf_tutorial_cpp:/home/ziad/ziad_ws/ROS2/turtlebot3_ws/install/turtlebot3:/home/ziad/ziad_ws/ROS2/turtlebot3_ws/install/turtlebot3_bringup:/home/ziad/ziad_ws/ROS2/turtlebot3_ws/install/turtlebot3_node:/home/ziad/ziad_ws/ROS2/turtlebot3_ws/install/turtlebot3_navigation2:/home/ziad/ziad_ws/ROS2/turtlebot3_ws/install/turtlebot3_msgs:/home/ziad/ziad_ws/ROS2/turtlebot3_ws/install/turtlebot3_description:/home/ziad/ziad_ws/ROS2/turtlebot3_ws/install/turtlebot3_cartographer:/home/ziad/ziad_ws/ROS2/turtlebot3_ws/install/simple_pub_sub:/home/ziad/ziad_ws/ROS2/turtlebot3_ws/install/learning_tf2_cpp:/home/ziad/ziad_ws/ROS2/turtlebot3_ws/install/dynamixel_sdk_examples:/home/ziad/ziad_ws/ROS2/turtlebot3_ws/install/dynamixel_sdk_custom_interfaces:/home/ziad/ziad_ws/ROS2/turtlebot3_ws/install/dynamixel_sdk:/home/ziad/ziad_ws/ROS2/tutorials_work_sapce/install/urdf_tutorial_cpp:/home/ziad/ziad_ws/ROS2/tutorials_work_sapce/install/learning_tf2_cpp:/home/ziad/ziad_ws/ROS2/tutorials_work_sapce/install/simple_pub_sub:/home/ziad/ziad_ws/ROS2/tutorials_work_sapce/install/ros2_service:/opt/ros/jazzy/opt/gz_sim_vendor:/opt/ros/jazzy/opt/gz_sensors_vendor:/opt/ros/jazzy/opt/gz_physics_vendor:/opt/ros/jazzy/opt/sdformat_vendor:/opt/ros/jazzy/opt/gz_gui_vendor:/opt/ros/jazzy/opt/gz_transport_vendor:/opt/ros/jazzy/opt/gz_rendering_vendor:/opt/ros/jazzy/opt/gz_plugin_vendor:/opt/ros/jazzy/opt/gz_fuel_tools_vendor:/opt/ros/jazzy/opt/gz_msgs_vendor:/opt/ros/jazzy/opt/gz_common_vendor:/opt/ros/jazzy/opt/gz_math_vendor:/opt/ros/jazzy/opt/gz_utils_vendor:/opt/ros/jazzy/opt/gz_tools_vendor:/opt/ros/jazzy/opt/gz_ogre_next_vendor:/opt/ros/jazzy/opt/gz_dartsim_vendor:/opt/ros/jazzy/opt/gz_cmake_vendor:/home/ziad/ziad_ws/ROS2/turtlebot3_ws/install/turtlebot3_teleop:/home/ziad/ziad_ws/ROS2/turtlebot3_ws/install/turtlebot3_example:/opt/ros/jazzy DEBUGINFOD_URLS=https://debuginfod.ubuntu.com LD_LIBRARY_PATH=/home/ziad/ziad_ws/ROS2/work_space/install/apriltag_ros/lib:/home/ziad/ziad_ws/ROS2/work_space/install/yahboom_rosmaster_msgs/lib:/home/ziad/ziad_ws/ROS2/work_space/install/mecanum_drive_controller/lib:/home/ziad/ziad_ws/ROS2/turtlebot3_ws/install/turtlebot3_msgs/lib:/home/ziad/ziad_ws/ROS2/turtlebot3_ws/install/dynamixel_sdk_custom_interfaces/lib:/home/ziad/ziad_ws/ROS2/turtlebot3_ws/install/dynamixel_sdk/lib:/home/ziad/ziad_ws/ROS2/tutorials_work_sapce/install/ros2_service/lib:/opt/ros/jazzy/opt/gz_sim_vendor/lib:/opt/ros/jazzy/opt/gz_sensors_vendor/lib:/opt/ros/jazzy/opt/gz_physics_vendor/lib:/opt/ros/jazzy/opt/sdformat_vendor/lib:/opt/ros/jazzy/opt/rviz_ogre_vendor/lib:/opt/ros/jazzy/lib/x86_64-linux-gnu:/opt/ros/jazzy/opt/gz_gui_vendor/lib:/opt/ros/jazzy/opt/gz_transport_vendor/lib:/opt/ros/jazzy/opt/gz_rendering_vendor/lib:/opt/ros/jazzy/opt/gz_plugin_vendor/lib:/opt/ros/jazzy/opt/gz_fuel_tools_vendor/lib:/opt/ros/jazzy/opt/gz_msgs_vendor/lib:/opt/ros/jazzy/opt/gz_common_vendor/lib:/opt/ros/jazzy/opt/gz_math_vendor/lib:/opt/ros/jazzy/opt/gz_utils_vendor/lib:/opt/ros/jazzy/opt/gz_tools_vendor/lib:/opt/ros/jazzy/opt/gz_ogre_next_vendor/lib:/opt/ros/jazzy/opt/gz_dartsim_vendor/lib:/opt/ros/jazzy/opt/gz_cmake_vendor/lib:/opt/ros/jazzy/lib /usr/bin/cmake --install /home/ziad/ziad_ws/ROS2/work_space/build/yahboom_rosmaster_docking
[2.754s] Level 1:colcon.colcon_core.environment:checking '/home/ziad/ziad_ws/ROS2/work_space/install/yahboom_rosmaster_docking' for CMake config files
[2.755s] Level 1:colcon.colcon_core.shell:create_environment_hook('yahboom_rosmaster_docking', 'cmake_prefix_path')
[2.755s] INFO:colcon.colcon_core.shell:Creating environment hook '/home/ziad/ziad_ws/ROS2/work_space/install/yahboom_rosmaster_docking/share/yahboom_rosmaster_docking/hook/cmake_prefix_path.ps1'
[2.761s] INFO:colcon.colcon_core.shell:Creating environment descriptor '/home/ziad/ziad_ws/ROS2/work_space/install/yahboom_rosmaster_docking/share/yahboom_rosmaster_docking/hook/cmake_prefix_path.dsv'
[2.762s] INFO:colcon.colcon_core.shell:Creating environment hook '/home/ziad/ziad_ws/ROS2/work_space/install/yahboom_rosmaster_docking/share/yahboom_rosmaster_docking/hook/cmake_prefix_path.sh'
[2.763s] Level 1:colcon.colcon_core.environment:checking '/home/ziad/ziad_ws/ROS2/work_space/install/yahboom_rosmaster_docking/lib'
[2.764s] Level 1:colcon.colcon_core.environment:checking '/home/ziad/ziad_ws/ROS2/work_space/install/yahboom_rosmaster_docking/bin'
[2.764s] Level 1:colcon.colcon_core.environment:checking '/home/ziad/ziad_ws/ROS2/work_space/install/yahboom_rosmaster_docking/lib/pkgconfig/yahboom_rosmaster_docking.pc'
[2.764s] Level 1:colcon.colcon_core.environment:checking '/home/ziad/ziad_ws/ROS2/work_space/install/yahboom_rosmaster_docking/lib/python3.12/site-packages'
[2.765s] Level 1:colcon.colcon_core.environment:checking '/home/ziad/ziad_ws/ROS2/work_space/install/yahboom_rosmaster_docking/bin'
[2.765s] INFO:colcon.colcon_core.shell:Creating package script '/home/ziad/ziad_ws/ROS2/work_space/install/yahboom_rosmaster_docking/share/yahboom_rosmaster_docking/package.ps1'
[2.766s] INFO:colcon.colcon_core.shell:Creating package descriptor '/home/ziad/ziad_ws/ROS2/work_space/install/yahboom_rosmaster_docking/share/yahboom_rosmaster_docking/package.dsv'
[2.767s] INFO:colcon.colcon_core.shell:Creating package script '/home/ziad/ziad_ws/ROS2/work_space/install/yahboom_rosmaster_docking/share/yahboom_rosmaster_docking/package.sh'
[2.768s] INFO:colcon.colcon_core.shell:Creating package script '/home/ziad/ziad_ws/ROS2/work_space/install/yahboom_rosmaster_docking/share/yahboom_rosmaster_docking/package.bash'
[2.768s] INFO:colcon.colcon_core.shell:Creating package script '/home/ziad/ziad_ws/ROS2/work_space/install/yahboom_rosmaster_docking/share/yahboom_rosmaster_docking/package.zsh'
[2.769s] Level 1:colcon.colcon_core.environment:create_file_with_runtime_dependencies(/home/ziad/ziad_ws/ROS2/work_space/install/yahboom_rosmaster_docking/share/colcon-core/packages/yahboom_rosmaster_docking)
[2.770s] Level 1:colcon.colcon_core.environment:create_environment_scripts_only(yahboom_rosmaster_docking)
[2.775s] Level 1:colcon.colcon_core.environment:checking '/home/ziad/ziad_ws/ROS2/work_space/install/yahboom_rosmaster_docking' for CMake module files
[2.776s] Level 1:colcon.colcon_core.environment:checking '/home/ziad/ziad_ws/ROS2/work_space/install/yahboom_rosmaster_docking' for CMake config files
[2.777s] Level 1:colcon.colcon_core.shell:create_environment_hook('yahboom_rosmaster_docking', 'cmake_prefix_path')
[2.777s] INFO:colcon.colcon_core.shell:Creating environment hook '/home/ziad/ziad_ws/ROS2/work_space/install/yahboom_rosmaster_docking/share/yahboom_rosmaster_docking/hook/cmake_prefix_path.ps1'
[2.779s] INFO:colcon.colcon_core.shell:Creating environment descriptor '/home/ziad/ziad_ws/ROS2/work_space/install/yahboom_rosmaster_docking/share/yahboom_rosmaster_docking/hook/cmake_prefix_path.dsv'
[2.779s] INFO:colcon.colcon_core.shell:Creating environment hook '/home/ziad/ziad_ws/ROS2/work_space/install/yahboom_rosmaster_docking/share/yahboom_rosmaster_docking/hook/cmake_prefix_path.sh'
[2.780s] Level 1:colcon.colcon_core.environment:checking '/home/ziad/ziad_ws/ROS2/work_space/install/yahboom_rosmaster_docking/lib'
[2.781s] Level 1:colcon.colcon_core.environment:checking '/home/ziad/ziad_ws/ROS2/work_space/install/yahboom_rosmaster_docking/bin'
[2.781s] Level 1:colcon.colcon_core.environment:checking '/home/ziad/ziad_ws/ROS2/work_space/install/yahboom_rosmaster_docking/lib/pkgconfig/yahboom_rosmaster_docking.pc'
[2.781s] Level 1:colcon.colcon_core.environment:checking '/home/ziad/ziad_ws/ROS2/work_space/install/yahboom_rosmaster_docking/lib/python3.12/site-packages'
[2.782s] Level 1:colcon.colcon_core.environment:checking '/home/ziad/ziad_ws/ROS2/work_space/install/yahboom_rosmaster_docking/bin'
[2.782s] INFO:colcon.colcon_core.shell:Creating package script '/home/ziad/ziad_ws/ROS2/work_space/install/yahboom_rosmaster_docking/share/yahboom_rosmaster_docking/package.ps1'
[2.783s] INFO:colcon.colcon_core.shell:Creating package descriptor '/home/ziad/ziad_ws/ROS2/work_space/install/yahboom_rosmaster_docking/share/yahboom_rosmaster_docking/package.dsv'
[2.784s] INFO:colcon.colcon_core.shell:Creating package script '/home/ziad/ziad_ws/ROS2/work_space/install/yahboom_rosmaster_docking/share/yahboom_rosmaster_docking/package.sh'
[2.787s] INFO:colcon.colcon_core.shell:Creating package script '/home/ziad/ziad_ws/ROS2/work_space/install/yahboom_rosmaster_docking/share/yahboom_rosmaster_docking/package.bash'
[2.788s] INFO:colcon.colcon_core.shell:Creating package script '/home/ziad/ziad_ws/ROS2/work_space/install/yahboom_rosmaster_docking/share/yahboom_rosmaster_docking/package.zsh'
[2.789s] Level 1:colcon.colcon_core.environment:create_file_with_runtime_dependencies(/home/ziad/ziad_ws/ROS2/work_space/install/yahboom_rosmaster_docking/share/colcon-core/packages/yahboom_rosmaster_docking)
[2.790s] INFO:colcon.colcon_ros.task.ament_cmake.build:Building ROS package in '/home/ziad/ziad_ws/ROS2/work_space/src/custom_action_interfaces' with build type 'ament_cmake'
[2.790s] INFO:colcon.colcon_cmake.task.cmake.build:Building CMake package in '/home/ziad/ziad_ws/ROS2/work_space/src/custom_action_interfaces'
[2.791s] INFO:colcon.colcon_core.shell:Skip shell extension 'powershell' for command environment: Not usable outside of PowerShell
[2.791s] DEBUG:colcon.colcon_core.shell:Skip shell extension 'dsv' for command environment
[2.852s] DEBUG:colcon.colcon_core.event_handler.log_command:Invoking command in '/home/ziad/ziad_ws/ROS2/work_space/build/custom_action_interfaces': CMAKE_PREFIX_PATH=${CMAKE_PREFIX_PATH}:/home/ziad/ziad_ws/ROS2/turtlebot3_ws/install/turtlebot3_teleop:/home/ziad/ziad_ws/ROS2/turtlebot3_ws/install/turtlebot3_example:/opt/ros/jazzy DEBUGINFOD_URLS=https://debuginfod.ubuntu.com /usr/bin/cmake --build /home/ziad/ziad_ws/ROS2/work_space/build/custom_action_interfaces -- -j4 -l4
[2.960s] DEBUG:colcon.colcon_core.event_handler.log_command:Invoked command in '/home/ziad/ziad_ws/ROS2/work_space/build/custom_action_interfaces' returned '0': CMAKE_PREFIX_PATH=${CMAKE_PREFIX_PATH}:/home/ziad/ziad_ws/ROS2/turtlebot3_ws/install/turtlebot3_teleop:/home/ziad/ziad_ws/ROS2/turtlebot3_ws/install/turtlebot3_example:/opt/ros/jazzy DEBUGINFOD_URLS=https://debuginfod.ubuntu.com /usr/bin/cmake --build /home/ziad/ziad_ws/ROS2/work_space/build/custom_action_interfaces -- -j4 -l4
[2.969s] DEBUG:colcon.colcon_core.event_handler.log_command:Invoking command in '/home/ziad/ziad_ws/ROS2/work_space/build/custom_action_interfaces': CMAKE_PREFIX_PATH=${CMAKE_PREFIX_PATH}:/home/ziad/ziad_ws/ROS2/turtlebot3_ws/install/turtlebot3_teleop:/home/ziad/ziad_ws/ROS2/turtlebot3_ws/install/turtlebot3_example:/opt/ros/jazzy DEBUGINFOD_URLS=https://debuginfod.ubuntu.com /usr/bin/cmake --install /home/ziad/ziad_ws/ROS2/work_space/build/custom_action_interfaces
[3.018s] Level 1:colcon.colcon_core.environment:create_environment_scripts_only(custom_action_interfaces)
[3.018s] Level 1:colcon.colcon_core.environment:checking '/home/ziad/ziad_ws/ROS2/work_space/install/custom_action_interfaces' for CMake module files
[3.019s] DEBUG:colcon.colcon_core.event_handler.log_command:Invoked command in '/home/ziad/ziad_ws/ROS2/work_space/build/custom_action_interfaces' returned '0': CMAKE_PREFIX_PATH=${CMAKE_PREFIX_PATH}:/home/ziad/ziad_ws/ROS2/turtlebot3_ws/install/turtlebot3_teleop:/home/ziad/ziad_ws/ROS2/turtlebot3_ws/install/turtlebot3_example:/opt/ros/jazzy DEBUGINFOD_URLS=https://debuginfod.ubuntu.com /usr/bin/cmake --install /home/ziad/ziad_ws/ROS2/work_space/build/custom_action_interfaces
[3.020s] Level 1:colcon.colcon_core.environment:checking '/home/ziad/ziad_ws/ROS2/work_space/install/custom_action_interfaces' for CMake config files
[3.020s] Level 1:colcon.colcon_core.shell:create_environment_hook('custom_action_interfaces', 'cmake_prefix_path')
[3.021s] INFO:colcon.colcon_core.shell:Creating environment hook '/home/ziad/ziad_ws/ROS2/work_space/install/custom_action_interfaces/share/custom_action_interfaces/hook/cmake_prefix_path.ps1'
[3.022s] INFO:colcon.colcon_core.shell:Creating environment descriptor '/home/ziad/ziad_ws/ROS2/work_space/install/custom_action_interfaces/share/custom_action_interfaces/hook/cmake_prefix_path.dsv'
[3.023s] INFO:colcon.colcon_core.shell:Creating environment hook '/home/ziad/ziad_ws/ROS2/work_space/install/custom_action_interfaces/share/custom_action_interfaces/hook/cmake_prefix_path.sh'
[3.024s] Level 1:colcon.colcon_core.environment:checking '/home/ziad/ziad_ws/ROS2/work_space/install/custom_action_interfaces/bin'
[3.024s] Level 1:colcon.colcon_core.environment:checking '/home/ziad/ziad_ws/ROS2/work_space/install/custom_action_interfaces/lib/pkgconfig/custom_action_interfaces.pc'
[3.024s] Level 1:colcon.colcon_core.environment:checking '/home/ziad/ziad_ws/ROS2/work_space/install/custom_action_interfaces/lib/python3.12/site-packages'
[3.025s] Level 1:colcon.colcon_core.environment:checking '/home/ziad/ziad_ws/ROS2/work_space/install/custom_action_interfaces/bin'
[3.025s] INFO:colcon.colcon_core.shell:Creating package script '/home/ziad/ziad_ws/ROS2/work_space/install/custom_action_interfaces/share/custom_action_interfaces/package.ps1'
[3.026s] INFO:colcon.colcon_core.shell:Creating package descriptor '/home/ziad/ziad_ws/ROS2/work_space/install/custom_action_interfaces/share/custom_action_interfaces/package.dsv'
[3.026s] INFO:colcon.colcon_core.shell:Creating package script '/home/ziad/ziad_ws/ROS2/work_space/install/custom_action_interfaces/share/custom_action_interfaces/package.sh'
[3.027s] INFO:colcon.colcon_core.shell:Creating package script '/home/ziad/ziad_ws/ROS2/work_space/install/custom_action_interfaces/share/custom_action_interfaces/package.bash'
[3.027s] INFO:colcon.colcon_core.shell:Creating package script '/home/ziad/ziad_ws/ROS2/work_space/install/custom_action_interfaces/share/custom_action_interfaces/package.zsh'
[3.027s] Level 1:colcon.colcon_core.environment:create_file_with_runtime_dependencies(/home/ziad/ziad_ws/ROS2/work_space/install/custom_action_interfaces/share/colcon-core/packages/custom_action_interfaces)
[3.028s] Level 1:colcon.colcon_core.environment:create_environment_scripts_only(custom_action_interfaces)
[3.028s] Level 1:colcon.colcon_core.environment:checking '/home/ziad/ziad_ws/ROS2/work_space/install/custom_action_interfaces' for CMake module files
[3.029s] Level 1:colcon.colcon_core.environment:checking '/home/ziad/ziad_ws/ROS2/work_space/install/custom_action_interfaces' for CMake config files
[3.029s] Level 1:colcon.colcon_core.shell:create_environment_hook('custom_action_interfaces', 'cmake_prefix_path')
[3.029s] INFO:colcon.colcon_core.shell:Creating environment hook '/home/ziad/ziad_ws/ROS2/work_space/install/custom_action_interfaces/share/custom_action_interfaces/hook/cmake_prefix_path.ps1'
[3.030s] INFO:colcon.colcon_core.shell:Creating environment descriptor '/home/ziad/ziad_ws/ROS2/work_space/install/custom_action_interfaces/share/custom_action_interfaces/hook/cmake_prefix_path.dsv'
[3.030s] INFO:colcon.colcon_core.shell:Creating environment hook '/home/ziad/ziad_ws/ROS2/work_space/install/custom_action_interfaces/share/custom_action_interfaces/hook/cmake_prefix_path.sh'
[3.031s] Level 1:colcon.colcon_core.environment:checking '/home/ziad/ziad_ws/ROS2/work_space/install/custom_action_interfaces/bin'
[3.031s] Level 1:colcon.colcon_core.environment:checking '/home/ziad/ziad_ws/ROS2/work_space/install/custom_action_interfaces/lib/pkgconfig/custom_action_interfaces.pc'
[3.032s] Level 1:colcon.colcon_core.environment:checking '/home/ziad/ziad_ws/ROS2/work_space/install/custom_action_interfaces/lib/python3.12/site-packages'
[3.032s] Level 1:colcon.colcon_core.environment:checking '/home/ziad/ziad_ws/ROS2/work_space/install/custom_action_interfaces/bin'
[3.032s] INFO:colcon.colcon_core.shell:Creating package script '/home/ziad/ziad_ws/ROS2/work_space/install/custom_action_interfaces/share/custom_action_interfaces/package.ps1'
[3.033s] INFO:colcon.colcon_core.shell:Creating package descriptor '/home/ziad/ziad_ws/ROS2/work_space/install/custom_action_interfaces/share/custom_action_interfaces/package.dsv'
[3.033s] INFO:colcon.colcon_core.shell:Creating package script '/home/ziad/ziad_ws/ROS2/work_space/install/custom_action_interfaces/share/custom_action_interfaces/package.sh'
[3.034s] INFO:colcon.colcon_core.shell:Creating package script '/home/ziad/ziad_ws/ROS2/work_space/install/custom_action_interfaces/share/custom_action_interfaces/package.bash'
[3.034s] INFO:colcon.colcon_core.shell:Creating package script '/home/ziad/ziad_ws/ROS2/work_space/install/custom_action_interfaces/share/custom_action_interfaces/package.zsh'
[3.035s] Level 1:colcon.colcon_core.environment:create_file_with_runtime_dependencies(/home/ziad/ziad_ws/ROS2/work_space/install/custom_action_interfaces/share/colcon-core/packages/custom_action_interfaces)
[3.035s] INFO:colcon.colcon_ros.task.ament_cmake.build:Building ROS package in '/home/ziad/ziad_ws/ROS2/work_space/src/yahboom_rosmaster/mecanum_drive_controller' with build type 'ament_cmake'
[3.035s] INFO:colcon.colcon_cmake.task.cmake.build:Building CMake package in '/home/ziad/ziad_ws/ROS2/work_space/src/yahboom_rosmaster/mecanum_drive_controller'
[3.035s] INFO:colcon.colcon_core.shell:Skip shell extension 'powershell' for command environment: Not usable outside of PowerShell
[3.035s] DEBUG:colcon.colcon_core.shell:Skip shell extension 'dsv' for command environment
[3.068s] DEBUG:colcon.colcon_core.event_handler.log_command:Invoking command in '/home/ziad/ziad_ws/ROS2/work_space/build/mecanum_drive_controller': CMAKE_PREFIX_PATH=${CMAKE_PREFIX_PATH}:/home/ziad/ziad_ws/ROS2/turtlebot3_ws/install/turtlebot3_teleop:/home/ziad/ziad_ws/ROS2/turtlebot3_ws/install/turtlebot3_example:/opt/ros/jazzy DEBUGINFOD_URLS=https://debuginfod.ubuntu.com /usr/bin/cmake --build /home/ziad/ziad_ws/ROS2/work_space/build/mecanum_drive_controller -- -j4 -l4
[3.385s] DEBUG:colcon.colcon_core.event_handler.log_command:Invoked command in '/home/ziad/ziad_ws/ROS2/work_space/build/mecanum_drive_controller' returned '0': CMAKE_PREFIX_PATH=${CMAKE_PREFIX_PATH}:/home/ziad/ziad_ws/ROS2/turtlebot3_ws/install/turtlebot3_teleop:/home/ziad/ziad_ws/ROS2/turtlebot3_ws/install/turtlebot3_example:/opt/ros/jazzy DEBUGINFOD_URLS=https://debuginfod.ubuntu.com /usr/bin/cmake --build /home/ziad/ziad_ws/ROS2/work_space/build/mecanum_drive_controller -- -j4 -l4
[3.389s] DEBUG:colcon.colcon_core.event_handler.log_command:Invoking command in '/home/ziad/ziad_ws/ROS2/work_space/build/mecanum_drive_controller': CMAKE_PREFIX_PATH=${CMAKE_PREFIX_PATH}:/home/ziad/ziad_ws/ROS2/turtlebot3_ws/install/turtlebot3_teleop:/home/ziad/ziad_ws/ROS2/turtlebot3_ws/install/turtlebot3_example:/opt/ros/jazzy DEBUGINFOD_URLS=https://debuginfod.ubuntu.com /usr/bin/cmake --install /home/ziad/ziad_ws/ROS2/work_space/build/mecanum_drive_controller
[3.419s] DEBUG:colcon.colcon_core.event_handler.log_command:Invoked command in '/home/ziad/ziad_ws/ROS2/work_space/build/yahboom_rosmaster_navigation' returned '0': CMAKE_PREFIX_PATH=${CMAKE_PREFIX_PATH}:/home/ziad/ziad_ws/ROS2/turtlebot3_ws/install/turtlebot3_teleop:/home/ziad/ziad_ws/ROS2/turtlebot3_ws/install/turtlebot3_example:/opt/ros/jazzy DEBUGINFOD_URLS=https://debuginfod.ubuntu.com /usr/bin/cmake --build /home/ziad/ziad_ws/ROS2/work_space/build/yahboom_rosmaster_navigation -- -j4 -l4
[3.432s] DEBUG:colcon.colcon_core.event_handler.log_command:Invoking command in '/home/ziad/ziad_ws/ROS2/work_space/build/yahboom_rosmaster_navigation': CMAKE_PREFIX_PATH=${CMAKE_PREFIX_PATH}:/home/ziad/ziad_ws/ROS2/turtlebot3_ws/install/turtlebot3_teleop:/home/ziad/ziad_ws/ROS2/turtlebot3_ws/install/turtlebot3_example:/opt/ros/jazzy DEBUGINFOD_URLS=https://debuginfod.ubuntu.com /usr/bin/cmake --install /home/ziad/ziad_ws/ROS2/work_space/build/yahboom_rosmaster_navigation
[3.465s] Level 1:colcon.colcon_core.environment:create_environment_scripts_only(mecanum_drive_controller)
[3.465s] Level 1:colcon.colcon_core.environment:checking '/home/ziad/ziad_ws/ROS2/work_space/install/mecanum_drive_controller' for CMake module files
[3.468s] Level 1:colcon.colcon_core.environment:checking '/home/ziad/ziad_ws/ROS2/work_space/install/mecanum_drive_controller' for CMake config files
[3.472s] Level 1:colcon.colcon_core.shell:create_environment_hook('mecanum_drive_controller', 'cmake_prefix_path')
[3.472s] INFO:colcon.colcon_core.shell:Creating environment hook '/home/ziad/ziad_ws/ROS2/work_space/install/mecanum_drive_controller/share/mecanum_drive_controller/hook/cmake_prefix_path.ps1'
[3.473s] DEBUG:colcon.colcon_core.event_handler.log_command:Invoked command in '/home/ziad/ziad_ws/ROS2/work_space/build/mecanum_drive_controller' returned '0': CMAKE_PREFIX_PATH=${CMAKE_PREFIX_PATH}:/home/ziad/ziad_ws/ROS2/turtlebot3_ws/install/turtlebot3_teleop:/home/ziad/ziad_ws/ROS2/turtlebot3_ws/install/turtlebot3_example:/opt/ros/jazzy DEBUGINFOD_URLS=https://debuginfod.ubuntu.com /usr/bin/cmake --install /home/ziad/ziad_ws/ROS2/work_space/build/mecanum_drive_controller
[3.475s] INFO:colcon.colcon_core.shell:Creating environment descriptor '/home/ziad/ziad_ws/ROS2/work_space/install/mecanum_drive_controller/share/mecanum_drive_controller/hook/cmake_prefix_path.dsv'
[3.477s] INFO:colcon.colcon_core.shell:Creating environment hook '/home/ziad/ziad_ws/ROS2/work_space/install/mecanum_drive_controller/share/mecanum_drive_controller/hook/cmake_prefix_path.sh'
[3.480s] Level 1:colcon.colcon_core.environment:checking '/home/ziad/ziad_ws/ROS2/work_space/install/mecanum_drive_controller/lib'
[3.480s] Level 1:colcon.colcon_core.shell:create_environment_hook('mecanum_drive_controller', 'ld_library_path_lib')
[3.480s] INFO:colcon.colcon_core.shell:Creating environment hook '/home/ziad/ziad_ws/ROS2/work_space/install/mecanum_drive_controller/share/mecanum_drive_controller/hook/ld_library_path_lib.ps1'
[3.482s] INFO:colcon.colcon_core.shell:Creating environment descriptor '/home/ziad/ziad_ws/ROS2/work_space/install/mecanum_drive_controller/share/mecanum_drive_controller/hook/ld_library_path_lib.dsv'
[3.486s] INFO:colcon.colcon_core.shell:Creating environment hook '/home/ziad/ziad_ws/ROS2/work_space/install/mecanum_drive_controller/share/mecanum_drive_controller/hook/ld_library_path_lib.sh'
[3.488s] Level 1:colcon.colcon_core.environment:checking '/home/ziad/ziad_ws/ROS2/work_space/install/mecanum_drive_controller/bin'
[3.488s] Level 1:colcon.colcon_core.environment:checking '/home/ziad/ziad_ws/ROS2/work_space/install/mecanum_drive_controller/lib/pkgconfig/mecanum_drive_controller.pc'
[3.489s] Level 1:colcon.colcon_core.environment:checking '/home/ziad/ziad_ws/ROS2/work_space/install/mecanum_drive_controller/lib/python3.12/site-packages'
[3.489s] Level 1:colcon.colcon_core.environment:checking '/home/ziad/ziad_ws/ROS2/work_space/install/mecanum_drive_controller/bin'
[3.490s] INFO:colcon.colcon_core.shell:Creating package script '/home/ziad/ziad_ws/ROS2/work_space/install/mecanum_drive_controller/share/mecanum_drive_controller/package.ps1'
[3.492s] INFO:colcon.colcon_core.shell:Creating package descriptor '/home/ziad/ziad_ws/ROS2/work_space/install/mecanum_drive_controller/share/mecanum_drive_controller/package.dsv'
[3.494s] INFO:colcon.colcon_core.shell:Creating package script '/home/ziad/ziad_ws/ROS2/work_space/install/mecanum_drive_controller/share/mecanum_drive_controller/package.sh'
[3.495s] INFO:colcon.colcon_core.shell:Creating package script '/home/ziad/ziad_ws/ROS2/work_space/install/mecanum_drive_controller/share/mecanum_drive_controller/package.bash'
[3.498s] INFO:colcon.colcon_core.shell:Creating package script '/home/ziad/ziad_ws/ROS2/work_space/install/mecanum_drive_controller/share/mecanum_drive_controller/package.zsh'
[3.499s] Level 1:colcon.colcon_core.environment:create_file_with_runtime_dependencies(/home/ziad/ziad_ws/ROS2/work_space/install/mecanum_drive_controller/share/colcon-core/packages/mecanum_drive_controller)
[3.503s] Level 1:colcon.colcon_core.environment:create_environment_scripts_only(mecanum_drive_controller)
[3.504s] Level 1:colcon.colcon_core.environment:checking '/home/ziad/ziad_ws/ROS2/work_space/install/mecanum_drive_controller' for CMake module files
[3.506s] Level 1:colcon.colcon_core.environment:checking '/home/ziad/ziad_ws/ROS2/work_space/install/mecanum_drive_controller' for CMake config files
[3.506s] Level 1:colcon.colcon_core.shell:create_environment_hook('mecanum_drive_controller', 'cmake_prefix_path')
[3.507s] INFO:colcon.colcon_core.shell:Creating environment hook '/home/ziad/ziad_ws/ROS2/work_space/install/mecanum_drive_controller/share/mecanum_drive_controller/hook/cmake_prefix_path.ps1'
[3.507s] INFO:colcon.colcon_core.shell:Creating environment descriptor '/home/ziad/ziad_ws/ROS2/work_space/install/mecanum_drive_controller/share/mecanum_drive_controller/hook/cmake_prefix_path.dsv'
[3.509s] INFO:colcon.colcon_core.shell:Creating environment hook '/home/ziad/ziad_ws/ROS2/work_space/install/mecanum_drive_controller/share/mecanum_drive_controller/hook/cmake_prefix_path.sh'
[3.513s] Level 1:colcon.colcon_core.environment:checking '/home/ziad/ziad_ws/ROS2/work_space/install/mecanum_drive_controller/lib'
[3.513s] Level 1:colcon.colcon_core.shell:create_environment_hook('mecanum_drive_controller', 'ld_library_path_lib')
[3.514s] INFO:colcon.colcon_core.shell:Creating environment hook '/home/ziad/ziad_ws/ROS2/work_space/install/mecanum_drive_controller/share/mecanum_drive_controller/hook/ld_library_path_lib.ps1'
[3.517s] INFO:colcon.colcon_core.shell:Creating environment descriptor '/home/ziad/ziad_ws/ROS2/work_space/install/mecanum_drive_controller/share/mecanum_drive_controller/hook/ld_library_path_lib.dsv'
[3.520s] INFO:colcon.colcon_core.shell:Creating environment hook '/home/ziad/ziad_ws/ROS2/work_space/install/mecanum_drive_controller/share/mecanum_drive_controller/hook/ld_library_path_lib.sh'
[3.525s] Level 1:colcon.colcon_core.environment:checking '/home/ziad/ziad_ws/ROS2/work_space/install/mecanum_drive_controller/bin'
[3.525s] Level 1:colcon.colcon_core.environment:checking '/home/ziad/ziad_ws/ROS2/work_space/install/mecanum_drive_controller/lib/pkgconfig/mecanum_drive_controller.pc'
[3.526s] Level 1:colcon.colcon_core.environment:checking '/home/ziad/ziad_ws/ROS2/work_space/install/mecanum_drive_controller/lib/python3.12/site-packages'
[3.526s] Level 1:colcon.colcon_core.environment:checking '/home/ziad/ziad_ws/ROS2/work_space/install/mecanum_drive_controller/bin'
[3.527s] INFO:colcon.colcon_core.shell:Creating package script '/home/ziad/ziad_ws/ROS2/work_space/install/mecanum_drive_controller/share/mecanum_drive_controller/package.ps1'
[3.528s] INFO:colcon.colcon_core.shell:Creating package descriptor '/home/ziad/ziad_ws/ROS2/work_space/install/mecanum_drive_controller/share/mecanum_drive_controller/package.dsv'
[3.533s] INFO:colcon.colcon_core.shell:Creating package script '/home/ziad/ziad_ws/ROS2/work_space/install/mecanum_drive_controller/share/mecanum_drive_controller/package.sh'
[3.534s] INFO:colcon.colcon_core.shell:Creating package script '/home/ziad/ziad_ws/ROS2/work_space/install/mecanum_drive_controller/share/mecanum_drive_controller/package.bash'
[3.534s] INFO:colcon.colcon_core.shell:Creating package script '/home/ziad/ziad_ws/ROS2/work_space/install/mecanum_drive_controller/share/mecanum_drive_controller/package.zsh'
[3.537s] Level 1:colcon.colcon_core.environment:create_file_with_runtime_dependencies(/home/ziad/ziad_ws/ROS2/work_space/install/mecanum_drive_controller/share/colcon-core/packages/mecanum_drive_controller)
[3.537s] INFO:colcon.colcon_ros.task.ament_cmake.build:Building ROS package in '/home/ziad/ziad_ws/ROS2/work_space/src/ros2_control_turtel_bot' with build type 'ament_cmake'
[3.538s] INFO:colcon.colcon_cmake.task.cmake.build:Building CMake package in '/home/ziad/ziad_ws/ROS2/work_space/src/ros2_control_turtel_bot'
[3.538s] INFO:colcon.colcon_core.shell:Skip shell extension 'powershell' for command environment: Not usable outside of PowerShell
[3.538s] DEBUG:colcon.colcon_core.shell:Skip shell extension 'dsv' for command environment
[3.578s] DEBUG:colcon.colcon_core.event_handler.log_command:Invoking command in '/home/ziad/ziad_ws/ROS2/work_space/build/ros2_control_turtel_bot': CMAKE_PREFIX_PATH=${CMAKE_PREFIX_PATH}:/home/ziad/ziad_ws/ROS2/turtlebot3_ws/install/turtlebot3_teleop:/home/ziad/ziad_ws/ROS2/turtlebot3_ws/install/turtlebot3_example:/opt/ros/jazzy DEBUGINFOD_URLS=https://debuginfod.ubuntu.com /usr/bin/cmake --build /home/ziad/ziad_ws/ROS2/work_space/build/ros2_control_turtel_bot -- -j4 -l4
[3.596s] Level 1:colcon.colcon_core.environment:create_environment_scripts_only(yahboom_rosmaster_navigation)
[3.597s] Level 1:colcon.colcon_core.environment:checking '/home/ziad/ziad_ws/ROS2/work_space/install/yahboom_rosmaster_navigation' for CMake module files
[3.598s] DEBUG:colcon.colcon_core.event_handler.log_command:Invoked command in '/home/ziad/ziad_ws/ROS2/work_space/build/yahboom_rosmaster_navigation' returned '0': CMAKE_PREFIX_PATH=${CMAKE_PREFIX_PATH}:/home/ziad/ziad_ws/ROS2/turtlebot3_ws/install/turtlebot3_teleop:/home/ziad/ziad_ws/ROS2/turtlebot3_ws/install/turtlebot3_example:/opt/ros/jazzy DEBUGINFOD_URLS=https://debuginfod.ubuntu.com /usr/bin/cmake --install /home/ziad/ziad_ws/ROS2/work_space/build/yahboom_rosmaster_navigation
[3.601s] Level 1:colcon.colcon_core.environment:checking '/home/ziad/ziad_ws/ROS2/work_space/install/yahboom_rosmaster_navigation' for CMake config files
[3.604s] Level 1:colcon.colcon_core.shell:create_environment_hook('yahboom_rosmaster_navigation', 'cmake_prefix_path')
[3.604s] INFO:colcon.colcon_core.shell:Creating environment hook '/home/ziad/ziad_ws/ROS2/work_space/install/yahboom_rosmaster_navigation/share/yahboom_rosmaster_navigation/hook/cmake_prefix_path.ps1'
[3.607s] INFO:colcon.colcon_core.shell:Creating environment descriptor '/home/ziad/ziad_ws/ROS2/work_space/install/yahboom_rosmaster_navigation/share/yahboom_rosmaster_navigation/hook/cmake_prefix_path.dsv'
[3.608s] INFO:colcon.colcon_core.shell:Creating environment hook '/home/ziad/ziad_ws/ROS2/work_space/install/yahboom_rosmaster_navigation/share/yahboom_rosmaster_navigation/hook/cmake_prefix_path.sh'
[3.614s] Level 1:colcon.colcon_core.environment:checking '/home/ziad/ziad_ws/ROS2/work_space/install/yahboom_rosmaster_navigation/lib'
[3.614s] Level 1:colcon.colcon_core.environment:checking '/home/ziad/ziad_ws/ROS2/work_space/install/yahboom_rosmaster_navigation/bin'
[3.615s] Level 1:colcon.colcon_core.environment:checking '/home/ziad/ziad_ws/ROS2/work_space/install/yahboom_rosmaster_navigation/lib/pkgconfig/yahboom_rosmaster_navigation.pc'
[3.616s] Level 1:colcon.colcon_core.environment:checking '/home/ziad/ziad_ws/ROS2/work_space/install/yahboom_rosmaster_navigation/lib/python3.12/site-packages'
[3.617s] Level 1:colcon.colcon_core.shell:create_environment_hook('yahboom_rosmaster_navigation', 'pythonpath')
[3.618s] INFO:colcon.colcon_core.shell:Creating environment hook '/home/ziad/ziad_ws/ROS2/work_space/install/yahboom_rosmaster_navigation/share/yahboom_rosmaster_navigation/hook/pythonpath.ps1'
[3.622s] INFO:colcon.colcon_core.shell:Creating environment descriptor '/home/ziad/ziad_ws/ROS2/work_space/install/yahboom_rosmaster_navigation/share/yahboom_rosmaster_navigation/hook/pythonpath.dsv'
[3.625s] INFO:colcon.colcon_core.shell:Creating environment hook '/home/ziad/ziad_ws/ROS2/work_space/install/yahboom_rosmaster_navigation/share/yahboom_rosmaster_navigation/hook/pythonpath.sh'
[3.629s] Level 1:colcon.colcon_core.environment:checking '/home/ziad/ziad_ws/ROS2/work_space/install/yahboom_rosmaster_navigation/bin'
[3.629s] INFO:colcon.colcon_core.shell:Creating package script '/home/ziad/ziad_ws/ROS2/work_space/install/yahboom_rosmaster_navigation/share/yahboom_rosmaster_navigation/package.ps1'
[3.630s] INFO:colcon.colcon_core.shell:Creating package descriptor '/home/ziad/ziad_ws/ROS2/work_space/install/yahboom_rosmaster_navigation/share/yahboom_rosmaster_navigation/package.dsv'
[3.631s] INFO:colcon.colcon_core.shell:Creating package script '/home/ziad/ziad_ws/ROS2/work_space/install/yahboom_rosmaster_navigation/share/yahboom_rosmaster_navigation/package.sh'
[3.633s] INFO:colcon.colcon_core.shell:Creating package script '/home/ziad/ziad_ws/ROS2/work_space/install/yahboom_rosmaster_navigation/share/yahboom_rosmaster_navigation/package.bash'
[3.635s] INFO:colcon.colcon_core.shell:Creating package script '/home/ziad/ziad_ws/ROS2/work_space/install/yahboom_rosmaster_navigation/share/yahboom_rosmaster_navigation/package.zsh'
[3.636s] Level 1:colcon.colcon_core.environment:create_file_with_runtime_dependencies(/home/ziad/ziad_ws/ROS2/work_space/install/yahboom_rosmaster_navigation/share/colcon-core/packages/yahboom_rosmaster_navigation)
[3.637s] Level 1:colcon.colcon_core.environment:create_environment_scripts_only(yahboom_rosmaster_navigation)
[3.637s] Level 1:colcon.colcon_core.environment:checking '/home/ziad/ziad_ws/ROS2/work_space/install/yahboom_rosmaster_navigation' for CMake module files
[3.645s] Level 1:colcon.colcon_core.environment:checking '/home/ziad/ziad_ws/ROS2/work_space/install/yahboom_rosmaster_navigation' for CMake config files
[3.645s] Level 1:colcon.colcon_core.shell:create_environment_hook('yahboom_rosmaster_navigation', 'cmake_prefix_path')
[3.646s] INFO:colcon.colcon_core.shell:Creating environment hook '/home/ziad/ziad_ws/ROS2/work_space/install/yahboom_rosmaster_navigation/share/yahboom_rosmaster_navigation/hook/cmake_prefix_path.ps1'
[3.648s] INFO:colcon.colcon_core.shell:Creating environment descriptor '/home/ziad/ziad_ws/ROS2/work_space/install/yahboom_rosmaster_navigation/share/yahboom_rosmaster_navigation/hook/cmake_prefix_path.dsv'
[3.649s] INFO:colcon.colcon_core.shell:Creating environment hook '/home/ziad/ziad_ws/ROS2/work_space/install/yahboom_rosmaster_navigation/share/yahboom_rosmaster_navigation/hook/cmake_prefix_path.sh'
[3.652s] Level 1:colcon.colcon_core.environment:checking '/home/ziad/ziad_ws/ROS2/work_space/install/yahboom_rosmaster_navigation/lib'
[3.653s] Level 1:colcon.colcon_core.environment:checking '/home/ziad/ziad_ws/ROS2/work_space/install/yahboom_rosmaster_navigation/bin'
[3.653s] Level 1:colcon.colcon_core.environment:checking '/home/ziad/ziad_ws/ROS2/work_space/install/yahboom_rosmaster_navigation/lib/pkgconfig/yahboom_rosmaster_navigation.pc'
[3.653s] Level 1:colcon.colcon_core.environment:checking '/home/ziad/ziad_ws/ROS2/work_space/install/yahboom_rosmaster_navigation/lib/python3.12/site-packages'
[3.654s] Level 1:colcon.colcon_core.shell:create_environment_hook('yahboom_rosmaster_navigation', 'pythonpath')
[3.654s] INFO:colcon.colcon_core.shell:Creating environment hook '/home/ziad/ziad_ws/ROS2/work_space/install/yahboom_rosmaster_navigation/share/yahboom_rosmaster_navigation/hook/pythonpath.ps1'
[3.657s] INFO:colcon.colcon_core.shell:Creating environment descriptor '/home/ziad/ziad_ws/ROS2/work_space/install/yahboom_rosmaster_navigation/share/yahboom_rosmaster_navigation/hook/pythonpath.dsv'
[3.659s] INFO:colcon.colcon_core.shell:Creating environment hook '/home/ziad/ziad_ws/ROS2/work_space/install/yahboom_rosmaster_navigation/share/yahboom_rosmaster_navigation/hook/pythonpath.sh'
[3.660s] Level 1:colcon.colcon_core.environment:checking '/home/ziad/ziad_ws/ROS2/work_space/install/yahboom_rosmaster_navigation/bin'
[3.661s] INFO:colcon.colcon_core.shell:Creating package script '/home/ziad/ziad_ws/ROS2/work_space/install/yahboom_rosmaster_navigation/share/yahboom_rosmaster_navigation/package.ps1'
[3.665s] INFO:colcon.colcon_core.shell:Creating package descriptor '/home/ziad/ziad_ws/ROS2/work_space/install/yahboom_rosmaster_navigation/share/yahboom_rosmaster_navigation/package.dsv'
[3.666s] INFO:colcon.colcon_core.shell:Creating package script '/home/ziad/ziad_ws/ROS2/work_space/install/yahboom_rosmaster_navigation/share/yahboom_rosmaster_navigation/package.sh'
[3.668s] INFO:colcon.colcon_core.shell:Creating package script '/home/ziad/ziad_ws/ROS2/work_space/install/yahboom_rosmaster_navigation/share/yahboom_rosmaster_navigation/package.bash'
[3.670s] INFO:colcon.colcon_core.shell:Creating package script '/home/ziad/ziad_ws/ROS2/work_space/install/yahboom_rosmaster_navigation/share/yahboom_rosmaster_navigation/package.zsh'
[3.672s] Level 1:colcon.colcon_core.environment:create_file_with_runtime_dependencies(/home/ziad/ziad_ws/ROS2/work_space/install/yahboom_rosmaster_navigation/share/colcon-core/packages/yahboom_rosmaster_navigation)
[3.708s] Level 1:colcon.colcon_core.environment:create_environment_scripts_only(yahboom_rosmaster_gazebo)
[3.708s] Level 1:colcon.colcon_core.environment:checking '/home/ziad/ziad_ws/ROS2/work_space/install/yahboom_rosmaster_gazebo' for CMake module files
[3.709s] DEBUG:colcon.colcon_core.event_handler.log_command:Invoked command in '/home/ziad/ziad_ws/ROS2/work_space/build/yahboom_rosmaster_gazebo' returned '0': CMAKE_PREFIX_PATH=${CMAKE_PREFIX_PATH}:/home/ziad/ziad_ws/ROS2/turtlebot3_ws/install/turtlebot3_teleop:/home/ziad/ziad_ws/ROS2/turtlebot3_ws/install/turtlebot3_example:/opt/ros/jazzy DEBUGINFOD_URLS=https://debuginfod.ubuntu.com /usr/bin/cmake --install /home/ziad/ziad_ws/ROS2/work_space/build/yahboom_rosmaster_gazebo
[3.710s] Level 1:colcon.colcon_core.environment:checking '/home/ziad/ziad_ws/ROS2/work_space/install/yahboom_rosmaster_gazebo' for CMake config files
[3.711s] Level 1:colcon.colcon_core.shell:create_environment_hook('yahboom_rosmaster_gazebo', 'cmake_prefix_path')
[3.712s] INFO:colcon.colcon_core.shell:Creating environment hook '/home/ziad/ziad_ws/ROS2/work_space/install/yahboom_rosmaster_gazebo/share/yahboom_rosmaster_gazebo/hook/cmake_prefix_path.ps1'
[3.713s] INFO:colcon.colcon_core.shell:Creating environment descriptor '/home/ziad/ziad_ws/ROS2/work_space/install/yahboom_rosmaster_gazebo/share/yahboom_rosmaster_gazebo/hook/cmake_prefix_path.dsv'
[3.714s] INFO:colcon.colcon_core.shell:Creating environment hook '/home/ziad/ziad_ws/ROS2/work_space/install/yahboom_rosmaster_gazebo/share/yahboom_rosmaster_gazebo/hook/cmake_prefix_path.sh'
[3.716s] Level 1:colcon.colcon_core.environment:checking '/home/ziad/ziad_ws/ROS2/work_space/install/yahboom_rosmaster_gazebo/bin'
[3.716s] Level 1:colcon.colcon_core.environment:checking '/home/ziad/ziad_ws/ROS2/work_space/install/yahboom_rosmaster_gazebo/lib/pkgconfig/yahboom_rosmaster_gazebo.pc'
[3.716s] Level 1:colcon.colcon_core.environment:checking '/home/ziad/ziad_ws/ROS2/work_space/install/yahboom_rosmaster_gazebo/lib/python3.12/site-packages'
[3.717s] Level 1:colcon.colcon_core.environment:checking '/home/ziad/ziad_ws/ROS2/work_space/install/yahboom_rosmaster_gazebo/bin'
[3.717s] INFO:colcon.colcon_core.shell:Creating package script '/home/ziad/ziad_ws/ROS2/work_space/install/yahboom_rosmaster_gazebo/share/yahboom_rosmaster_gazebo/package.ps1'
[3.719s] INFO:colcon.colcon_core.shell:Creating package descriptor '/home/ziad/ziad_ws/ROS2/work_space/install/yahboom_rosmaster_gazebo/share/yahboom_rosmaster_gazebo/package.dsv'
[3.719s] INFO:colcon.colcon_core.shell:Creating package script '/home/ziad/ziad_ws/ROS2/work_space/install/yahboom_rosmaster_gazebo/share/yahboom_rosmaster_gazebo/package.sh'
[3.720s] INFO:colcon.colcon_core.shell:Creating package script '/home/ziad/ziad_ws/ROS2/work_space/install/yahboom_rosmaster_gazebo/share/yahboom_rosmaster_gazebo/package.bash'
[3.721s] INFO:colcon.colcon_core.shell:Creating package script '/home/ziad/ziad_ws/ROS2/work_space/install/yahboom_rosmaster_gazebo/share/yahboom_rosmaster_gazebo/package.zsh'
[3.721s] Level 1:colcon.colcon_core.environment:create_file_with_runtime_dependencies(/home/ziad/ziad_ws/ROS2/work_space/install/yahboom_rosmaster_gazebo/share/colcon-core/packages/yahboom_rosmaster_gazebo)
[3.722s] Level 1:colcon.colcon_core.environment:create_environment_scripts_only(yahboom_rosmaster_gazebo)
[3.722s] Level 1:colcon.colcon_core.environment:checking '/home/ziad/ziad_ws/ROS2/work_space/install/yahboom_rosmaster_gazebo' for CMake module files
[3.724s] Level 1:colcon.colcon_core.environment:checking '/home/ziad/ziad_ws/ROS2/work_space/install/yahboom_rosmaster_gazebo' for CMake config files
[3.724s] Level 1:colcon.colcon_core.shell:create_environment_hook('yahboom_rosmaster_gazebo', 'cmake_prefix_path')
[3.724s] INFO:colcon.colcon_core.shell:Creating environment hook '/home/ziad/ziad_ws/ROS2/work_space/install/yahboom_rosmaster_gazebo/share/yahboom_rosmaster_gazebo/hook/cmake_prefix_path.ps1'
[3.725s] INFO:colcon.colcon_core.shell:Creating environment descriptor '/home/ziad/ziad_ws/ROS2/work_space/install/yahboom_rosmaster_gazebo/share/yahboom_rosmaster_gazebo/hook/cmake_prefix_path.dsv'
[3.726s] INFO:colcon.colcon_core.shell:Creating environment hook '/home/ziad/ziad_ws/ROS2/work_space/install/yahboom_rosmaster_gazebo/share/yahboom_rosmaster_gazebo/hook/cmake_prefix_path.sh'
[3.727s] Level 1:colcon.colcon_core.environment:checking '/home/ziad/ziad_ws/ROS2/work_space/install/yahboom_rosmaster_gazebo/bin'
[3.727s] Level 1:colcon.colcon_core.environment:checking '/home/ziad/ziad_ws/ROS2/work_space/install/yahboom_rosmaster_gazebo/lib/pkgconfig/yahboom_rosmaster_gazebo.pc'
[3.727s] Level 1:colcon.colcon_core.environment:checking '/home/ziad/ziad_ws/ROS2/work_space/install/yahboom_rosmaster_gazebo/lib/python3.12/site-packages'
[3.727s] Level 1:colcon.colcon_core.environment:checking '/home/ziad/ziad_ws/ROS2/work_space/install/yahboom_rosmaster_gazebo/bin'
[3.728s] INFO:colcon.colcon_core.shell:Creating package script '/home/ziad/ziad_ws/ROS2/work_space/install/yahboom_rosmaster_gazebo/share/yahboom_rosmaster_gazebo/package.ps1'
[3.728s] INFO:colcon.colcon_core.shell:Creating package descriptor '/home/ziad/ziad_ws/ROS2/work_space/install/yahboom_rosmaster_gazebo/share/yahboom_rosmaster_gazebo/package.dsv'
[3.729s] INFO:colcon.colcon_core.shell:Creating package script '/home/ziad/ziad_ws/ROS2/work_space/install/yahboom_rosmaster_gazebo/share/yahboom_rosmaster_gazebo/package.sh'
[3.729s] INFO:colcon.colcon_core.shell:Creating package script '/home/ziad/ziad_ws/ROS2/work_space/install/yahboom_rosmaster_gazebo/share/yahboom_rosmaster_gazebo/package.bash'
[3.730s] INFO:colcon.colcon_core.shell:Creating package script '/home/ziad/ziad_ws/ROS2/work_space/install/yahboom_rosmaster_gazebo/share/yahboom_rosmaster_gazebo/package.zsh'
[3.730s] Level 1:colcon.colcon_core.environment:create_file_with_runtime_dependencies(/home/ziad/ziad_ws/ROS2/work_space/install/yahboom_rosmaster_gazebo/share/colcon-core/packages/yahboom_rosmaster_gazebo)
[3.760s] DEBUG:colcon.colcon_core.event_handler.log_command:Invoked command in '/home/ziad/ziad_ws/ROS2/work_space/build/yahboom_rosmaster_msgs' returned '0': CMAKE_PREFIX_PATH=${CMAKE_PREFIX_PATH}:/home/ziad/ziad_ws/ROS2/turtlebot3_ws/install/turtlebot3_teleop:/home/ziad/ziad_ws/ROS2/turtlebot3_ws/install/turtlebot3_example:/opt/ros/jazzy DEBUGINFOD_URLS=https://debuginfod.ubuntu.com /usr/bin/cmake --build /home/ziad/ziad_ws/ROS2/work_space/build/yahboom_rosmaster_msgs -- -j4 -l4
[3.763s] DEBUG:colcon.colcon_core.event_handler.log_command:Invoking command in '/home/ziad/ziad_ws/ROS2/work_space/build/yahboom_rosmaster_msgs': CMAKE_PREFIX_PATH=${CMAKE_PREFIX_PATH}:/home/ziad/ziad_ws/ROS2/turtlebot3_ws/install/turtlebot3_teleop:/home/ziad/ziad_ws/ROS2/turtlebot3_ws/install/turtlebot3_example:/opt/ros/jazzy DEBUGINFOD_URLS=https://debuginfod.ubuntu.com /usr/bin/cmake --install /home/ziad/ziad_ws/ROS2/work_space/build/yahboom_rosmaster_msgs
[3.916s] Level 1:colcon.colcon_core.environment:create_environment_scripts_only(yahboom_rosmaster_msgs)
[3.917s] DEBUG:colcon.colcon_core.event_handler.log_command:Invoked command in '/home/ziad/ziad_ws/ROS2/work_space/build/yahboom_rosmaster_msgs' returned '0': CMAKE_PREFIX_PATH=${CMAKE_PREFIX_PATH}:/home/ziad/ziad_ws/ROS2/turtlebot3_ws/install/turtlebot3_teleop:/home/ziad/ziad_ws/ROS2/turtlebot3_ws/install/turtlebot3_example:/opt/ros/jazzy DEBUGINFOD_URLS=https://debuginfod.ubuntu.com /usr/bin/cmake --install /home/ziad/ziad_ws/ROS2/work_space/build/yahboom_rosmaster_msgs
[3.917s] Level 1:colcon.colcon_core.environment:checking '/home/ziad/ziad_ws/ROS2/work_space/install/yahboom_rosmaster_msgs' for CMake module files
[3.918s] Level 1:colcon.colcon_core.environment:checking '/home/ziad/ziad_ws/ROS2/work_space/install/yahboom_rosmaster_msgs' for CMake config files
[3.919s] Level 1:colcon.colcon_core.shell:create_environment_hook('yahboom_rosmaster_msgs', 'cmake_prefix_path')
[3.919s] INFO:colcon.colcon_core.shell:Creating environment hook '/home/ziad/ziad_ws/ROS2/work_space/install/yahboom_rosmaster_msgs/share/yahboom_rosmaster_msgs/hook/cmake_prefix_path.ps1'
[3.920s] INFO:colcon.colcon_core.shell:Creating environment descriptor '/home/ziad/ziad_ws/ROS2/work_space/install/yahboom_rosmaster_msgs/share/yahboom_rosmaster_msgs/hook/cmake_prefix_path.dsv'
[3.920s] INFO:colcon.colcon_core.shell:Creating environment hook '/home/ziad/ziad_ws/ROS2/work_space/install/yahboom_rosmaster_msgs/share/yahboom_rosmaster_msgs/hook/cmake_prefix_path.sh'
[3.921s] Level 1:colcon.colcon_core.environment:checking '/home/ziad/ziad_ws/ROS2/work_space/install/yahboom_rosmaster_msgs/lib'
[3.921s] Level 1:colcon.colcon_core.shell:create_environment_hook('yahboom_rosmaster_msgs', 'ld_library_path_lib')
[3.921s] INFO:colcon.colcon_core.shell:Creating environment hook '/home/ziad/ziad_ws/ROS2/work_space/install/yahboom_rosmaster_msgs/share/yahboom_rosmaster_msgs/hook/ld_library_path_lib.ps1'
[3.922s] INFO:colcon.colcon_core.shell:Creating environment descriptor '/home/ziad/ziad_ws/ROS2/work_space/install/yahboom_rosmaster_msgs/share/yahboom_rosmaster_msgs/hook/ld_library_path_lib.dsv'
[3.922s] INFO:colcon.colcon_core.shell:Creating environment hook '/home/ziad/ziad_ws/ROS2/work_space/install/yahboom_rosmaster_msgs/share/yahboom_rosmaster_msgs/hook/ld_library_path_lib.sh'
[3.923s] Level 1:colcon.colcon_core.environment:checking '/home/ziad/ziad_ws/ROS2/work_space/install/yahboom_rosmaster_msgs/bin'
[3.923s] Level 1:colcon.colcon_core.environment:checking '/home/ziad/ziad_ws/ROS2/work_space/install/yahboom_rosmaster_msgs/lib/pkgconfig/yahboom_rosmaster_msgs.pc'
[3.923s] Level 1:colcon.colcon_core.environment:checking '/home/ziad/ziad_ws/ROS2/work_space/install/yahboom_rosmaster_msgs/lib/python3.12/site-packages'
[3.923s] Level 1:colcon.colcon_core.shell:create_environment_hook('yahboom_rosmaster_msgs', 'pythonpath')
[3.923s] INFO:colcon.colcon_core.shell:Creating environment hook '/home/ziad/ziad_ws/ROS2/work_space/install/yahboom_rosmaster_msgs/share/yahboom_rosmaster_msgs/hook/pythonpath.ps1'
[3.924s] INFO:colcon.colcon_core.shell:Creating environment descriptor '/home/ziad/ziad_ws/ROS2/work_space/install/yahboom_rosmaster_msgs/share/yahboom_rosmaster_msgs/hook/pythonpath.dsv'
[3.924s] INFO:colcon.colcon_core.shell:Creating environment hook '/home/ziad/ziad_ws/ROS2/work_space/install/yahboom_rosmaster_msgs/share/yahboom_rosmaster_msgs/hook/pythonpath.sh'
[3.925s] Level 1:colcon.colcon_core.environment:checking '/home/ziad/ziad_ws/ROS2/work_space/install/yahboom_rosmaster_msgs/bin'
[3.925s] INFO:colcon.colcon_core.shell:Creating package script '/home/ziad/ziad_ws/ROS2/work_space/install/yahboom_rosmaster_msgs/share/yahboom_rosmaster_msgs/package.ps1'
[3.926s] INFO:colcon.colcon_core.shell:Creating package descriptor '/home/ziad/ziad_ws/ROS2/work_space/install/yahboom_rosmaster_msgs/share/yahboom_rosmaster_msgs/package.dsv'
[3.926s] INFO:colcon.colcon_core.shell:Creating package script '/home/ziad/ziad_ws/ROS2/work_space/install/yahboom_rosmaster_msgs/share/yahboom_rosmaster_msgs/package.sh'
[3.927s] INFO:colcon.colcon_core.shell:Creating package script '/home/ziad/ziad_ws/ROS2/work_space/install/yahboom_rosmaster_msgs/share/yahboom_rosmaster_msgs/package.bash'
[3.928s] INFO:colcon.colcon_core.shell:Creating package script '/home/ziad/ziad_ws/ROS2/work_space/install/yahboom_rosmaster_msgs/share/yahboom_rosmaster_msgs/package.zsh'
[3.928s] Level 1:colcon.colcon_core.environment:create_file_with_runtime_dependencies(/home/ziad/ziad_ws/ROS2/work_space/install/yahboom_rosmaster_msgs/share/colcon-core/packages/yahboom_rosmaster_msgs)
[3.929s] Level 1:colcon.colcon_core.environment:create_environment_scripts_only(yahboom_rosmaster_msgs)
[3.929s] Level 1:colcon.colcon_core.environment:checking '/home/ziad/ziad_ws/ROS2/work_space/install/yahboom_rosmaster_msgs' for CMake module files
[3.930s] Level 1:colcon.colcon_core.environment:checking '/home/ziad/ziad_ws/ROS2/work_space/install/yahboom_rosmaster_msgs' for CMake config files
[3.930s] Level 1:colcon.colcon_core.shell:create_environment_hook('yahboom_rosmaster_msgs', 'cmake_prefix_path')
[3.931s] INFO:colcon.colcon_core.shell:Creating environment hook '/home/ziad/ziad_ws/ROS2/work_space/install/yahboom_rosmaster_msgs/share/yahboom_rosmaster_msgs/hook/cmake_prefix_path.ps1'
[3.931s] INFO:colcon.colcon_core.shell:Creating environment descriptor '/home/ziad/ziad_ws/ROS2/work_space/install/yahboom_rosmaster_msgs/share/yahboom_rosmaster_msgs/hook/cmake_prefix_path.dsv'
[3.931s] INFO:colcon.colcon_core.shell:Creating environment hook '/home/ziad/ziad_ws/ROS2/work_space/install/yahboom_rosmaster_msgs/share/yahboom_rosmaster_msgs/hook/cmake_prefix_path.sh'
[3.932s] Level 1:colcon.colcon_core.environment:checking '/home/ziad/ziad_ws/ROS2/work_space/install/yahboom_rosmaster_msgs/lib'
[3.932s] Level 1:colcon.colcon_core.shell:create_environment_hook('yahboom_rosmaster_msgs', 'ld_library_path_lib')
[3.932s] INFO:colcon.colcon_core.shell:Creating environment hook '/home/ziad/ziad_ws/ROS2/work_space/install/yahboom_rosmaster_msgs/share/yahboom_rosmaster_msgs/hook/ld_library_path_lib.ps1'
[3.933s] INFO:colcon.colcon_core.shell:Creating environment descriptor '/home/ziad/ziad_ws/ROS2/work_space/install/yahboom_rosmaster_msgs/share/yahboom_rosmaster_msgs/hook/ld_library_path_lib.dsv'
[3.933s] INFO:colcon.colcon_core.shell:Creating environment hook '/home/ziad/ziad_ws/ROS2/work_space/install/yahboom_rosmaster_msgs/share/yahboom_rosmaster_msgs/hook/ld_library_path_lib.sh'
[3.934s] Level 1:colcon.colcon_core.environment:checking '/home/ziad/ziad_ws/ROS2/work_space/install/yahboom_rosmaster_msgs/bin'
[3.934s] Level 1:colcon.colcon_core.environment:checking '/home/ziad/ziad_ws/ROS2/work_space/install/yahboom_rosmaster_msgs/lib/pkgconfig/yahboom_rosmaster_msgs.pc'
[3.934s] Level 1:colcon.colcon_core.environment:checking '/home/ziad/ziad_ws/ROS2/work_space/install/yahboom_rosmaster_msgs/lib/python3.12/site-packages'
[3.934s] Level 1:colcon.colcon_core.shell:create_environment_hook('yahboom_rosmaster_msgs', 'pythonpath')
[3.934s] INFO:colcon.colcon_core.shell:Creating environment hook '/home/ziad/ziad_ws/ROS2/work_space/install/yahboom_rosmaster_msgs/share/yahboom_rosmaster_msgs/hook/pythonpath.ps1'
[3.935s] INFO:colcon.colcon_core.shell:Creating environment descriptor '/home/ziad/ziad_ws/ROS2/work_space/install/yahboom_rosmaster_msgs/share/yahboom_rosmaster_msgs/hook/pythonpath.dsv'
[3.935s] INFO:colcon.colcon_core.shell:Creating environment hook '/home/ziad/ziad_ws/ROS2/work_space/install/yahboom_rosmaster_msgs/share/yahboom_rosmaster_msgs/hook/pythonpath.sh'
[3.936s] Level 1:colcon.colcon_core.environment:checking '/home/ziad/ziad_ws/ROS2/work_space/install/yahboom_rosmaster_msgs/bin'
[3.936s] INFO:colcon.colcon_core.shell:Creating package script '/home/ziad/ziad_ws/ROS2/work_space/install/yahboom_rosmaster_msgs/share/yahboom_rosmaster_msgs/package.ps1'
[3.937s] INFO:colcon.colcon_core.shell:Creating package descriptor '/home/ziad/ziad_ws/ROS2/work_space/install/yahboom_rosmaster_msgs/share/yahboom_rosmaster_msgs/package.dsv'
[3.938s] INFO:colcon.colcon_core.shell:Creating package script '/home/ziad/ziad_ws/ROS2/work_space/install/yahboom_rosmaster_msgs/share/yahboom_rosmaster_msgs/package.sh'
[3.938s] INFO:colcon.colcon_core.shell:Creating package script '/home/ziad/ziad_ws/ROS2/work_space/install/yahboom_rosmaster_msgs/share/yahboom_rosmaster_msgs/package.bash'
[3.939s] INFO:colcon.colcon_core.shell:Creating package script '/home/ziad/ziad_ws/ROS2/work_space/install/yahboom_rosmaster_msgs/share/yahboom_rosmaster_msgs/package.zsh'
[3.939s] Level 1:colcon.colcon_core.environment:create_file_with_runtime_dependencies(/home/ziad/ziad_ws/ROS2/work_space/install/yahboom_rosmaster_msgs/share/colcon-core/packages/yahboom_rosmaster_msgs)
[3.940s] INFO:colcon.colcon_ros.task.ament_cmake.build:Building ROS package in '/home/ziad/ziad_ws/ROS2/work_space/src/yahboom_rosmaster/yahboom_rosmaster_system_tests' with build type 'ament_cmake'
[3.940s] INFO:colcon.colcon_cmake.task.cmake.build:Building CMake package in '/home/ziad/ziad_ws/ROS2/work_space/src/yahboom_rosmaster/yahboom_rosmaster_system_tests'
[3.941s] INFO:colcon.colcon_core.shell:Skip shell extension 'powershell' for command environment: Not usable outside of PowerShell
[3.941s] DEBUG:colcon.colcon_core.shell:Skip shell extension 'dsv' for command environment
[3.963s] DEBUG:colcon.colcon_core.event_handler.log_command:Invoking command in '/home/ziad/ziad_ws/ROS2/work_space/build/yahboom_rosmaster_system_tests': CMAKE_PREFIX_PATH=/home/ziad/ziad_ws/ROS2/work_space/install/yahboom_rosmaster_msgs:/home/ziad/ziad_ws/ROS2/work_space/install/yahboom_rosmaster:/home/ziad/ziad_ws/ROS2/work_space/install/yahboom_rosmaster_system_tests:/home/ziad/ziad_ws/ROS2/work_space/install/yahboom_rosmaster_navigation:/home/ziad/ziad_ws/ROS2/work_space/install/yahboom_rosmaster_localization:/home/ziad/ziad_ws/ROS2/work_space/install/yahboom_rosmaster_gazebo:/home/ziad/ziad_ws/ROS2/work_space/install/yahboom_rosmaster_docking:/home/ziad/ziad_ws/ROS2/work_space/install/yahboom_rosmaster_description:/home/ziad/ziad_ws/ROS2/work_space/install/yahboom_rosmaster_bringup:/home/ziad/ziad_ws/ROS2/work_space/install/ros2_control_turtel_bot:/home/ziad/ziad_ws/ROS2/work_space/install/mecanum_drive_controller:/home/ziad/ziad_ws/ROS2/work_space/install/custom_action_interfaces:/home/ziad/ziad_ws/ROS2/work_space/install/apriltag_ros:/home/ziad/ziad_ws/ROS2/turtlebot3_ws/install/turtlebot3_simulations:/home/ziad/ziad_ws/ROS2/turtlebot3_ws/install/turtlebot3_fake_node:/home/ziad/ziad_ws/ROS2/turtlebot3_ws/install/turtlebot3_gazebo:/home/ziad/ziad_ws/ROS2/turtlebot3_ws/install/urdf_tutorial_cpp:/home/ziad/ziad_ws/ROS2/turtlebot3_ws/install/turtlebot3:/home/ziad/ziad_ws/ROS2/turtlebot3_ws/install/turtlebot3_bringup:/home/ziad/ziad_ws/ROS2/turtlebot3_ws/install/turtlebot3_node:/home/ziad/ziad_ws/ROS2/turtlebot3_ws/install/turtlebot3_navigation2:/home/ziad/ziad_ws/ROS2/turtlebot3_ws/install/turtlebot3_msgs:/home/ziad/ziad_ws/ROS2/turtlebot3_ws/install/turtlebot3_description:/home/ziad/ziad_ws/ROS2/turtlebot3_ws/install/turtlebot3_cartographer:/home/ziad/ziad_ws/ROS2/turtlebot3_ws/install/simple_pub_sub:/home/ziad/ziad_ws/ROS2/turtlebot3_ws/install/learning_tf2_cpp:/home/ziad/ziad_ws/ROS2/turtlebot3_ws/install/dynamixel_sdk_examples:/home/ziad/ziad_ws/ROS2/turtlebot3_ws/install/dynamixel_sdk_custom_interfaces:/home/ziad/ziad_ws/ROS2/turtlebot3_ws/install/dynamixel_sdk:/home/ziad/ziad_ws/ROS2/tutorials_work_sapce/install/urdf_tutorial_cpp:/home/ziad/ziad_ws/ROS2/tutorials_work_sapce/install/learning_tf2_cpp:/home/ziad/ziad_ws/ROS2/tutorials_work_sapce/install/simple_pub_sub:/home/ziad/ziad_ws/ROS2/tutorials_work_sapce/install/ros2_service:/opt/ros/jazzy/opt/gz_sim_vendor:/opt/ros/jazzy/opt/gz_sensors_vendor:/opt/ros/jazzy/opt/gz_physics_vendor:/opt/ros/jazzy/opt/sdformat_vendor:/opt/ros/jazzy/opt/gz_gui_vendor:/opt/ros/jazzy/opt/gz_transport_vendor:/opt/ros/jazzy/opt/gz_rendering_vendor:/opt/ros/jazzy/opt/gz_plugin_vendor:/opt/ros/jazzy/opt/gz_fuel_tools_vendor:/opt/ros/jazzy/opt/gz_msgs_vendor:/opt/ros/jazzy/opt/gz_common_vendor:/opt/ros/jazzy/opt/gz_math_vendor:/opt/ros/jazzy/opt/gz_utils_vendor:/opt/ros/jazzy/opt/gz_tools_vendor:/opt/ros/jazzy/opt/gz_ogre_next_vendor:/opt/ros/jazzy/opt/gz_dartsim_vendor:/opt/ros/jazzy/opt/gz_cmake_vendor:/home/ziad/ziad_ws/ROS2/turtlebot3_ws/install/turtlebot3_teleop:/home/ziad/ziad_ws/ROS2/turtlebot3_ws/install/turtlebot3_example:/opt/ros/jazzy DEBUGINFOD_URLS=https://debuginfod.ubuntu.com PYTHONPATH=/home/ziad/ziad_ws/ROS2/work_space/install/yahboom_rosmaster_msgs/lib/python3.12/site-packages:/home/ziad/ziad_ws/ROS2/work_space/install/yahboom_rosmaster_navigation/lib/python3.12/site-packages:/home/ziad/ziad_ws/ROS2/turtlebot3_ws/build/turtlebot3_teleop:/home/ziad/ziad_ws/ROS2/turtlebot3_ws/install/turtlebot3_teleop/lib/python3.12/site-packages:/home/ziad/ziad_ws/ROS2/turtlebot3_ws/build/turtlebot3_example:/home/ziad/ziad_ws/ROS2/turtlebot3_ws/install/turtlebot3_example/lib/python3.12/site-packages:/home/ziad/ziad_ws/ROS2/turtlebot3_ws/install/turtlebot3_msgs/lib/python3.12/site-packages:/home/ziad/ziad_ws/ROS2/turtlebot3_ws/install/dynamixel_sdk_custom_interfaces/lib/python3.12/site-packages:/home/ziad/ziad_ws/ROS2/turtlebot3_ws/install/dynamixel_sdk/lib/python3.12/site-packages:/home/ziad/ziad_ws/ROS2/tutorials_work_sapce/install/ros2_service/lib/python3.12/site-packages:/opt/ros/jazzy/lib/python3.12/site-packages /usr/bin/cmake --build /home/ziad/ziad_ws/ROS2/work_space/build/yahboom_rosmaster_system_tests -- -j4 -l4
[4.230s] DEBUG:colcon.colcon_core.event_handler.log_command:Invoked command in '/home/ziad/ziad_ws/ROS2/work_space/build/yahboom_rosmaster_system_tests' returned '0': CMAKE_PREFIX_PATH=/home/ziad/ziad_ws/ROS2/work_space/install/yahboom_rosmaster_msgs:/home/ziad/ziad_ws/ROS2/work_space/install/yahboom_rosmaster:/home/ziad/ziad_ws/ROS2/work_space/install/yahboom_rosmaster_system_tests:/home/ziad/ziad_ws/ROS2/work_space/install/yahboom_rosmaster_navigation:/home/ziad/ziad_ws/ROS2/work_space/install/yahboom_rosmaster_localization:/home/ziad/ziad_ws/ROS2/work_space/install/yahboom_rosmaster_gazebo:/home/ziad/ziad_ws/ROS2/work_space/install/yahboom_rosmaster_docking:/home/ziad/ziad_ws/ROS2/work_space/install/yahboom_rosmaster_description:/home/ziad/ziad_ws/ROS2/work_space/install/yahboom_rosmaster_bringup:/home/ziad/ziad_ws/ROS2/work_space/install/ros2_control_turtel_bot:/home/ziad/ziad_ws/ROS2/work_space/install/mecanum_drive_controller:/home/ziad/ziad_ws/ROS2/work_space/install/custom_action_interfaces:/home/ziad/ziad_ws/ROS2/work_space/install/apriltag_ros:/home/ziad/ziad_ws/ROS2/turtlebot3_ws/install/turtlebot3_simulations:/home/ziad/ziad_ws/ROS2/turtlebot3_ws/install/turtlebot3_fake_node:/home/ziad/ziad_ws/ROS2/turtlebot3_ws/install/turtlebot3_gazebo:/home/ziad/ziad_ws/ROS2/turtlebot3_ws/install/urdf_tutorial_cpp:/home/ziad/ziad_ws/ROS2/turtlebot3_ws/install/turtlebot3:/home/ziad/ziad_ws/ROS2/turtlebot3_ws/install/turtlebot3_bringup:/home/ziad/ziad_ws/ROS2/turtlebot3_ws/install/turtlebot3_node:/home/ziad/ziad_ws/ROS2/turtlebot3_ws/install/turtlebot3_navigation2:/home/ziad/ziad_ws/ROS2/turtlebot3_ws/install/turtlebot3_msgs:/home/ziad/ziad_ws/ROS2/turtlebot3_ws/install/turtlebot3_description:/home/ziad/ziad_ws/ROS2/turtlebot3_ws/install/turtlebot3_cartographer:/home/ziad/ziad_ws/ROS2/turtlebot3_ws/install/simple_pub_sub:/home/ziad/ziad_ws/ROS2/turtlebot3_ws/install/learning_tf2_cpp:/home/ziad/ziad_ws/ROS2/turtlebot3_ws/install/dynamixel_sdk_examples:/home/ziad/ziad_ws/ROS2/turtlebot3_ws/install/dynamixel_sdk_custom_interfaces:/home/ziad/ziad_ws/ROS2/turtlebot3_ws/install/dynamixel_sdk:/home/ziad/ziad_ws/ROS2/tutorials_work_sapce/install/urdf_tutorial_cpp:/home/ziad/ziad_ws/ROS2/tutorials_work_sapce/install/learning_tf2_cpp:/home/ziad/ziad_ws/ROS2/tutorials_work_sapce/install/simple_pub_sub:/home/ziad/ziad_ws/ROS2/tutorials_work_sapce/install/ros2_service:/opt/ros/jazzy/opt/gz_sim_vendor:/opt/ros/jazzy/opt/gz_sensors_vendor:/opt/ros/jazzy/opt/gz_physics_vendor:/opt/ros/jazzy/opt/sdformat_vendor:/opt/ros/jazzy/opt/gz_gui_vendor:/opt/ros/jazzy/opt/gz_transport_vendor:/opt/ros/jazzy/opt/gz_rendering_vendor:/opt/ros/jazzy/opt/gz_plugin_vendor:/opt/ros/jazzy/opt/gz_fuel_tools_vendor:/opt/ros/jazzy/opt/gz_msgs_vendor:/opt/ros/jazzy/opt/gz_common_vendor:/opt/ros/jazzy/opt/gz_math_vendor:/opt/ros/jazzy/opt/gz_utils_vendor:/opt/ros/jazzy/opt/gz_tools_vendor:/opt/ros/jazzy/opt/gz_ogre_next_vendor:/opt/ros/jazzy/opt/gz_dartsim_vendor:/opt/ros/jazzy/opt/gz_cmake_vendor:/home/ziad/ziad_ws/ROS2/turtlebot3_ws/install/turtlebot3_teleop:/home/ziad/ziad_ws/ROS2/turtlebot3_ws/install/turtlebot3_example:/opt/ros/jazzy DEBUGINFOD_URLS=https://debuginfod.ubuntu.com PYTHONPATH=/home/ziad/ziad_ws/ROS2/work_space/install/yahboom_rosmaster_msgs/lib/python3.12/site-packages:/home/ziad/ziad_ws/ROS2/work_space/install/yahboom_rosmaster_navigation/lib/python3.12/site-packages:/home/ziad/ziad_ws/ROS2/turtlebot3_ws/build/turtlebot3_teleop:/home/ziad/ziad_ws/ROS2/turtlebot3_ws/install/turtlebot3_teleop/lib/python3.12/site-packages:/home/ziad/ziad_ws/ROS2/turtlebot3_ws/build/turtlebot3_example:/home/ziad/ziad_ws/ROS2/turtlebot3_ws/install/turtlebot3_example/lib/python3.12/site-packages:/home/ziad/ziad_ws/ROS2/turtlebot3_ws/install/turtlebot3_msgs/lib/python3.12/site-packages:/home/ziad/ziad_ws/ROS2/turtlebot3_ws/install/dynamixel_sdk_custom_interfaces/lib/python3.12/site-packages:/home/ziad/ziad_ws/ROS2/turtlebot3_ws/install/dynamixel_sdk/lib/python3.12/site-packages:/home/ziad/ziad_ws/ROS2/tutorials_work_sapce/install/ros2_service/lib/python3.12/site-packages:/opt/ros/jazzy/lib/python3.12/site-packages /usr/bin/cmake --build /home/ziad/ziad_ws/ROS2/work_space/build/yahboom_rosmaster_system_tests -- -j4 -l4
[4.232s] DEBUG:colcon.colcon_core.event_handler.log_command:Invoking command in '/home/ziad/ziad_ws/ROS2/work_space/build/yahboom_rosmaster_system_tests': CMAKE_PREFIX_PATH=/home/ziad/ziad_ws/ROS2/work_space/install/yahboom_rosmaster_msgs:/home/ziad/ziad_ws/ROS2/work_space/install/yahboom_rosmaster:/home/ziad/ziad_ws/ROS2/work_space/install/yahboom_rosmaster_system_tests:/home/ziad/ziad_ws/ROS2/work_space/install/yahboom_rosmaster_navigation:/home/ziad/ziad_ws/ROS2/work_space/install/yahboom_rosmaster_localization:/home/ziad/ziad_ws/ROS2/work_space/install/yahboom_rosmaster_gazebo:/home/ziad/ziad_ws/ROS2/work_space/install/yahboom_rosmaster_docking:/home/ziad/ziad_ws/ROS2/work_space/install/yahboom_rosmaster_description:/home/ziad/ziad_ws/ROS2/work_space/install/yahboom_rosmaster_bringup:/home/ziad/ziad_ws/ROS2/work_space/install/ros2_control_turtel_bot:/home/ziad/ziad_ws/ROS2/work_space/install/mecanum_drive_controller:/home/ziad/ziad_ws/ROS2/work_space/install/custom_action_interfaces:/home/ziad/ziad_ws/ROS2/work_space/install/apriltag_ros:/home/ziad/ziad_ws/ROS2/turtlebot3_ws/install/turtlebot3_simulations:/home/ziad/ziad_ws/ROS2/turtlebot3_ws/install/turtlebot3_fake_node:/home/ziad/ziad_ws/ROS2/turtlebot3_ws/install/turtlebot3_gazebo:/home/ziad/ziad_ws/ROS2/turtlebot3_ws/install/urdf_tutorial_cpp:/home/ziad/ziad_ws/ROS2/turtlebot3_ws/install/turtlebot3:/home/ziad/ziad_ws/ROS2/turtlebot3_ws/install/turtlebot3_bringup:/home/ziad/ziad_ws/ROS2/turtlebot3_ws/install/turtlebot3_node:/home/ziad/ziad_ws/ROS2/turtlebot3_ws/install/turtlebot3_navigation2:/home/ziad/ziad_ws/ROS2/turtlebot3_ws/install/turtlebot3_msgs:/home/ziad/ziad_ws/ROS2/turtlebot3_ws/install/turtlebot3_description:/home/ziad/ziad_ws/ROS2/turtlebot3_ws/install/turtlebot3_cartographer:/home/ziad/ziad_ws/ROS2/turtlebot3_ws/install/simple_pub_sub:/home/ziad/ziad_ws/ROS2/turtlebot3_ws/install/learning_tf2_cpp:/home/ziad/ziad_ws/ROS2/turtlebot3_ws/install/dynamixel_sdk_examples:/home/ziad/ziad_ws/ROS2/turtlebot3_ws/install/dynamixel_sdk_custom_interfaces:/home/ziad/ziad_ws/ROS2/turtlebot3_ws/install/dynamixel_sdk:/home/ziad/ziad_ws/ROS2/tutorials_work_sapce/install/urdf_tutorial_cpp:/home/ziad/ziad_ws/ROS2/tutorials_work_sapce/install/learning_tf2_cpp:/home/ziad/ziad_ws/ROS2/tutorials_work_sapce/install/simple_pub_sub:/home/ziad/ziad_ws/ROS2/tutorials_work_sapce/install/ros2_service:/opt/ros/jazzy/opt/gz_sim_vendor:/opt/ros/jazzy/opt/gz_sensors_vendor:/opt/ros/jazzy/opt/gz_physics_vendor:/opt/ros/jazzy/opt/sdformat_vendor:/opt/ros/jazzy/opt/gz_gui_vendor:/opt/ros/jazzy/opt/gz_transport_vendor:/opt/ros/jazzy/opt/gz_rendering_vendor:/opt/ros/jazzy/opt/gz_plugin_vendor:/opt/ros/jazzy/opt/gz_fuel_tools_vendor:/opt/ros/jazzy/opt/gz_msgs_vendor:/opt/ros/jazzy/opt/gz_common_vendor:/opt/ros/jazzy/opt/gz_math_vendor:/opt/ros/jazzy/opt/gz_utils_vendor:/opt/ros/jazzy/opt/gz_tools_vendor:/opt/ros/jazzy/opt/gz_ogre_next_vendor:/opt/ros/jazzy/opt/gz_dartsim_vendor:/opt/ros/jazzy/opt/gz_cmake_vendor:/home/ziad/ziad_ws/ROS2/turtlebot3_ws/install/turtlebot3_teleop:/home/ziad/ziad_ws/ROS2/turtlebot3_ws/install/turtlebot3_example:/opt/ros/jazzy DEBUGINFOD_URLS=https://debuginfod.ubuntu.com PYTHONPATH=/home/ziad/ziad_ws/ROS2/work_space/install/yahboom_rosmaster_msgs/lib/python3.12/site-packages:/home/ziad/ziad_ws/ROS2/work_space/install/yahboom_rosmaster_navigation/lib/python3.12/site-packages:/home/ziad/ziad_ws/ROS2/turtlebot3_ws/build/turtlebot3_teleop:/home/ziad/ziad_ws/ROS2/turtlebot3_ws/install/turtlebot3_teleop/lib/python3.12/site-packages:/home/ziad/ziad_ws/ROS2/turtlebot3_ws/build/turtlebot3_example:/home/ziad/ziad_ws/ROS2/turtlebot3_ws/install/turtlebot3_example/lib/python3.12/site-packages:/home/ziad/ziad_ws/ROS2/turtlebot3_ws/install/turtlebot3_msgs/lib/python3.12/site-packages:/home/ziad/ziad_ws/ROS2/turtlebot3_ws/install/dynamixel_sdk_custom_interfaces/lib/python3.12/site-packages:/home/ziad/ziad_ws/ROS2/turtlebot3_ws/install/dynamixel_sdk/lib/python3.12/site-packages:/home/ziad/ziad_ws/ROS2/tutorials_work_sapce/install/ros2_service/lib/python3.12/site-packages:/opt/ros/jazzy/lib/python3.12/site-packages /usr/bin/cmake --install /home/ziad/ziad_ws/ROS2/work_space/build/yahboom_rosmaster_system_tests
[4.269s] Level 1:colcon.colcon_core.environment:create_environment_scripts_only(yahboom_rosmaster_system_tests)
[4.270s] Level 1:colcon.colcon_core.environment:checking '/home/ziad/ziad_ws/ROS2/work_space/install/yahboom_rosmaster_system_tests' for CMake module files
[4.270s] DEBUG:colcon.colcon_core.event_handler.log_command:Invoked command in '/home/ziad/ziad_ws/ROS2/work_space/build/yahboom_rosmaster_system_tests' returned '0': CMAKE_PREFIX_PATH=/home/ziad/ziad_ws/ROS2/work_space/install/yahboom_rosmaster_msgs:/home/ziad/ziad_ws/ROS2/work_space/install/yahboom_rosmaster:/home/ziad/ziad_ws/ROS2/work_space/install/yahboom_rosmaster_system_tests:/home/ziad/ziad_ws/ROS2/work_space/install/yahboom_rosmaster_navigation:/home/ziad/ziad_ws/ROS2/work_space/install/yahboom_rosmaster_localization:/home/ziad/ziad_ws/ROS2/work_space/install/yahboom_rosmaster_gazebo:/home/ziad/ziad_ws/ROS2/work_space/install/yahboom_rosmaster_docking:/home/ziad/ziad_ws/ROS2/work_space/install/yahboom_rosmaster_description:/home/ziad/ziad_ws/ROS2/work_space/install/yahboom_rosmaster_bringup:/home/ziad/ziad_ws/ROS2/work_space/install/ros2_control_turtel_bot:/home/ziad/ziad_ws/ROS2/work_space/install/mecanum_drive_controller:/home/ziad/ziad_ws/ROS2/work_space/install/custom_action_interfaces:/home/ziad/ziad_ws/ROS2/work_space/install/apriltag_ros:/home/ziad/ziad_ws/ROS2/turtlebot3_ws/install/turtlebot3_simulations:/home/ziad/ziad_ws/ROS2/turtlebot3_ws/install/turtlebot3_fake_node:/home/ziad/ziad_ws/ROS2/turtlebot3_ws/install/turtlebot3_gazebo:/home/ziad/ziad_ws/ROS2/turtlebot3_ws/install/urdf_tutorial_cpp:/home/ziad/ziad_ws/ROS2/turtlebot3_ws/install/turtlebot3:/home/ziad/ziad_ws/ROS2/turtlebot3_ws/install/turtlebot3_bringup:/home/ziad/ziad_ws/ROS2/turtlebot3_ws/install/turtlebot3_node:/home/ziad/ziad_ws/ROS2/turtlebot3_ws/install/turtlebot3_navigation2:/home/ziad/ziad_ws/ROS2/turtlebot3_ws/install/turtlebot3_msgs:/home/ziad/ziad_ws/ROS2/turtlebot3_ws/install/turtlebot3_description:/home/ziad/ziad_ws/ROS2/turtlebot3_ws/install/turtlebot3_cartographer:/home/ziad/ziad_ws/ROS2/turtlebot3_ws/install/simple_pub_sub:/home/ziad/ziad_ws/ROS2/turtlebot3_ws/install/learning_tf2_cpp:/home/ziad/ziad_ws/ROS2/turtlebot3_ws/install/dynamixel_sdk_examples:/home/ziad/ziad_ws/ROS2/turtlebot3_ws/install/dynamixel_sdk_custom_interfaces:/home/ziad/ziad_ws/ROS2/turtlebot3_ws/install/dynamixel_sdk:/home/ziad/ziad_ws/ROS2/tutorials_work_sapce/install/urdf_tutorial_cpp:/home/ziad/ziad_ws/ROS2/tutorials_work_sapce/install/learning_tf2_cpp:/home/ziad/ziad_ws/ROS2/tutorials_work_sapce/install/simple_pub_sub:/home/ziad/ziad_ws/ROS2/tutorials_work_sapce/install/ros2_service:/opt/ros/jazzy/opt/gz_sim_vendor:/opt/ros/jazzy/opt/gz_sensors_vendor:/opt/ros/jazzy/opt/gz_physics_vendor:/opt/ros/jazzy/opt/sdformat_vendor:/opt/ros/jazzy/opt/gz_gui_vendor:/opt/ros/jazzy/opt/gz_transport_vendor:/opt/ros/jazzy/opt/gz_rendering_vendor:/opt/ros/jazzy/opt/gz_plugin_vendor:/opt/ros/jazzy/opt/gz_fuel_tools_vendor:/opt/ros/jazzy/opt/gz_msgs_vendor:/opt/ros/jazzy/opt/gz_common_vendor:/opt/ros/jazzy/opt/gz_math_vendor:/opt/ros/jazzy/opt/gz_utils_vendor:/opt/ros/jazzy/opt/gz_tools_vendor:/opt/ros/jazzy/opt/gz_ogre_next_vendor:/opt/ros/jazzy/opt/gz_dartsim_vendor:/opt/ros/jazzy/opt/gz_cmake_vendor:/home/ziad/ziad_ws/ROS2/turtlebot3_ws/install/turtlebot3_teleop:/home/ziad/ziad_ws/ROS2/turtlebot3_ws/install/turtlebot3_example:/opt/ros/jazzy DEBUGINFOD_URLS=https://debuginfod.ubuntu.com PYTHONPATH=/home/ziad/ziad_ws/ROS2/work_space/install/yahboom_rosmaster_msgs/lib/python3.12/site-packages:/home/ziad/ziad_ws/ROS2/work_space/install/yahboom_rosmaster_navigation/lib/python3.12/site-packages:/home/ziad/ziad_ws/ROS2/turtlebot3_ws/build/turtlebot3_teleop:/home/ziad/ziad_ws/ROS2/turtlebot3_ws/install/turtlebot3_teleop/lib/python3.12/site-packages:/home/ziad/ziad_ws/ROS2/turtlebot3_ws/build/turtlebot3_example:/home/ziad/ziad_ws/ROS2/turtlebot3_ws/install/turtlebot3_example/lib/python3.12/site-packages:/home/ziad/ziad_ws/ROS2/turtlebot3_ws/install/turtlebot3_msgs/lib/python3.12/site-packages:/home/ziad/ziad_ws/ROS2/turtlebot3_ws/install/dynamixel_sdk_custom_interfaces/lib/python3.12/site-packages:/home/ziad/ziad_ws/ROS2/turtlebot3_ws/install/dynamixel_sdk/lib/python3.12/site-packages:/home/ziad/ziad_ws/ROS2/tutorials_work_sapce/install/ros2_service/lib/python3.12/site-packages:/opt/ros/jazzy/lib/python3.12/site-packages /usr/bin/cmake --install /home/ziad/ziad_ws/ROS2/work_space/build/yahboom_rosmaster_system_tests
[4.271s] Level 1:colcon.colcon_core.environment:checking '/home/ziad/ziad_ws/ROS2/work_space/install/yahboom_rosmaster_system_tests' for CMake config files
[4.271s] Level 1:colcon.colcon_core.shell:create_environment_hook('yahboom_rosmaster_system_tests', 'cmake_prefix_path')
[4.272s] INFO:colcon.colcon_core.shell:Creating environment hook '/home/ziad/ziad_ws/ROS2/work_space/install/yahboom_rosmaster_system_tests/share/yahboom_rosmaster_system_tests/hook/cmake_prefix_path.ps1'
[4.272s] INFO:colcon.colcon_core.shell:Creating environment descriptor '/home/ziad/ziad_ws/ROS2/work_space/install/yahboom_rosmaster_system_tests/share/yahboom_rosmaster_system_tests/hook/cmake_prefix_path.dsv'
[4.273s] INFO:colcon.colcon_core.shell:Creating environment hook '/home/ziad/ziad_ws/ROS2/work_space/install/yahboom_rosmaster_system_tests/share/yahboom_rosmaster_system_tests/hook/cmake_prefix_path.sh'
[4.274s] Level 1:colcon.colcon_core.environment:checking '/home/ziad/ziad_ws/ROS2/work_space/install/yahboom_rosmaster_system_tests/lib'
[4.274s] Level 1:colcon.colcon_core.environment:checking '/home/ziad/ziad_ws/ROS2/work_space/install/yahboom_rosmaster_system_tests/bin'
[4.274s] Level 1:colcon.colcon_core.environment:checking '/home/ziad/ziad_ws/ROS2/work_space/install/yahboom_rosmaster_system_tests/lib/pkgconfig/yahboom_rosmaster_system_tests.pc'
[4.274s] Level 1:colcon.colcon_core.environment:checking '/home/ziad/ziad_ws/ROS2/work_space/install/yahboom_rosmaster_system_tests/lib/python3.12/site-packages'
[4.274s] Level 1:colcon.colcon_core.environment:checking '/home/ziad/ziad_ws/ROS2/work_space/install/yahboom_rosmaster_system_tests/bin'
[4.275s] INFO:colcon.colcon_core.shell:Creating package script '/home/ziad/ziad_ws/ROS2/work_space/install/yahboom_rosmaster_system_tests/share/yahboom_rosmaster_system_tests/package.ps1'
[4.275s] INFO:colcon.colcon_core.shell:Creating package descriptor '/home/ziad/ziad_ws/ROS2/work_space/install/yahboom_rosmaster_system_tests/share/yahboom_rosmaster_system_tests/package.dsv'
[4.276s] INFO:colcon.colcon_core.shell:Creating package script '/home/ziad/ziad_ws/ROS2/work_space/install/yahboom_rosmaster_system_tests/share/yahboom_rosmaster_system_tests/package.sh'
[4.276s] INFO:colcon.colcon_core.shell:Creating package script '/home/ziad/ziad_ws/ROS2/work_space/install/yahboom_rosmaster_system_tests/share/yahboom_rosmaster_system_tests/package.bash'
[4.276s] INFO:colcon.colcon_core.shell:Creating package script '/home/ziad/ziad_ws/ROS2/work_space/install/yahboom_rosmaster_system_tests/share/yahboom_rosmaster_system_tests/package.zsh'
[4.277s] Level 1:colcon.colcon_core.environment:create_file_with_runtime_dependencies(/home/ziad/ziad_ws/ROS2/work_space/install/yahboom_rosmaster_system_tests/share/colcon-core/packages/yahboom_rosmaster_system_tests)
[4.277s] Level 1:colcon.colcon_core.environment:create_environment_scripts_only(yahboom_rosmaster_system_tests)
[4.278s] Level 1:colcon.colcon_core.environment:checking '/home/ziad/ziad_ws/ROS2/work_space/install/yahboom_rosmaster_system_tests' for CMake module files
[4.278s] Level 1:colcon.colcon_core.environment:checking '/home/ziad/ziad_ws/ROS2/work_space/install/yahboom_rosmaster_system_tests' for CMake config files
[4.279s] Level 1:colcon.colcon_core.shell:create_environment_hook('yahboom_rosmaster_system_tests', 'cmake_prefix_path')
[4.279s] INFO:colcon.colcon_core.shell:Creating environment hook '/home/ziad/ziad_ws/ROS2/work_space/install/yahboom_rosmaster_system_tests/share/yahboom_rosmaster_system_tests/hook/cmake_prefix_path.ps1'
[4.280s] INFO:colcon.colcon_core.shell:Creating environment descriptor '/home/ziad/ziad_ws/ROS2/work_space/install/yahboom_rosmaster_system_tests/share/yahboom_rosmaster_system_tests/hook/cmake_prefix_path.dsv'
[4.280s] INFO:colcon.colcon_core.shell:Creating environment hook '/home/ziad/ziad_ws/ROS2/work_space/install/yahboom_rosmaster_system_tests/share/yahboom_rosmaster_system_tests/hook/cmake_prefix_path.sh'
[4.281s] Level 1:colcon.colcon_core.environment:checking '/home/ziad/ziad_ws/ROS2/work_space/install/yahboom_rosmaster_system_tests/lib'
[4.281s] Level 1:colcon.colcon_core.environment:checking '/home/ziad/ziad_ws/ROS2/work_space/install/yahboom_rosmaster_system_tests/bin'
[4.281s] Level 1:colcon.colcon_core.environment:checking '/home/ziad/ziad_ws/ROS2/work_space/install/yahboom_rosmaster_system_tests/lib/pkgconfig/yahboom_rosmaster_system_tests.pc'
[4.281s] Level 1:colcon.colcon_core.environment:checking '/home/ziad/ziad_ws/ROS2/work_space/install/yahboom_rosmaster_system_tests/lib/python3.12/site-packages'
[4.281s] Level 1:colcon.colcon_core.environment:checking '/home/ziad/ziad_ws/ROS2/work_space/install/yahboom_rosmaster_system_tests/bin'
[4.282s] INFO:colcon.colcon_core.shell:Creating package script '/home/ziad/ziad_ws/ROS2/work_space/install/yahboom_rosmaster_system_tests/share/yahboom_rosmaster_system_tests/package.ps1'
[4.282s] INFO:colcon.colcon_core.shell:Creating package descriptor '/home/ziad/ziad_ws/ROS2/work_space/install/yahboom_rosmaster_system_tests/share/yahboom_rosmaster_system_tests/package.dsv'
[4.290s] INFO:colcon.colcon_core.shell:Creating package script '/home/ziad/ziad_ws/ROS2/work_space/install/yahboom_rosmaster_system_tests/share/yahboom_rosmaster_system_tests/package.sh'
[4.291s] INFO:colcon.colcon_core.shell:Creating package script '/home/ziad/ziad_ws/ROS2/work_space/install/yahboom_rosmaster_system_tests/share/yahboom_rosmaster_system_tests/package.bash'
[4.292s] INFO:colcon.colcon_core.shell:Creating package script '/home/ziad/ziad_ws/ROS2/work_space/install/yahboom_rosmaster_system_tests/share/yahboom_rosmaster_system_tests/package.zsh'
[4.293s] Level 1:colcon.colcon_core.environment:create_file_with_runtime_dependencies(/home/ziad/ziad_ws/ROS2/work_space/install/yahboom_rosmaster_system_tests/share/colcon-core/packages/yahboom_rosmaster_system_tests)
[4.293s] INFO:colcon.colcon_ros.task.ament_cmake.build:Building ROS package in '/home/ziad/ziad_ws/ROS2/work_space/src/yahboom_rosmaster/yahboom_rosmaster' with build type 'ament_cmake'
[4.293s] INFO:colcon.colcon_cmake.task.cmake.build:Building CMake package in '/home/ziad/ziad_ws/ROS2/work_space/src/yahboom_rosmaster/yahboom_rosmaster'
[4.294s] INFO:colcon.colcon_core.shell:Skip shell extension 'powershell' for command environment: Not usable outside of PowerShell
[4.294s] DEBUG:colcon.colcon_core.shell:Skip shell extension 'dsv' for command environment
[4.334s] DEBUG:colcon.colcon_core.event_handler.log_command:Invoking command in '/home/ziad/ziad_ws/ROS2/work_space/build/yahboom_rosmaster': CMAKE_PREFIX_PATH=/home/ziad/ziad_ws/ROS2/work_space/install/yahboom_rosmaster_system_tests:/home/ziad/ziad_ws/ROS2/work_space/install/yahboom_rosmaster_docking:/home/ziad/ziad_ws/ROS2/work_space/install/yahboom_rosmaster_navigation:/home/ziad/ziad_ws/ROS2/work_space/install/yahboom_rosmaster_msgs:/home/ziad/ziad_ws/ROS2/work_space/install/yahboom_rosmaster_localization:/home/ziad/ziad_ws/ROS2/work_space/install/yahboom_rosmaster_gazebo:/home/ziad/ziad_ws/ROS2/work_space/install/yahboom_rosmaster_description:/home/ziad/ziad_ws/ROS2/work_space/install/yahboom_rosmaster_bringup:/home/ziad/ziad_ws/ROS2/work_space/install/apriltag_ros:/home/ziad/ziad_ws/ROS2/work_space/install/yahboom_rosmaster:/home/ziad/ziad_ws/ROS2/work_space/install/ros2_control_turtel_bot:/home/ziad/ziad_ws/ROS2/work_space/install/mecanum_drive_controller:/home/ziad/ziad_ws/ROS2/work_space/install/custom_action_interfaces:/home/ziad/ziad_ws/ROS2/turtlebot3_ws/install/turtlebot3_simulations:/home/ziad/ziad_ws/ROS2/turtlebot3_ws/install/turtlebot3_fake_node:/home/ziad/ziad_ws/ROS2/turtlebot3_ws/install/turtlebot3_gazebo:/home/ziad/ziad_ws/ROS2/turtlebot3_ws/install/urdf_tutorial_cpp:/home/ziad/ziad_ws/ROS2/turtlebot3_ws/install/turtlebot3:/home/ziad/ziad_ws/ROS2/turtlebot3_ws/install/turtlebot3_bringup:/home/ziad/ziad_ws/ROS2/turtlebot3_ws/install/turtlebot3_node:/home/ziad/ziad_ws/ROS2/turtlebot3_ws/install/turtlebot3_navigation2:/home/ziad/ziad_ws/ROS2/turtlebot3_ws/install/turtlebot3_msgs:/home/ziad/ziad_ws/ROS2/turtlebot3_ws/install/turtlebot3_description:/home/ziad/ziad_ws/ROS2/turtlebot3_ws/install/turtlebot3_cartographer:/home/ziad/ziad_ws/ROS2/turtlebot3_ws/install/simple_pub_sub:/home/ziad/ziad_ws/ROS2/turtlebot3_ws/install/learning_tf2_cpp:/home/ziad/ziad_ws/ROS2/turtlebot3_ws/install/dynamixel_sdk_examples:/home/ziad/ziad_ws/ROS2/turtlebot3_ws/install/dynamixel_sdk_custom_interfaces:/home/ziad/ziad_ws/ROS2/turtlebot3_ws/install/dynamixel_sdk:/home/ziad/ziad_ws/ROS2/tutorials_work_sapce/install/urdf_tutorial_cpp:/home/ziad/ziad_ws/ROS2/tutorials_work_sapce/install/learning_tf2_cpp:/home/ziad/ziad_ws/ROS2/tutorials_work_sapce/install/simple_pub_sub:/home/ziad/ziad_ws/ROS2/tutorials_work_sapce/install/ros2_service:/opt/ros/jazzy/opt/gz_sim_vendor:/opt/ros/jazzy/opt/gz_sensors_vendor:/opt/ros/jazzy/opt/gz_physics_vendor:/opt/ros/jazzy/opt/sdformat_vendor:/opt/ros/jazzy/opt/gz_gui_vendor:/opt/ros/jazzy/opt/gz_transport_vendor:/opt/ros/jazzy/opt/gz_rendering_vendor:/opt/ros/jazzy/opt/gz_plugin_vendor:/opt/ros/jazzy/opt/gz_fuel_tools_vendor:/opt/ros/jazzy/opt/gz_msgs_vendor:/opt/ros/jazzy/opt/gz_common_vendor:/opt/ros/jazzy/opt/gz_math_vendor:/opt/ros/jazzy/opt/gz_utils_vendor:/opt/ros/jazzy/opt/gz_tools_vendor:/opt/ros/jazzy/opt/gz_ogre_next_vendor:/opt/ros/jazzy/opt/gz_dartsim_vendor:/opt/ros/jazzy/opt/gz_cmake_vendor:/home/ziad/ziad_ws/ROS2/turtlebot3_ws/install/turtlebot3_teleop:/home/ziad/ziad_ws/ROS2/turtlebot3_ws/install/turtlebot3_example:/opt/ros/jazzy DEBUGINFOD_URLS=https://debuginfod.ubuntu.com LD_LIBRARY_PATH=/home/ziad/ziad_ws/ROS2/work_space/install/yahboom_rosmaster_msgs/lib:/home/ziad/ziad_ws/ROS2/work_space/install/apriltag_ros/lib:/home/ziad/ziad_ws/ROS2/work_space/install/mecanum_drive_controller/lib:/home/ziad/ziad_ws/ROS2/turtlebot3_ws/install/turtlebot3_msgs/lib:/home/ziad/ziad_ws/ROS2/turtlebot3_ws/install/dynamixel_sdk_custom_interfaces/lib:/home/ziad/ziad_ws/ROS2/turtlebot3_ws/install/dynamixel_sdk/lib:/home/ziad/ziad_ws/ROS2/tutorials_work_sapce/install/ros2_service/lib:/opt/ros/jazzy/opt/gz_sim_vendor/lib:/opt/ros/jazzy/opt/gz_sensors_vendor/lib:/opt/ros/jazzy/opt/gz_physics_vendor/lib:/opt/ros/jazzy/opt/sdformat_vendor/lib:/opt/ros/jazzy/opt/rviz_ogre_vendor/lib:/opt/ros/jazzy/lib/x86_64-linux-gnu:/opt/ros/jazzy/opt/gz_gui_vendor/lib:/opt/ros/jazzy/opt/gz_transport_vendor/lib:/opt/ros/jazzy/opt/gz_rendering_vendor/lib:/opt/ros/jazzy/opt/gz_plugin_vendor/lib:/opt/ros/jazzy/opt/gz_fuel_tools_vendor/lib:/opt/ros/jazzy/opt/gz_msgs_vendor/lib:/opt/ros/jazzy/opt/gz_common_vendor/lib:/opt/ros/jazzy/opt/gz_math_vendor/lib:/opt/ros/jazzy/opt/gz_utils_vendor/lib:/opt/ros/jazzy/opt/gz_tools_vendor/lib:/opt/ros/jazzy/opt/gz_ogre_next_vendor/lib:/opt/ros/jazzy/opt/gz_dartsim_vendor/lib:/opt/ros/jazzy/opt/gz_cmake_vendor/lib:/opt/ros/jazzy/lib /usr/bin/cmake --build /home/ziad/ziad_ws/ROS2/work_space/build/yahboom_rosmaster -- -j4 -l4
[4.390s] DEBUG:colcon.colcon_core.event_handler.log_command:Invoked command in '/home/ziad/ziad_ws/ROS2/work_space/build/yahboom_rosmaster' returned '0': CMAKE_PREFIX_PATH=/home/ziad/ziad_ws/ROS2/work_space/install/yahboom_rosmaster_system_tests:/home/ziad/ziad_ws/ROS2/work_space/install/yahboom_rosmaster_docking:/home/ziad/ziad_ws/ROS2/work_space/install/yahboom_rosmaster_navigation:/home/ziad/ziad_ws/ROS2/work_space/install/yahboom_rosmaster_msgs:/home/ziad/ziad_ws/ROS2/work_space/install/yahboom_rosmaster_localization:/home/ziad/ziad_ws/ROS2/work_space/install/yahboom_rosmaster_gazebo:/home/ziad/ziad_ws/ROS2/work_space/install/yahboom_rosmaster_description:/home/ziad/ziad_ws/ROS2/work_space/install/yahboom_rosmaster_bringup:/home/ziad/ziad_ws/ROS2/work_space/install/apriltag_ros:/home/ziad/ziad_ws/ROS2/work_space/install/yahboom_rosmaster:/home/ziad/ziad_ws/ROS2/work_space/install/ros2_control_turtel_bot:/home/ziad/ziad_ws/ROS2/work_space/install/mecanum_drive_controller:/home/ziad/ziad_ws/ROS2/work_space/install/custom_action_interfaces:/home/ziad/ziad_ws/ROS2/turtlebot3_ws/install/turtlebot3_simulations:/home/ziad/ziad_ws/ROS2/turtlebot3_ws/install/turtlebot3_fake_node:/home/ziad/ziad_ws/ROS2/turtlebot3_ws/install/turtlebot3_gazebo:/home/ziad/ziad_ws/ROS2/turtlebot3_ws/install/urdf_tutorial_cpp:/home/ziad/ziad_ws/ROS2/turtlebot3_ws/install/turtlebot3:/home/ziad/ziad_ws/ROS2/turtlebot3_ws/install/turtlebot3_bringup:/home/ziad/ziad_ws/ROS2/turtlebot3_ws/install/turtlebot3_node:/home/ziad/ziad_ws/ROS2/turtlebot3_ws/install/turtlebot3_navigation2:/home/ziad/ziad_ws/ROS2/turtlebot3_ws/install/turtlebot3_msgs:/home/ziad/ziad_ws/ROS2/turtlebot3_ws/install/turtlebot3_description:/home/ziad/ziad_ws/ROS2/turtlebot3_ws/install/turtlebot3_cartographer:/home/ziad/ziad_ws/ROS2/turtlebot3_ws/install/simple_pub_sub:/home/ziad/ziad_ws/ROS2/turtlebot3_ws/install/learning_tf2_cpp:/home/ziad/ziad_ws/ROS2/turtlebot3_ws/install/dynamixel_sdk_examples:/home/ziad/ziad_ws/ROS2/turtlebot3_ws/install/dynamixel_sdk_custom_interfaces:/home/ziad/ziad_ws/ROS2/turtlebot3_ws/install/dynamixel_sdk:/home/ziad/ziad_ws/ROS2/tutorials_work_sapce/install/urdf_tutorial_cpp:/home/ziad/ziad_ws/ROS2/tutorials_work_sapce/install/learning_tf2_cpp:/home/ziad/ziad_ws/ROS2/tutorials_work_sapce/install/simple_pub_sub:/home/ziad/ziad_ws/ROS2/tutorials_work_sapce/install/ros2_service:/opt/ros/jazzy/opt/gz_sim_vendor:/opt/ros/jazzy/opt/gz_sensors_vendor:/opt/ros/jazzy/opt/gz_physics_vendor:/opt/ros/jazzy/opt/sdformat_vendor:/opt/ros/jazzy/opt/gz_gui_vendor:/opt/ros/jazzy/opt/gz_transport_vendor:/opt/ros/jazzy/opt/gz_rendering_vendor:/opt/ros/jazzy/opt/gz_plugin_vendor:/opt/ros/jazzy/opt/gz_fuel_tools_vendor:/opt/ros/jazzy/opt/gz_msgs_vendor:/opt/ros/jazzy/opt/gz_common_vendor:/opt/ros/jazzy/opt/gz_math_vendor:/opt/ros/jazzy/opt/gz_utils_vendor:/opt/ros/jazzy/opt/gz_tools_vendor:/opt/ros/jazzy/opt/gz_ogre_next_vendor:/opt/ros/jazzy/opt/gz_dartsim_vendor:/opt/ros/jazzy/opt/gz_cmake_vendor:/home/ziad/ziad_ws/ROS2/turtlebot3_ws/install/turtlebot3_teleop:/home/ziad/ziad_ws/ROS2/turtlebot3_ws/install/turtlebot3_example:/opt/ros/jazzy DEBUGINFOD_URLS=https://debuginfod.ubuntu.com LD_LIBRARY_PATH=/home/ziad/ziad_ws/ROS2/work_space/install/yahboom_rosmaster_msgs/lib:/home/ziad/ziad_ws/ROS2/work_space/install/apriltag_ros/lib:/home/ziad/ziad_ws/ROS2/work_space/install/mecanum_drive_controller/lib:/home/ziad/ziad_ws/ROS2/turtlebot3_ws/install/turtlebot3_msgs/lib:/home/ziad/ziad_ws/ROS2/turtlebot3_ws/install/dynamixel_sdk_custom_interfaces/lib:/home/ziad/ziad_ws/ROS2/turtlebot3_ws/install/dynamixel_sdk/lib:/home/ziad/ziad_ws/ROS2/tutorials_work_sapce/install/ros2_service/lib:/opt/ros/jazzy/opt/gz_sim_vendor/lib:/opt/ros/jazzy/opt/gz_sensors_vendor/lib:/opt/ros/jazzy/opt/gz_physics_vendor/lib:/opt/ros/jazzy/opt/sdformat_vendor/lib:/opt/ros/jazzy/opt/rviz_ogre_vendor/lib:/opt/ros/jazzy/lib/x86_64-linux-gnu:/opt/ros/jazzy/opt/gz_gui_vendor/lib:/opt/ros/jazzy/opt/gz_transport_vendor/lib:/opt/ros/jazzy/opt/gz_rendering_vendor/lib:/opt/ros/jazzy/opt/gz_plugin_vendor/lib:/opt/ros/jazzy/opt/gz_fuel_tools_vendor/lib:/opt/ros/jazzy/opt/gz_msgs_vendor/lib:/opt/ros/jazzy/opt/gz_common_vendor/lib:/opt/ros/jazzy/opt/gz_math_vendor/lib:/opt/ros/jazzy/opt/gz_utils_vendor/lib:/opt/ros/jazzy/opt/gz_tools_vendor/lib:/opt/ros/jazzy/opt/gz_ogre_next_vendor/lib:/opt/ros/jazzy/opt/gz_dartsim_vendor/lib:/opt/ros/jazzy/opt/gz_cmake_vendor/lib:/opt/ros/jazzy/lib /usr/bin/cmake --build /home/ziad/ziad_ws/ROS2/work_space/build/yahboom_rosmaster -- -j4 -l4
[4.392s] DEBUG:colcon.colcon_core.event_handler.log_command:Invoking command in '/home/ziad/ziad_ws/ROS2/work_space/build/yahboom_rosmaster': CMAKE_PREFIX_PATH=/home/ziad/ziad_ws/ROS2/work_space/install/yahboom_rosmaster_system_tests:/home/ziad/ziad_ws/ROS2/work_space/install/yahboom_rosmaster_docking:/home/ziad/ziad_ws/ROS2/work_space/install/yahboom_rosmaster_navigation:/home/ziad/ziad_ws/ROS2/work_space/install/yahboom_rosmaster_msgs:/home/ziad/ziad_ws/ROS2/work_space/install/yahboom_rosmaster_localization:/home/ziad/ziad_ws/ROS2/work_space/install/yahboom_rosmaster_gazebo:/home/ziad/ziad_ws/ROS2/work_space/install/yahboom_rosmaster_description:/home/ziad/ziad_ws/ROS2/work_space/install/yahboom_rosmaster_bringup:/home/ziad/ziad_ws/ROS2/work_space/install/apriltag_ros:/home/ziad/ziad_ws/ROS2/work_space/install/yahboom_rosmaster:/home/ziad/ziad_ws/ROS2/work_space/install/ros2_control_turtel_bot:/home/ziad/ziad_ws/ROS2/work_space/install/mecanum_drive_controller:/home/ziad/ziad_ws/ROS2/work_space/install/custom_action_interfaces:/home/ziad/ziad_ws/ROS2/turtlebot3_ws/install/turtlebot3_simulations:/home/ziad/ziad_ws/ROS2/turtlebot3_ws/install/turtlebot3_fake_node:/home/ziad/ziad_ws/ROS2/turtlebot3_ws/install/turtlebot3_gazebo:/home/ziad/ziad_ws/ROS2/turtlebot3_ws/install/urdf_tutorial_cpp:/home/ziad/ziad_ws/ROS2/turtlebot3_ws/install/turtlebot3:/home/ziad/ziad_ws/ROS2/turtlebot3_ws/install/turtlebot3_bringup:/home/ziad/ziad_ws/ROS2/turtlebot3_ws/install/turtlebot3_node:/home/ziad/ziad_ws/ROS2/turtlebot3_ws/install/turtlebot3_navigation2:/home/ziad/ziad_ws/ROS2/turtlebot3_ws/install/turtlebot3_msgs:/home/ziad/ziad_ws/ROS2/turtlebot3_ws/install/turtlebot3_description:/home/ziad/ziad_ws/ROS2/turtlebot3_ws/install/turtlebot3_cartographer:/home/ziad/ziad_ws/ROS2/turtlebot3_ws/install/simple_pub_sub:/home/ziad/ziad_ws/ROS2/turtlebot3_ws/install/learning_tf2_cpp:/home/ziad/ziad_ws/ROS2/turtlebot3_ws/install/dynamixel_sdk_examples:/home/ziad/ziad_ws/ROS2/turtlebot3_ws/install/dynamixel_sdk_custom_interfaces:/home/ziad/ziad_ws/ROS2/turtlebot3_ws/install/dynamixel_sdk:/home/ziad/ziad_ws/ROS2/tutorials_work_sapce/install/urdf_tutorial_cpp:/home/ziad/ziad_ws/ROS2/tutorials_work_sapce/install/learning_tf2_cpp:/home/ziad/ziad_ws/ROS2/tutorials_work_sapce/install/simple_pub_sub:/home/ziad/ziad_ws/ROS2/tutorials_work_sapce/install/ros2_service:/opt/ros/jazzy/opt/gz_sim_vendor:/opt/ros/jazzy/opt/gz_sensors_vendor:/opt/ros/jazzy/opt/gz_physics_vendor:/opt/ros/jazzy/opt/sdformat_vendor:/opt/ros/jazzy/opt/gz_gui_vendor:/opt/ros/jazzy/opt/gz_transport_vendor:/opt/ros/jazzy/opt/gz_rendering_vendor:/opt/ros/jazzy/opt/gz_plugin_vendor:/opt/ros/jazzy/opt/gz_fuel_tools_vendor:/opt/ros/jazzy/opt/gz_msgs_vendor:/opt/ros/jazzy/opt/gz_common_vendor:/opt/ros/jazzy/opt/gz_math_vendor:/opt/ros/jazzy/opt/gz_utils_vendor:/opt/ros/jazzy/opt/gz_tools_vendor:/opt/ros/jazzy/opt/gz_ogre_next_vendor:/opt/ros/jazzy/opt/gz_dartsim_vendor:/opt/ros/jazzy/opt/gz_cmake_vendor:/home/ziad/ziad_ws/ROS2/turtlebot3_ws/install/turtlebot3_teleop:/home/ziad/ziad_ws/ROS2/turtlebot3_ws/install/turtlebot3_example:/opt/ros/jazzy DEBUGINFOD_URLS=https://debuginfod.ubuntu.com LD_LIBRARY_PATH=/home/ziad/ziad_ws/ROS2/work_space/install/yahboom_rosmaster_msgs/lib:/home/ziad/ziad_ws/ROS2/work_space/install/apriltag_ros/lib:/home/ziad/ziad_ws/ROS2/work_space/install/mecanum_drive_controller/lib:/home/ziad/ziad_ws/ROS2/turtlebot3_ws/install/turtlebot3_msgs/lib:/home/ziad/ziad_ws/ROS2/turtlebot3_ws/install/dynamixel_sdk_custom_interfaces/lib:/home/ziad/ziad_ws/ROS2/turtlebot3_ws/install/dynamixel_sdk/lib:/home/ziad/ziad_ws/ROS2/tutorials_work_sapce/install/ros2_service/lib:/opt/ros/jazzy/opt/gz_sim_vendor/lib:/opt/ros/jazzy/opt/gz_sensors_vendor/lib:/opt/ros/jazzy/opt/gz_physics_vendor/lib:/opt/ros/jazzy/opt/sdformat_vendor/lib:/opt/ros/jazzy/opt/rviz_ogre_vendor/lib:/opt/ros/jazzy/lib/x86_64-linux-gnu:/opt/ros/jazzy/opt/gz_gui_vendor/lib:/opt/ros/jazzy/opt/gz_transport_vendor/lib:/opt/ros/jazzy/opt/gz_rendering_vendor/lib:/opt/ros/jazzy/opt/gz_plugin_vendor/lib:/opt/ros/jazzy/opt/gz_fuel_tools_vendor/lib:/opt/ros/jazzy/opt/gz_msgs_vendor/lib:/opt/ros/jazzy/opt/gz_common_vendor/lib:/opt/ros/jazzy/opt/gz_math_vendor/lib:/opt/ros/jazzy/opt/gz_utils_vendor/lib:/opt/ros/jazzy/opt/gz_tools_vendor/lib:/opt/ros/jazzy/opt/gz_ogre_next_vendor/lib:/opt/ros/jazzy/opt/gz_dartsim_vendor/lib:/opt/ros/jazzy/opt/gz_cmake_vendor/lib:/opt/ros/jazzy/lib /usr/bin/cmake --install /home/ziad/ziad_ws/ROS2/work_space/build/yahboom_rosmaster
[4.425s] Level 1:colcon.colcon_core.environment:create_environment_scripts_only(yahboom_rosmaster)
[4.425s] Level 1:colcon.colcon_core.environment:checking '/home/ziad/ziad_ws/ROS2/work_space/install/yahboom_rosmaster' for CMake module files
[4.426s] DEBUG:colcon.colcon_core.event_handler.log_command:Invoked command in '/home/ziad/ziad_ws/ROS2/work_space/build/yahboom_rosmaster' returned '0': CMAKE_PREFIX_PATH=/home/ziad/ziad_ws/ROS2/work_space/install/yahboom_rosmaster_system_tests:/home/ziad/ziad_ws/ROS2/work_space/install/yahboom_rosmaster_docking:/home/ziad/ziad_ws/ROS2/work_space/install/yahboom_rosmaster_navigation:/home/ziad/ziad_ws/ROS2/work_space/install/yahboom_rosmaster_msgs:/home/ziad/ziad_ws/ROS2/work_space/install/yahboom_rosmaster_localization:/home/ziad/ziad_ws/ROS2/work_space/install/yahboom_rosmaster_gazebo:/home/ziad/ziad_ws/ROS2/work_space/install/yahboom_rosmaster_description:/home/ziad/ziad_ws/ROS2/work_space/install/yahboom_rosmaster_bringup:/home/ziad/ziad_ws/ROS2/work_space/install/apriltag_ros:/home/ziad/ziad_ws/ROS2/work_space/install/yahboom_rosmaster:/home/ziad/ziad_ws/ROS2/work_space/install/ros2_control_turtel_bot:/home/ziad/ziad_ws/ROS2/work_space/install/mecanum_drive_controller:/home/ziad/ziad_ws/ROS2/work_space/install/custom_action_interfaces:/home/ziad/ziad_ws/ROS2/turtlebot3_ws/install/turtlebot3_simulations:/home/ziad/ziad_ws/ROS2/turtlebot3_ws/install/turtlebot3_fake_node:/home/ziad/ziad_ws/ROS2/turtlebot3_ws/install/turtlebot3_gazebo:/home/ziad/ziad_ws/ROS2/turtlebot3_ws/install/urdf_tutorial_cpp:/home/ziad/ziad_ws/ROS2/turtlebot3_ws/install/turtlebot3:/home/ziad/ziad_ws/ROS2/turtlebot3_ws/install/turtlebot3_bringup:/home/ziad/ziad_ws/ROS2/turtlebot3_ws/install/turtlebot3_node:/home/ziad/ziad_ws/ROS2/turtlebot3_ws/install/turtlebot3_navigation2:/home/ziad/ziad_ws/ROS2/turtlebot3_ws/install/turtlebot3_msgs:/home/ziad/ziad_ws/ROS2/turtlebot3_ws/install/turtlebot3_description:/home/ziad/ziad_ws/ROS2/turtlebot3_ws/install/turtlebot3_cartographer:/home/ziad/ziad_ws/ROS2/turtlebot3_ws/install/simple_pub_sub:/home/ziad/ziad_ws/ROS2/turtlebot3_ws/install/learning_tf2_cpp:/home/ziad/ziad_ws/ROS2/turtlebot3_ws/install/dynamixel_sdk_examples:/home/ziad/ziad_ws/ROS2/turtlebot3_ws/install/dynamixel_sdk_custom_interfaces:/home/ziad/ziad_ws/ROS2/turtlebot3_ws/install/dynamixel_sdk:/home/ziad/ziad_ws/ROS2/tutorials_work_sapce/install/urdf_tutorial_cpp:/home/ziad/ziad_ws/ROS2/tutorials_work_sapce/install/learning_tf2_cpp:/home/ziad/ziad_ws/ROS2/tutorials_work_sapce/install/simple_pub_sub:/home/ziad/ziad_ws/ROS2/tutorials_work_sapce/install/ros2_service:/opt/ros/jazzy/opt/gz_sim_vendor:/opt/ros/jazzy/opt/gz_sensors_vendor:/opt/ros/jazzy/opt/gz_physics_vendor:/opt/ros/jazzy/opt/sdformat_vendor:/opt/ros/jazzy/opt/gz_gui_vendor:/opt/ros/jazzy/opt/gz_transport_vendor:/opt/ros/jazzy/opt/gz_rendering_vendor:/opt/ros/jazzy/opt/gz_plugin_vendor:/opt/ros/jazzy/opt/gz_fuel_tools_vendor:/opt/ros/jazzy/opt/gz_msgs_vendor:/opt/ros/jazzy/opt/gz_common_vendor:/opt/ros/jazzy/opt/gz_math_vendor:/opt/ros/jazzy/opt/gz_utils_vendor:/opt/ros/jazzy/opt/gz_tools_vendor:/opt/ros/jazzy/opt/gz_ogre_next_vendor:/opt/ros/jazzy/opt/gz_dartsim_vendor:/opt/ros/jazzy/opt/gz_cmake_vendor:/home/ziad/ziad_ws/ROS2/turtlebot3_ws/install/turtlebot3_teleop:/home/ziad/ziad_ws/ROS2/turtlebot3_ws/install/turtlebot3_example:/opt/ros/jazzy DEBUGINFOD_URLS=https://debuginfod.ubuntu.com LD_LIBRARY_PATH=/home/ziad/ziad_ws/ROS2/work_space/install/yahboom_rosmaster_msgs/lib:/home/ziad/ziad_ws/ROS2/work_space/install/apriltag_ros/lib:/home/ziad/ziad_ws/ROS2/work_space/install/mecanum_drive_controller/lib:/home/ziad/ziad_ws/ROS2/turtlebot3_ws/install/turtlebot3_msgs/lib:/home/ziad/ziad_ws/ROS2/turtlebot3_ws/install/dynamixel_sdk_custom_interfaces/lib:/home/ziad/ziad_ws/ROS2/turtlebot3_ws/install/dynamixel_sdk/lib:/home/ziad/ziad_ws/ROS2/tutorials_work_sapce/install/ros2_service/lib:/opt/ros/jazzy/opt/gz_sim_vendor/lib:/opt/ros/jazzy/opt/gz_sensors_vendor/lib:/opt/ros/jazzy/opt/gz_physics_vendor/lib:/opt/ros/jazzy/opt/sdformat_vendor/lib:/opt/ros/jazzy/opt/rviz_ogre_vendor/lib:/opt/ros/jazzy/lib/x86_64-linux-gnu:/opt/ros/jazzy/opt/gz_gui_vendor/lib:/opt/ros/jazzy/opt/gz_transport_vendor/lib:/opt/ros/jazzy/opt/gz_rendering_vendor/lib:/opt/ros/jazzy/opt/gz_plugin_vendor/lib:/opt/ros/jazzy/opt/gz_fuel_tools_vendor/lib:/opt/ros/jazzy/opt/gz_msgs_vendor/lib:/opt/ros/jazzy/opt/gz_common_vendor/lib:/opt/ros/jazzy/opt/gz_math_vendor/lib:/opt/ros/jazzy/opt/gz_utils_vendor/lib:/opt/ros/jazzy/opt/gz_tools_vendor/lib:/opt/ros/jazzy/opt/gz_ogre_next_vendor/lib:/opt/ros/jazzy/opt/gz_dartsim_vendor/lib:/opt/ros/jazzy/opt/gz_cmake_vendor/lib:/opt/ros/jazzy/lib /usr/bin/cmake --install /home/ziad/ziad_ws/ROS2/work_space/build/yahboom_rosmaster
[4.426s] Level 1:colcon.colcon_core.environment:checking '/home/ziad/ziad_ws/ROS2/work_space/install/yahboom_rosmaster' for CMake config files
[4.427s] Level 1:colcon.colcon_core.shell:create_environment_hook('yahboom_rosmaster', 'cmake_prefix_path')
[4.427s] INFO:colcon.colcon_core.shell:Creating environment hook '/home/ziad/ziad_ws/ROS2/work_space/install/yahboom_rosmaster/share/yahboom_rosmaster/hook/cmake_prefix_path.ps1'
[4.428s] INFO:colcon.colcon_core.shell:Creating environment descriptor '/home/ziad/ziad_ws/ROS2/work_space/install/yahboom_rosmaster/share/yahboom_rosmaster/hook/cmake_prefix_path.dsv'
[4.428s] INFO:colcon.colcon_core.shell:Creating environment hook '/home/ziad/ziad_ws/ROS2/work_space/install/yahboom_rosmaster/share/yahboom_rosmaster/hook/cmake_prefix_path.sh'
[4.429s] Level 1:colcon.colcon_core.environment:checking '/home/ziad/ziad_ws/ROS2/work_space/install/yahboom_rosmaster/bin'
[4.429s] Level 1:colcon.colcon_core.environment:checking '/home/ziad/ziad_ws/ROS2/work_space/install/yahboom_rosmaster/lib/pkgconfig/yahboom_rosmaster.pc'
[4.429s] Level 1:colcon.colcon_core.environment:checking '/home/ziad/ziad_ws/ROS2/work_space/install/yahboom_rosmaster/lib/python3.12/site-packages'
[4.430s] Level 1:colcon.colcon_core.environment:checking '/home/ziad/ziad_ws/ROS2/work_space/install/yahboom_rosmaster/bin'
[4.430s] INFO:colcon.colcon_core.shell:Creating package script '/home/ziad/ziad_ws/ROS2/work_space/install/yahboom_rosmaster/share/yahboom_rosmaster/package.ps1'
[4.430s] INFO:colcon.colcon_core.shell:Creating package descriptor '/home/ziad/ziad_ws/ROS2/work_space/install/yahboom_rosmaster/share/yahboom_rosmaster/package.dsv'
[4.431s] INFO:colcon.colcon_core.shell:Creating package script '/home/ziad/ziad_ws/ROS2/work_space/install/yahboom_rosmaster/share/yahboom_rosmaster/package.sh'
[4.431s] INFO:colcon.colcon_core.shell:Creating package script '/home/ziad/ziad_ws/ROS2/work_space/install/yahboom_rosmaster/share/yahboom_rosmaster/package.bash'
[4.432s] INFO:colcon.colcon_core.shell:Creating package script '/home/ziad/ziad_ws/ROS2/work_space/install/yahboom_rosmaster/share/yahboom_rosmaster/package.zsh'
[4.432s] Level 1:colcon.colcon_core.environment:create_file_with_runtime_dependencies(/home/ziad/ziad_ws/ROS2/work_space/install/yahboom_rosmaster/share/colcon-core/packages/yahboom_rosmaster)
[4.433s] Level 1:colcon.colcon_core.environment:create_environment_scripts_only(yahboom_rosmaster)
[4.433s] Level 1:colcon.colcon_core.environment:checking '/home/ziad/ziad_ws/ROS2/work_space/install/yahboom_rosmaster' for CMake module files
[4.434s] Level 1:colcon.colcon_core.environment:checking '/home/ziad/ziad_ws/ROS2/work_space/install/yahboom_rosmaster' for CMake config files
[4.434s] Level 1:colcon.colcon_core.shell:create_environment_hook('yahboom_rosmaster', 'cmake_prefix_path')
[4.434s] INFO:colcon.colcon_core.shell:Creating environment hook '/home/ziad/ziad_ws/ROS2/work_space/install/yahboom_rosmaster/share/yahboom_rosmaster/hook/cmake_prefix_path.ps1'
[4.435s] INFO:colcon.colcon_core.shell:Creating environment descriptor '/home/ziad/ziad_ws/ROS2/work_space/install/yahboom_rosmaster/share/yahboom_rosmaster/hook/cmake_prefix_path.dsv'
[4.435s] INFO:colcon.colcon_core.shell:Creating environment hook '/home/ziad/ziad_ws/ROS2/work_space/install/yahboom_rosmaster/share/yahboom_rosmaster/hook/cmake_prefix_path.sh'
[4.436s] Level 1:colcon.colcon_core.environment:checking '/home/ziad/ziad_ws/ROS2/work_space/install/yahboom_rosmaster/bin'
[4.436s] Level 1:colcon.colcon_core.environment:checking '/home/ziad/ziad_ws/ROS2/work_space/install/yahboom_rosmaster/lib/pkgconfig/yahboom_rosmaster.pc'
[4.436s] Level 1:colcon.colcon_core.environment:checking '/home/ziad/ziad_ws/ROS2/work_space/install/yahboom_rosmaster/lib/python3.12/site-packages'
[4.436s] Level 1:colcon.colcon_core.environment:checking '/home/ziad/ziad_ws/ROS2/work_space/install/yahboom_rosmaster/bin'
[4.437s] INFO:colcon.colcon_core.shell:Creating package script '/home/ziad/ziad_ws/ROS2/work_space/install/yahboom_rosmaster/share/yahboom_rosmaster/package.ps1'
[4.437s] INFO:colcon.colcon_core.shell:Creating package descriptor '/home/ziad/ziad_ws/ROS2/work_space/install/yahboom_rosmaster/share/yahboom_rosmaster/package.dsv'
[4.438s] INFO:colcon.colcon_core.shell:Creating package script '/home/ziad/ziad_ws/ROS2/work_space/install/yahboom_rosmaster/share/yahboom_rosmaster/package.sh'
[4.438s] INFO:colcon.colcon_core.shell:Creating package script '/home/ziad/ziad_ws/ROS2/work_space/install/yahboom_rosmaster/share/yahboom_rosmaster/package.bash'
[4.439s] INFO:colcon.colcon_core.shell:Creating package script '/home/ziad/ziad_ws/ROS2/work_space/install/yahboom_rosmaster/share/yahboom_rosmaster/package.zsh'
[4.439s] Level 1:colcon.colcon_core.environment:create_file_with_runtime_dependencies(/home/ziad/ziad_ws/ROS2/work_space/install/yahboom_rosmaster/share/colcon-core/packages/yahboom_rosmaster)
[11.106s] DEBUG:colcon.colcon_core.event_handler.log_command:Invoked command in '/home/ziad/ziad_ws/ROS2/work_space/build/ros2_control_turtel_bot' returned '0': CMAKE_PREFIX_PATH=${CMAKE_PREFIX_PATH}:/home/ziad/ziad_ws/ROS2/turtlebot3_ws/install/turtlebot3_teleop:/home/ziad/ziad_ws/ROS2/turtlebot3_ws/install/turtlebot3_example:/opt/ros/jazzy DEBUGINFOD_URLS=https://debuginfod.ubuntu.com /usr/bin/cmake --build /home/ziad/ziad_ws/ROS2/work_space/build/ros2_control_turtel_bot -- -j4 -l4
[11.108s] DEBUG:colcon.colcon_core.event_handler.log_command:Invoking command in '/home/ziad/ziad_ws/ROS2/work_space/build/ros2_control_turtel_bot': CMAKE_PREFIX_PATH=${CMAKE_PREFIX_PATH}:/home/ziad/ziad_ws/ROS2/turtlebot3_ws/install/turtlebot3_teleop:/home/ziad/ziad_ws/ROS2/turtlebot3_ws/install/turtlebot3_example:/opt/ros/jazzy DEBUGINFOD_URLS=https://debuginfod.ubuntu.com /usr/bin/cmake --install /home/ziad/ziad_ws/ROS2/work_space/build/ros2_control_turtel_bot
[11.125s] Level 1:colcon.colcon_core.environment:create_environment_scripts_only(ros2_control_turtel_bot)
[11.126s] Level 1:colcon.colcon_core.environment:checking '/home/ziad/ziad_ws/ROS2/work_space/install/ros2_control_turtel_bot' for CMake module files
[11.127s] DEBUG:colcon.colcon_core.event_handler.log_command:Invoked command in '/home/ziad/ziad_ws/ROS2/work_space/build/ros2_control_turtel_bot' returned '0': CMAKE_PREFIX_PATH=${CMAKE_PREFIX_PATH}:/home/ziad/ziad_ws/ROS2/turtlebot3_ws/install/turtlebot3_teleop:/home/ziad/ziad_ws/ROS2/turtlebot3_ws/install/turtlebot3_example:/opt/ros/jazzy DEBUGINFOD_URLS=https://debuginfod.ubuntu.com /usr/bin/cmake --install /home/ziad/ziad_ws/ROS2/work_space/build/ros2_control_turtel_bot
[11.127s] Level 1:colcon.colcon_core.environment:checking '/home/ziad/ziad_ws/ROS2/work_space/install/ros2_control_turtel_bot' for CMake config files
[11.128s] Level 1:colcon.colcon_core.shell:create_environment_hook('ros2_control_turtel_bot', 'cmake_prefix_path')
[11.129s] INFO:colcon.colcon_core.shell:Creating environment hook '/home/ziad/ziad_ws/ROS2/work_space/install/ros2_control_turtel_bot/share/ros2_control_turtel_bot/hook/cmake_prefix_path.ps1'
[11.132s] INFO:colcon.colcon_core.shell:Creating environment descriptor '/home/ziad/ziad_ws/ROS2/work_space/install/ros2_control_turtel_bot/share/ros2_control_turtel_bot/hook/cmake_prefix_path.dsv'
[11.134s] INFO:colcon.colcon_core.shell:Creating environment hook '/home/ziad/ziad_ws/ROS2/work_space/install/ros2_control_turtel_bot/share/ros2_control_turtel_bot/hook/cmake_prefix_path.sh'
[11.136s] Level 1:colcon.colcon_core.environment:checking '/home/ziad/ziad_ws/ROS2/work_space/install/ros2_control_turtel_bot/lib'
[11.136s] Level 1:colcon.colcon_core.environment:checking '/home/ziad/ziad_ws/ROS2/work_space/install/ros2_control_turtel_bot/bin'
[11.136s] Level 1:colcon.colcon_core.environment:checking '/home/ziad/ziad_ws/ROS2/work_space/install/ros2_control_turtel_bot/lib/pkgconfig/ros2_control_turtel_bot.pc'
[11.136s] Level 1:colcon.colcon_core.environment:checking '/home/ziad/ziad_ws/ROS2/work_space/install/ros2_control_turtel_bot/lib/python3.12/site-packages'
[11.137s] Level 1:colcon.colcon_core.environment:checking '/home/ziad/ziad_ws/ROS2/work_space/install/ros2_control_turtel_bot/bin'
[11.137s] INFO:colcon.colcon_core.shell:Creating package script '/home/ziad/ziad_ws/ROS2/work_space/install/ros2_control_turtel_bot/share/ros2_control_turtel_bot/package.ps1'
[11.138s] INFO:colcon.colcon_core.shell:Creating package descriptor '/home/ziad/ziad_ws/ROS2/work_space/install/ros2_control_turtel_bot/share/ros2_control_turtel_bot/package.dsv'
[11.138s] INFO:colcon.colcon_core.shell:Creating package script '/home/ziad/ziad_ws/ROS2/work_space/install/ros2_control_turtel_bot/share/ros2_control_turtel_bot/package.sh'
[11.138s] INFO:colcon.colcon_core.shell:Creating package script '/home/ziad/ziad_ws/ROS2/work_space/install/ros2_control_turtel_bot/share/ros2_control_turtel_bot/package.bash'
[11.139s] INFO:colcon.colcon_core.shell:Creating package script '/home/ziad/ziad_ws/ROS2/work_space/install/ros2_control_turtel_bot/share/ros2_control_turtel_bot/package.zsh'
[11.139s] Level 1:colcon.colcon_core.environment:create_file_with_runtime_dependencies(/home/ziad/ziad_ws/ROS2/work_space/install/ros2_control_turtel_bot/share/colcon-core/packages/ros2_control_turtel_bot)
[11.140s] Level 1:colcon.colcon_core.environment:create_environment_scripts_only(ros2_control_turtel_bot)
[11.140s] Level 1:colcon.colcon_core.environment:checking '/home/ziad/ziad_ws/ROS2/work_space/install/ros2_control_turtel_bot' for CMake module files
[11.141s] Level 1:colcon.colcon_core.environment:checking '/home/ziad/ziad_ws/ROS2/work_space/install/ros2_control_turtel_bot' for CMake config files
[11.141s] Level 1:colcon.colcon_core.shell:create_environment_hook('ros2_control_turtel_bot', 'cmake_prefix_path')
[11.141s] INFO:colcon.colcon_core.shell:Creating environment hook '/home/ziad/ziad_ws/ROS2/work_space/install/ros2_control_turtel_bot/share/ros2_control_turtel_bot/hook/cmake_prefix_path.ps1'
[11.142s] INFO:colcon.colcon_core.shell:Creating environment descriptor '/home/ziad/ziad_ws/ROS2/work_space/install/ros2_control_turtel_bot/share/ros2_control_turtel_bot/hook/cmake_prefix_path.dsv'
[11.142s] INFO:colcon.colcon_core.shell:Creating environment hook '/home/ziad/ziad_ws/ROS2/work_space/install/ros2_control_turtel_bot/share/ros2_control_turtel_bot/hook/cmake_prefix_path.sh'
[11.143s] Level 1:colcon.colcon_core.environment:checking '/home/ziad/ziad_ws/ROS2/work_space/install/ros2_control_turtel_bot/lib'
[11.143s] Level 1:colcon.colcon_core.environment:checking '/home/ziad/ziad_ws/ROS2/work_space/install/ros2_control_turtel_bot/bin'
[11.143s] Level 1:colcon.colcon_core.environment:checking '/home/ziad/ziad_ws/ROS2/work_space/install/ros2_control_turtel_bot/lib/pkgconfig/ros2_control_turtel_bot.pc'
[11.143s] Level 1:colcon.colcon_core.environment:checking '/home/ziad/ziad_ws/ROS2/work_space/install/ros2_control_turtel_bot/lib/python3.12/site-packages'
[11.143s] Level 1:colcon.colcon_core.environment:checking '/home/ziad/ziad_ws/ROS2/work_space/install/ros2_control_turtel_bot/bin'
[11.144s] INFO:colcon.colcon_core.shell:Creating package script '/home/ziad/ziad_ws/ROS2/work_space/install/ros2_control_turtel_bot/share/ros2_control_turtel_bot/package.ps1'
[11.145s] INFO:colcon.colcon_core.shell:Creating package descriptor '/home/ziad/ziad_ws/ROS2/work_space/install/ros2_control_turtel_bot/share/ros2_control_turtel_bot/package.dsv'
[11.145s] INFO:colcon.colcon_core.shell:Creating package script '/home/ziad/ziad_ws/ROS2/work_space/install/ros2_control_turtel_bot/share/ros2_control_turtel_bot/package.sh'
[11.146s] INFO:colcon.colcon_core.shell:Creating package script '/home/ziad/ziad_ws/ROS2/work_space/install/ros2_control_turtel_bot/share/ros2_control_turtel_bot/package.bash'
[11.146s] INFO:colcon.colcon_core.shell:Creating package script '/home/ziad/ziad_ws/ROS2/work_space/install/ros2_control_turtel_bot/share/ros2_control_turtel_bot/package.zsh'
[11.146s] Level 1:colcon.colcon_core.environment:create_file_with_runtime_dependencies(/home/ziad/ziad_ws/ROS2/work_space/install/ros2_control_turtel_bot/share/colcon-core/packages/ros2_control_turtel_bot)
[11.147s] DEBUG:colcon.colcon_parallel_executor.executor.parallel:closing loop
[11.149s] DEBUG:colcon.colcon_parallel_executor.executor.parallel:loop closed
[11.149s] DEBUG:colcon.colcon_parallel_executor.executor.parallel:run_until_complete finished with '0'
[11.149s] DEBUG:colcon.colcon_core.event_reactor:joining thread
[11.197s] INFO:colcon.colcon_core.plugin_system:Skipping extension 'colcon_notification.desktop_notification.terminal_notifier': Not used on non-Darwin systems
[11.197s] INFO:colcon.colcon_core.plugin_system:Skipping extension 'colcon_notification.desktop_notification.win32': Not used on non-Windows systems
[11.197s] INFO:colcon.colcon_notification.desktop_notification:Sending desktop notification using 'notify2'
[11.293s] DEBUG:colcon.colcon_core.event_reactor:joined thread
[11.295s] INFO:colcon.colcon_core.shell:Creating prefix script '/home/ziad/ziad_ws/ROS2/work_space/install/local_setup.ps1'
[11.297s] INFO:colcon.colcon_core.shell:Creating prefix util module '/home/ziad/ziad_ws/ROS2/work_space/install/_local_setup_util_ps1.py'
[11.299s] INFO:colcon.colcon_core.shell:Creating prefix chain script '/home/ziad/ziad_ws/ROS2/work_space/install/setup.ps1'
[11.303s] INFO:colcon.colcon_core.shell:Creating prefix script '/home/ziad/ziad_ws/ROS2/work_space/install/local_setup.sh'
[11.304s] INFO:colcon.colcon_core.shell:Creating prefix util module '/home/ziad/ziad_ws/ROS2/work_space/install/_local_setup_util_sh.py'
[11.305s] INFO:colcon.colcon_core.shell:Creating prefix chain script '/home/ziad/ziad_ws/ROS2/work_space/install/setup.sh'
[11.307s] INFO:colcon.colcon_core.shell:Creating prefix script '/home/ziad/ziad_ws/ROS2/work_space/install/local_setup.bash'
[11.308s] INFO:colcon.colcon_core.shell:Creating prefix chain script '/home/ziad/ziad_ws/ROS2/work_space/install/setup.bash'
[11.311s] INFO:colcon.colcon_core.shell:Creating prefix script '/home/ziad/ziad_ws/ROS2/work_space/install/local_setup.zsh'
[11.312s] INFO:colcon.colcon_core.shell:Creating prefix chain script '/home/ziad/ziad_ws/ROS2/work_space/install/setup.zsh'
