[0.148s] Invoking command in '/home/ziad/ziad_ws/ROS2/work_space/build/yahboom_rosmaster_gazebo': CMAKE_PREFIX_PATH=${CMAKE_PREFIX_PATH}:/opt/ros/jazzy DEBUGINFOD_URLS=https://debuginfod.ubuntu.com /usr/bin/cmake --build /home/ziad/ziad_ws/ROS2/work_space/build/yahboom_rosmaster_gazebo -- -j4 -l4
[0.602s] Invoked command in '/home/ziad/ziad_ws/ROS2/work_space/build/yahboom_rosmaster_gazebo' returned '0': CMAKE_PREFIX_PATH=${CMAKE_PREFIX_PATH}:/opt/ros/jazzy DEBUGINFOD_URLS=https://debuginfod.ubuntu.com /usr/bin/cmake --build /home/ziad/ziad_ws/ROS2/work_space/build/yahboom_rosmaster_gazebo -- -j4 -l4
[0.610s] Invoking command in '/home/ziad/ziad_ws/ROS2/work_space/build/yahboom_rosmaster_gazebo': CMAKE_PREFIX_PATH=${CMAKE_PREFIX_PATH}:/opt/ros/jazzy DEBUGINFOD_URLS=https://debuginfod.ubuntu.com /usr/bin/cmake --install /home/ziad/ziad_ws/ROS2/work_space/build/yahboom_rosmaster_gazebo
[0.685s] -- Install configuration: ""
[0.685s] -- Execute custom install script
[0.701s] -- Up-to-date symlink: /home/ziad/ziad_ws/ROS2/work_space/install/yahboom_rosmaster_gazebo/share/yahboom_rosmaster_gazebo/config/ros_gz_bridge.yaml
[0.702s] -- Up-to-date symlink: /home/ziad/ziad_ws/ROS2/work_space/install/yahboom_rosmaster_gazebo/share/yahboom_rosmaster_gazebo/launch/yahboom_rosmaster.gazebo.launch.py
[0.769s] -- Up-to-date symlink: /home/ziad/ziad_ws/ROS2/work_space/install/yahboom_rosmaster_gazebo/share/yahboom_rosmaster_gazebo/models/Apriltag36_11_00000/materials/textures/tag36_11_00000.png
[0.770s] -- Up-to-date symlink: /home/ziad/ziad_ws/ROS2/work_space/install/yahboom_rosmaster_gazebo/share/yahboom_rosmaster_gazebo/models/Apriltag36_11_00000/meshes/tag36_11_00000.dae
[0.770s] -- Up-to-date symlink: /home/ziad/ziad_ws/ROS2/work_space/install/yahboom_rosmaster_gazebo/share/yahboom_rosmaster_gazebo/models/Apriltag36_11_00000/model.config
[0.770s] -- Up-to-date symlink: /home/ziad/ziad_ws/ROS2/work_space/install/yahboom_rosmaster_gazebo/share/yahboom_rosmaster_gazebo/models/Apriltag36_11_00000/model.sdf
[0.779s] -- Up-to-date symlink: /home/ziad/ziad_ws/ROS2/work_space/install/yahboom_rosmaster_gazebo/share/yahboom_rosmaster_gazebo/models/aws_robomaker_residential_AirconditionerA_01/materials/textures/aws_AirconditionerA_01.png
[0.779s] -- Up-to-date symlink: /home/ziad/ziad_ws/ROS2/work_space/install/yahboom_rosmaster_gazebo/share/yahboom_rosmaster_gazebo/models/aws_robomaker_residential_AirconditionerA_01/meshes/aws_AirconditionerA_01_collision.DAE
[0.781s] -- Up-to-date symlink: /home/ziad/ziad_ws/ROS2/work_space/install/yahboom_rosmaster_gazebo/share/yahboom_rosmaster_gazebo/models/aws_robomaker_residential_AirconditionerA_01/meshes/aws_AirconditionerA_01_visual.DAE
[0.781s] -- Up-to-date symlink: /home/ziad/ziad_ws/ROS2/work_space/install/yahboom_rosmaster_gazebo/share/yahboom_rosmaster_gazebo/models/aws_robomaker_residential_AirconditionerA_01/model.config
[0.781s] -- Up-to-date symlink: /home/ziad/ziad_ws/ROS2/work_space/install/yahboom_rosmaster_gazebo/share/yahboom_rosmaster_gazebo/models/aws_robomaker_residential_AirconditionerA_01/model.sdf
[0.781s] -- Up-to-date symlink: /home/ziad/ziad_ws/ROS2/work_space/install/yahboom_rosmaster_gazebo/share/yahboom_rosmaster_gazebo/models/aws_robomaker_residential_AirconditionerB_01/materials/textures/aws_AirconditionerB_01.png
[0.786s] -- Up-to-date symlink: /home/ziad/ziad_ws/ROS2/work_space/install/yahboom_rosmaster_gazebo/share/yahboom_rosmaster_gazebo/models/aws_robomaker_residential_AirconditionerB_01/meshes/aws_AirconditionerB_01_collision.DAE
[0.792s] -- Up-to-date symlink: /home/ziad/ziad_ws/ROS2/work_space/install/yahboom_rosmaster_gazebo/share/yahboom_rosmaster_gazebo/models/aws_robomaker_residential_AirconditionerB_01/meshes/aws_AirconditionerB_01_visual.DAE
[0.792s] -- Up-to-date symlink: /home/ziad/ziad_ws/ROS2/work_space/install/yahboom_rosmaster_gazebo/share/yahboom_rosmaster_gazebo/models/aws_robomaker_residential_AirconditionerB_01/model.config
[0.792s] -- Up-to-date symlink: /home/ziad/ziad_ws/ROS2/work_space/install/yahboom_rosmaster_gazebo/share/yahboom_rosmaster_gazebo/models/aws_robomaker_residential_AirconditionerB_01/model.sdf
[0.792s] -- Up-to-date symlink: /home/ziad/ziad_ws/ROS2/work_space/install/yahboom_rosmaster_gazebo/share/yahboom_rosmaster_gazebo/models/aws_robomaker_residential_BalconyTable_01/materials/textures/aws_BalconyTable_01.png
[0.796s] -- Up-to-date symlink: /home/ziad/ziad_ws/ROS2/work_space/install/yahboom_rosmaster_gazebo/share/yahboom_rosmaster_gazebo/models/aws_robomaker_residential_BalconyTable_01/meshes/aws_BalconyTable_01_collision.DAE
[0.796s] -- Up-to-date symlink: /home/ziad/ziad_ws/ROS2/work_space/install/yahboom_rosmaster_gazebo/share/yahboom_rosmaster_gazebo/models/aws_robomaker_residential_BalconyTable_01/meshes/aws_BalconyTable_01_visual.DAE
[0.796s] -- Up-to-date symlink: /home/ziad/ziad_ws/ROS2/work_space/install/yahboom_rosmaster_gazebo/share/yahboom_rosmaster_gazebo/models/aws_robomaker_residential_BalconyTable_01/model.config
[0.802s] -- Up-to-date symlink: /home/ziad/ziad_ws/ROS2/work_space/install/yahboom_rosmaster_gazebo/share/yahboom_rosmaster_gazebo/models/aws_robomaker_residential_BalconyTable_01/model.sdf
[0.803s] -- Up-to-date symlink: /home/ziad/ziad_ws/ROS2/work_space/install/yahboom_rosmaster_gazebo/share/yahboom_rosmaster_gazebo/models/aws_robomaker_residential_Ball_01/materials/textures/aws_Ball_01.png
[0.803s] -- Up-to-date symlink: /home/ziad/ziad_ws/ROS2/work_space/install/yahboom_rosmaster_gazebo/share/yahboom_rosmaster_gazebo/models/aws_robomaker_residential_Ball_01/meshes/aws_Ball_01_collision.DAE
[0.816s] -- Up-to-date symlink: /home/ziad/ziad_ws/ROS2/work_space/install/yahboom_rosmaster_gazebo/share/yahboom_rosmaster_gazebo/models/aws_robomaker_residential_Ball_01/meshes/aws_Ball_01_visual.DAE
[0.817s] -- Up-to-date symlink: /home/ziad/ziad_ws/ROS2/work_space/install/yahboom_rosmaster_gazebo/share/yahboom_rosmaster_gazebo/models/aws_robomaker_residential_Ball_01/model.config
[0.817s] -- Up-to-date symlink: /home/ziad/ziad_ws/ROS2/work_space/install/yahboom_rosmaster_gazebo/share/yahboom_rosmaster_gazebo/models/aws_robomaker_residential_Ball_01/model.sdf
[0.817s] -- Up-to-date symlink: /home/ziad/ziad_ws/ROS2/work_space/install/yahboom_rosmaster_gazebo/share/yahboom_rosmaster_gazebo/models/aws_robomaker_residential_Bed_01/materials/textures/aws_BedA_01.png
[0.821s] -- Up-to-date symlink: /home/ziad/ziad_ws/ROS2/work_space/install/yahboom_rosmaster_gazebo/share/yahboom_rosmaster_gazebo/models/aws_robomaker_residential_Bed_01/materials/textures/aws_BedB_01.png
[0.821s] -- Up-to-date symlink: /home/ziad/ziad_ws/ROS2/work_space/install/yahboom_rosmaster_gazebo/share/yahboom_rosmaster_gazebo/models/aws_robomaker_residential_Bed_01/materials/textures/aws_BedC_01.png
[0.822s] -- Up-to-date symlink: /home/ziad/ziad_ws/ROS2/work_space/install/yahboom_rosmaster_gazebo/share/yahboom_rosmaster_gazebo/models/aws_robomaker_residential_Bed_01/materials/textures/aws_Bed_01.png
[0.822s] -- Up-to-date symlink: /home/ziad/ziad_ws/ROS2/work_space/install/yahboom_rosmaster_gazebo/share/yahboom_rosmaster_gazebo/models/aws_robomaker_residential_Bed_01/meshes/aws_Bed_01_collision.DAE
[0.837s] -- Up-to-date symlink: /home/ziad/ziad_ws/ROS2/work_space/install/yahboom_rosmaster_gazebo/share/yahboom_rosmaster_gazebo/models/aws_robomaker_residential_Bed_01/meshes/aws_Bed_01_visual.DAE
[0.837s] -- Up-to-date symlink: /home/ziad/ziad_ws/ROS2/work_space/install/yahboom_rosmaster_gazebo/share/yahboom_rosmaster_gazebo/models/aws_robomaker_residential_Bed_01/model.config
[0.837s] -- Up-to-date symlink: /home/ziad/ziad_ws/ROS2/work_space/install/yahboom_rosmaster_gazebo/share/yahboom_rosmaster_gazebo/models/aws_robomaker_residential_Bed_01/model.sdf
[0.837s] -- Up-to-date symlink: /home/ziad/ziad_ws/ROS2/work_space/install/yahboom_rosmaster_gazebo/share/yahboom_rosmaster_gazebo/models/aws_robomaker_residential_Board_01/materials/textures/aws_Board_01.png
[0.838s] -- Up-to-date symlink: /home/ziad/ziad_ws/ROS2/work_space/install/yahboom_rosmaster_gazebo/share/yahboom_rosmaster_gazebo/models/aws_robomaker_residential_Board_01/meshes/aws_Board_01_collision.DAE
[0.839s] -- Up-to-date symlink: /home/ziad/ziad_ws/ROS2/work_space/install/yahboom_rosmaster_gazebo/share/yahboom_rosmaster_gazebo/models/aws_robomaker_residential_Board_01/meshes/aws_Board_01_visual.DAE
[0.843s] -- Up-to-date symlink: /home/ziad/ziad_ws/ROS2/work_space/install/yahboom_rosmaster_gazebo/share/yahboom_rosmaster_gazebo/models/aws_robomaker_residential_Board_01/model.config
[0.845s] -- Up-to-date symlink: /home/ziad/ziad_ws/ROS2/work_space/install/yahboom_rosmaster_gazebo/share/yahboom_rosmaster_gazebo/models/aws_robomaker_residential_Board_01/model.sdf
[0.846s] -- Up-to-date symlink: /home/ziad/ziad_ws/ROS2/work_space/install/yahboom_rosmaster_gazebo/share/yahboom_rosmaster_gazebo/models/aws_robomaker_residential_Carpet_01/materials/textures/aws_Carpet_01.png
[0.846s] -- Up-to-date symlink: /home/ziad/ziad_ws/ROS2/work_space/install/yahboom_rosmaster_gazebo/share/yahboom_rosmaster_gazebo/models/aws_robomaker_residential_Carpet_01/meshes/aws_Carpet_01_collision.DAE
[0.846s] -- Up-to-date symlink: /home/ziad/ziad_ws/ROS2/work_space/install/yahboom_rosmaster_gazebo/share/yahboom_rosmaster_gazebo/models/aws_robomaker_residential_Carpet_01/meshes/aws_Carpet_01_visual.DAE
[0.846s] -- Up-to-date symlink: /home/ziad/ziad_ws/ROS2/work_space/install/yahboom_rosmaster_gazebo/share/yahboom_rosmaster_gazebo/models/aws_robomaker_residential_Carpet_01/model.config
[0.847s] -- Up-to-date symlink: /home/ziad/ziad_ws/ROS2/work_space/install/yahboom_rosmaster_gazebo/share/yahboom_rosmaster_gazebo/models/aws_robomaker_residential_Carpet_01/model.sdf
[0.857s] -- Up-to-date symlink: /home/ziad/ziad_ws/ROS2/work_space/install/yahboom_rosmaster_gazebo/share/yahboom_rosmaster_gazebo/models/aws_robomaker_residential_ChairA_01/materials/textures/aws_ChairA_01.png
[0.857s] -- Up-to-date symlink: /home/ziad/ziad_ws/ROS2/work_space/install/yahboom_rosmaster_gazebo/share/yahboom_rosmaster_gazebo/models/aws_robomaker_residential_ChairA_01/meshes/aws_ChairA_01_collision.DAE
[0.858s] -- Up-to-date symlink: /home/ziad/ziad_ws/ROS2/work_space/install/yahboom_rosmaster_gazebo/share/yahboom_rosmaster_gazebo/models/aws_robomaker_residential_ChairA_01/meshes/aws_ChairA_01_visual.DAE
[0.858s] -- Up-to-date symlink: /home/ziad/ziad_ws/ROS2/work_space/install/yahboom_rosmaster_gazebo/share/yahboom_rosmaster_gazebo/models/aws_robomaker_residential_ChairA_01/model.config
[0.858s] -- Up-to-date symlink: /home/ziad/ziad_ws/ROS2/work_space/install/yahboom_rosmaster_gazebo/share/yahboom_rosmaster_gazebo/models/aws_robomaker_residential_ChairA_01/model.sdf
[0.858s] -- Up-to-date symlink: /home/ziad/ziad_ws/ROS2/work_space/install/yahboom_rosmaster_gazebo/share/yahboom_rosmaster_gazebo/models/aws_robomaker_residential_ChairD_01/materials/textures/aws_ChairD_01.png
[0.858s] -- Up-to-date symlink: /home/ziad/ziad_ws/ROS2/work_space/install/yahboom_rosmaster_gazebo/share/yahboom_rosmaster_gazebo/models/aws_robomaker_residential_ChairD_01/meshes/aws_ChairD_01_collision.DAE
[0.858s] -- Up-to-date symlink: /home/ziad/ziad_ws/ROS2/work_space/install/yahboom_rosmaster_gazebo/share/yahboom_rosmaster_gazebo/models/aws_robomaker_residential_ChairD_01/meshes/aws_ChairD_01_visual.DAE
[0.859s] -- Up-to-date symlink: /home/ziad/ziad_ws/ROS2/work_space/install/yahboom_rosmaster_gazebo/share/yahboom_rosmaster_gazebo/models/aws_robomaker_residential_ChairD_01/model.config
[0.859s] -- Up-to-date symlink: /home/ziad/ziad_ws/ROS2/work_space/install/yahboom_rosmaster_gazebo/share/yahboom_rosmaster_gazebo/models/aws_robomaker_residential_ChairD_01/model.sdf
[0.859s] -- Up-to-date symlink: /home/ziad/ziad_ws/ROS2/work_space/install/yahboom_rosmaster_gazebo/share/yahboom_rosmaster_gazebo/models/aws_robomaker_residential_Chandelier_01/materials/textures/aws_Chandelier_01.png
[0.859s] -- Up-to-date symlink: /home/ziad/ziad_ws/ROS2/work_space/install/yahboom_rosmaster_gazebo/share/yahboom_rosmaster_gazebo/models/aws_robomaker_residential_Chandelier_01/meshes/aws_Chandelier_01.DAE
[0.859s] -- Up-to-date symlink: /home/ziad/ziad_ws/ROS2/work_space/install/yahboom_rosmaster_gazebo/share/yahboom_rosmaster_gazebo/models/aws_robomaker_residential_Chandelier_01/meshes/aws_Chandelier_01_collision.DAE
[0.860s] -- Up-to-date symlink: /home/ziad/ziad_ws/ROS2/work_space/install/yahboom_rosmaster_gazebo/share/yahboom_rosmaster_gazebo/models/aws_robomaker_residential_Chandelier_01/meshes/aws_Chandelier_01_visual.DAE
[0.872s] -- Up-to-date symlink: /home/ziad/ziad_ws/ROS2/work_space/install/yahboom_rosmaster_gazebo/share/yahboom_rosmaster_gazebo/models/aws_robomaker_residential_Chandelier_01/model.config
[0.872s] -- Up-to-date symlink: /home/ziad/ziad_ws/ROS2/work_space/install/yahboom_rosmaster_gazebo/share/yahboom_rosmaster_gazebo/models/aws_robomaker_residential_Chandelier_01/model.sdf
[0.872s] -- Up-to-date symlink: /home/ziad/ziad_ws/ROS2/work_space/install/yahboom_rosmaster_gazebo/share/yahboom_rosmaster_gazebo/models/aws_robomaker_residential_CoffeeTable_01/materials/textures/aws_CoffeeTable_01.png
[0.872s] -- Up-to-date symlink: /home/ziad/ziad_ws/ROS2/work_space/install/yahboom_rosmaster_gazebo/share/yahboom_rosmaster_gazebo/models/aws_robomaker_residential_CoffeeTable_01/meshes/aws_CoffeeTable_01_collision.DAE
[0.872s] -- Up-to-date symlink: /home/ziad/ziad_ws/ROS2/work_space/install/yahboom_rosmaster_gazebo/share/yahboom_rosmaster_gazebo/models/aws_robomaker_residential_CoffeeTable_01/meshes/aws_CoffeeTable_01_visual.DAE
[0.873s] -- Up-to-date symlink: /home/ziad/ziad_ws/ROS2/work_space/install/yahboom_rosmaster_gazebo/share/yahboom_rosmaster_gazebo/models/aws_robomaker_residential_CoffeeTable_01/model.config
[0.873s] -- Up-to-date symlink: /home/ziad/ziad_ws/ROS2/work_space/install/yahboom_rosmaster_gazebo/share/yahboom_rosmaster_gazebo/models/aws_robomaker_residential_CoffeeTable_01/model.sdf
[0.873s] -- Up-to-date symlink: /home/ziad/ziad_ws/ROS2/work_space/install/yahboom_rosmaster_gazebo/share/yahboom_rosmaster_gazebo/models/aws_robomaker_residential_CookingBench_01/materials/textures/aws_CookingBench_01.png
[0.873s] -- Up-to-date symlink: /home/ziad/ziad_ws/ROS2/work_space/install/yahboom_rosmaster_gazebo/share/yahboom_rosmaster_gazebo/models/aws_robomaker_residential_CookingBench_01/meshes/aws_CookingBench_01.DAE
[0.873s] -- Up-to-date symlink: /home/ziad/ziad_ws/ROS2/work_space/install/yahboom_rosmaster_gazebo/share/yahboom_rosmaster_gazebo/models/aws_robomaker_residential_CookingBench_01/meshes/aws_CookingBench_01_collision.DAE
[0.874s] -- Up-to-date symlink: /home/ziad/ziad_ws/ROS2/work_space/install/yahboom_rosmaster_gazebo/share/yahboom_rosmaster_gazebo/models/aws_robomaker_residential_CookingBench_01/meshes/aws_CookingBench_01_visual.DAE
[0.877s] -- Up-to-date symlink: /home/ziad/ziad_ws/ROS2/work_space/install/yahboom_rosmaster_gazebo/share/yahboom_rosmaster_gazebo/models/aws_robomaker_residential_CookingBench_01/model.config
[0.881s] -- Up-to-date symlink: /home/ziad/ziad_ws/ROS2/work_space/install/yahboom_rosmaster_gazebo/share/yahboom_rosmaster_gazebo/models/aws_robomaker_residential_CookingBench_01/model.sdf
[0.881s] -- Up-to-date symlink: /home/ziad/ziad_ws/ROS2/work_space/install/yahboom_rosmaster_gazebo/share/yahboom_rosmaster_gazebo/models/aws_robomaker_residential_Curtain_01/materials/textures/aws_Curtain_01.png
[0.881s] -- Up-to-date symlink: /home/ziad/ziad_ws/ROS2/work_space/install/yahboom_rosmaster_gazebo/share/yahboom_rosmaster_gazebo/models/aws_robomaker_residential_Curtain_01/meshes/aws_Curtain_01_collision.DAE
[0.882s] -- Up-to-date symlink: /home/ziad/ziad_ws/ROS2/work_space/install/yahboom_rosmaster_gazebo/share/yahboom_rosmaster_gazebo/models/aws_robomaker_residential_Curtain_01/meshes/aws_Curtain_01_visual.DAE
[0.882s] -- Up-to-date symlink: /home/ziad/ziad_ws/ROS2/work_space/install/yahboom_rosmaster_gazebo/share/yahboom_rosmaster_gazebo/models/aws_robomaker_residential_Curtain_01/model.config
[0.882s] -- Up-to-date symlink: /home/ziad/ziad_ws/ROS2/work_space/install/yahboom_rosmaster_gazebo/share/yahboom_rosmaster_gazebo/models/aws_robomaker_residential_Curtain_01/model.sdf
[0.882s] -- Up-to-date symlink: /home/ziad/ziad_ws/ROS2/work_space/install/yahboom_rosmaster_gazebo/share/yahboom_rosmaster_gazebo/models/aws_robomaker_residential_DeskPortraitA_01/materials/textures/DeskPortraitA_01.jpg
[0.882s] -- Up-to-date symlink: /home/ziad/ziad_ws/ROS2/work_space/install/yahboom_rosmaster_gazebo/share/yahboom_rosmaster_gazebo/models/aws_robomaker_residential_DeskPortraitA_01/materials/textures/aws_DeskPortraitA_01.png
[0.890s] -- Up-to-date symlink: /home/ziad/ziad_ws/ROS2/work_space/install/yahboom_rosmaster_gazebo/share/yahboom_rosmaster_gazebo/models/aws_robomaker_residential_DeskPortraitA_01/materials/textures/aws_DeskPortraitA_02.png
[0.890s] -- Up-to-date symlink: /home/ziad/ziad_ws/ROS2/work_space/install/yahboom_rosmaster_gazebo/share/yahboom_rosmaster_gazebo/models/aws_robomaker_residential_DeskPortraitA_01/meshes/aws_DeskPortraitA_01_collision.DAE
[0.891s] -- Up-to-date symlink: /home/ziad/ziad_ws/ROS2/work_space/install/yahboom_rosmaster_gazebo/share/yahboom_rosmaster_gazebo/models/aws_robomaker_residential_DeskPortraitA_01/meshes/aws_DeskPortraitA_01_visual.DAE
[0.892s] -- Up-to-date symlink: /home/ziad/ziad_ws/ROS2/work_space/install/yahboom_rosmaster_gazebo/share/yahboom_rosmaster_gazebo/models/aws_robomaker_residential_DeskPortraitA_01/model.config
[0.893s] -- Up-to-date symlink: /home/ziad/ziad_ws/ROS2/work_space/install/yahboom_rosmaster_gazebo/share/yahboom_rosmaster_gazebo/models/aws_robomaker_residential_DeskPortraitA_01/model.sdf
[0.893s] -- Up-to-date symlink: /home/ziad/ziad_ws/ROS2/work_space/install/yahboom_rosmaster_gazebo/share/yahboom_rosmaster_gazebo/models/aws_robomaker_residential_DeskPortraitA_02/materials/textures/DeskPortraitA_02.jpg
[0.893s] -- Up-to-date symlink: /home/ziad/ziad_ws/ROS2/work_space/install/yahboom_rosmaster_gazebo/share/yahboom_rosmaster_gazebo/models/aws_robomaker_residential_DeskPortraitA_02/materials/textures/aws_DeskPortraitA_01.png
[0.893s] -- Up-to-date symlink: /home/ziad/ziad_ws/ROS2/work_space/install/yahboom_rosmaster_gazebo/share/yahboom_rosmaster_gazebo/models/aws_robomaker_residential_DeskPortraitA_02/materials/textures/aws_DeskPortraitA_02.png
[0.908s] -- Up-to-date symlink: /home/ziad/ziad_ws/ROS2/work_space/install/yahboom_rosmaster_gazebo/share/yahboom_rosmaster_gazebo/models/aws_robomaker_residential_DeskPortraitA_02/meshes/aws_DeskPortraitA_01_collision.DAE
[0.909s] -- Up-to-date symlink: /home/ziad/ziad_ws/ROS2/work_space/install/yahboom_rosmaster_gazebo/share/yahboom_rosmaster_gazebo/models/aws_robomaker_residential_DeskPortraitA_02/meshes/aws_DeskPortraitA_01_visual.DAE
[0.912s] -- Up-to-date symlink: /home/ziad/ziad_ws/ROS2/work_space/install/yahboom_rosmaster_gazebo/share/yahboom_rosmaster_gazebo/models/aws_robomaker_residential_DeskPortraitA_02/model.config
[0.912s] -- Up-to-date symlink: /home/ziad/ziad_ws/ROS2/work_space/install/yahboom_rosmaster_gazebo/share/yahboom_rosmaster_gazebo/models/aws_robomaker_residential_DeskPortraitA_02/model.sdf
[0.912s] -- Up-to-date symlink: /home/ziad/ziad_ws/ROS2/work_space/install/yahboom_rosmaster_gazebo/share/yahboom_rosmaster_gazebo/models/aws_robomaker_residential_DeskPortraitB_01/materials/textures/DeskPortraitB_01.jpg
[0.912s] -- Up-to-date symlink: /home/ziad/ziad_ws/ROS2/work_space/install/yahboom_rosmaster_gazebo/share/yahboom_rosmaster_gazebo/models/aws_robomaker_residential_DeskPortraitB_01/materials/textures/aws_DeskPortraitB_01.png
[0.913s] -- Up-to-date symlink: /home/ziad/ziad_ws/ROS2/work_space/install/yahboom_rosmaster_gazebo/share/yahboom_rosmaster_gazebo/models/aws_robomaker_residential_DeskPortraitB_01/materials/textures/aws_DeskPortraitB_02.png
[0.913s] -- Up-to-date symlink: /home/ziad/ziad_ws/ROS2/work_space/install/yahboom_rosmaster_gazebo/share/yahboom_rosmaster_gazebo/models/aws_robomaker_residential_DeskPortraitB_01/meshes/aws_DeskPortraitB_01_collision.DAE
[0.913s] -- Up-to-date symlink: /home/ziad/ziad_ws/ROS2/work_space/install/yahboom_rosmaster_gazebo/share/yahboom_rosmaster_gazebo/models/aws_robomaker_residential_DeskPortraitB_01/meshes/aws_DeskPortraitB_01_visual.DAE
[0.913s] -- Up-to-date symlink: /home/ziad/ziad_ws/ROS2/work_space/install/yahboom_rosmaster_gazebo/share/yahboom_rosmaster_gazebo/models/aws_robomaker_residential_DeskPortraitB_01/model.config
[0.914s] -- Up-to-date symlink: /home/ziad/ziad_ws/ROS2/work_space/install/yahboom_rosmaster_gazebo/share/yahboom_rosmaster_gazebo/models/aws_robomaker_residential_DeskPortraitB_01/model.sdf
[0.928s] -- Up-to-date symlink: /home/ziad/ziad_ws/ROS2/work_space/install/yahboom_rosmaster_gazebo/share/yahboom_rosmaster_gazebo/models/aws_robomaker_residential_DeskPortraitB_02/materials/textures/DeskPortraitB_02.jpg
[0.928s] -- Up-to-date symlink: /home/ziad/ziad_ws/ROS2/work_space/install/yahboom_rosmaster_gazebo/share/yahboom_rosmaster_gazebo/models/aws_robomaker_residential_DeskPortraitB_02/materials/textures/aws_DeskPortraitB_01.png
[0.929s] -- Up-to-date symlink: /home/ziad/ziad_ws/ROS2/work_space/install/yahboom_rosmaster_gazebo/share/yahboom_rosmaster_gazebo/models/aws_robomaker_residential_DeskPortraitB_02/materials/textures/aws_DeskPortraitB_02.png
[0.929s] -- Up-to-date symlink: /home/ziad/ziad_ws/ROS2/work_space/install/yahboom_rosmaster_gazebo/share/yahboom_rosmaster_gazebo/models/aws_robomaker_residential_DeskPortraitB_02/meshes/aws_DeskPortraitB_01_collision.DAE
[0.929s] -- Up-to-date symlink: /home/ziad/ziad_ws/ROS2/work_space/install/yahboom_rosmaster_gazebo/share/yahboom_rosmaster_gazebo/models/aws_robomaker_residential_DeskPortraitB_02/meshes/aws_DeskPortraitB_01_visual.DAE
[0.929s] -- Up-to-date symlink: /home/ziad/ziad_ws/ROS2/work_space/install/yahboom_rosmaster_gazebo/share/yahboom_rosmaster_gazebo/models/aws_robomaker_residential_DeskPortraitB_02/model.config
[0.929s] -- Up-to-date symlink: /home/ziad/ziad_ws/ROS2/work_space/install/yahboom_rosmaster_gazebo/share/yahboom_rosmaster_gazebo/models/aws_robomaker_residential_DeskPortraitB_02/model.sdf
[0.935s] -- Up-to-date symlink: /home/ziad/ziad_ws/ROS2/work_space/install/yahboom_rosmaster_gazebo/share/yahboom_rosmaster_gazebo/models/aws_robomaker_residential_DeskPortraitC_01/materials/textures/DeskPortraitC_01.jpg
[0.935s] -- Up-to-date symlink: /home/ziad/ziad_ws/ROS2/work_space/install/yahboom_rosmaster_gazebo/share/yahboom_rosmaster_gazebo/models/aws_robomaker_residential_DeskPortraitC_01/materials/textures/aws_DeskPortraitC_01.png
[0.936s] -- Up-to-date symlink: /home/ziad/ziad_ws/ROS2/work_space/install/yahboom_rosmaster_gazebo/share/yahboom_rosmaster_gazebo/models/aws_robomaker_residential_DeskPortraitC_01/materials/textures/aws_DeskPortraitC_02.png
[0.936s] -- Up-to-date symlink: /home/ziad/ziad_ws/ROS2/work_space/install/yahboom_rosmaster_gazebo/share/yahboom_rosmaster_gazebo/models/aws_robomaker_residential_DeskPortraitC_01/meshes/aws_DeskPortraitC_01_collision.DAE
[0.936s] -- Up-to-date symlink: /home/ziad/ziad_ws/ROS2/work_space/install/yahboom_rosmaster_gazebo/share/yahboom_rosmaster_gazebo/models/aws_robomaker_residential_DeskPortraitC_01/meshes/aws_DeskPortraitC_01_visual.DAE
[0.936s] -- Up-to-date symlink: /home/ziad/ziad_ws/ROS2/work_space/install/yahboom_rosmaster_gazebo/share/yahboom_rosmaster_gazebo/models/aws_robomaker_residential_DeskPortraitC_01/model.config
[0.936s] -- Up-to-date symlink: /home/ziad/ziad_ws/ROS2/work_space/install/yahboom_rosmaster_gazebo/share/yahboom_rosmaster_gazebo/models/aws_robomaker_residential_DeskPortraitC_01/model.sdf
[0.937s] -- Up-to-date symlink: /home/ziad/ziad_ws/ROS2/work_space/install/yahboom_rosmaster_gazebo/share/yahboom_rosmaster_gazebo/models/aws_robomaker_residential_DeskPortraitC_02/materials/textures/DeskPortraitC_02.jpg
[0.937s] -- Up-to-date symlink: /home/ziad/ziad_ws/ROS2/work_space/install/yahboom_rosmaster_gazebo/share/yahboom_rosmaster_gazebo/models/aws_robomaker_residential_DeskPortraitC_02/materials/textures/aws_DeskPortraitC_01.png
[0.937s] -- Up-to-date symlink: /home/ziad/ziad_ws/ROS2/work_space/install/yahboom_rosmaster_gazebo/share/yahboom_rosmaster_gazebo/models/aws_robomaker_residential_DeskPortraitC_02/materials/textures/aws_DeskPortraitC_02.png
[0.937s] -- Up-to-date symlink: /home/ziad/ziad_ws/ROS2/work_space/install/yahboom_rosmaster_gazebo/share/yahboom_rosmaster_gazebo/models/aws_robomaker_residential_DeskPortraitC_02/meshes/aws_DeskPortraitC_01_collision.DAE
[0.940s] -- Up-to-date symlink: /home/ziad/ziad_ws/ROS2/work_space/install/yahboom_rosmaster_gazebo/share/yahboom_rosmaster_gazebo/models/aws_robomaker_residential_DeskPortraitC_02/meshes/aws_DeskPortraitC_01_visual.DAE
[0.940s] -- Up-to-date symlink: /home/ziad/ziad_ws/ROS2/work_space/install/yahboom_rosmaster_gazebo/share/yahboom_rosmaster_gazebo/models/aws_robomaker_residential_DeskPortraitC_02/model.config
[0.952s] -- Up-to-date symlink: /home/ziad/ziad_ws/ROS2/work_space/install/yahboom_rosmaster_gazebo/share/yahboom_rosmaster_gazebo/models/aws_robomaker_residential_DeskPortraitC_02/model.sdf
[0.952s] -- Up-to-date symlink: /home/ziad/ziad_ws/ROS2/work_space/install/yahboom_rosmaster_gazebo/share/yahboom_rosmaster_gazebo/models/aws_robomaker_residential_DeskPortraitD_01/materials/textures/DeskPortraitD_01.jpg
[0.952s] -- Up-to-date symlink: /home/ziad/ziad_ws/ROS2/work_space/install/yahboom_rosmaster_gazebo/share/yahboom_rosmaster_gazebo/models/aws_robomaker_residential_DeskPortraitD_01/materials/textures/aws_DeskPortraitD_01.png
[0.952s] -- Up-to-date symlink: /home/ziad/ziad_ws/ROS2/work_space/install/yahboom_rosmaster_gazebo/share/yahboom_rosmaster_gazebo/models/aws_robomaker_residential_DeskPortraitD_01/materials/textures/aws_DeskPortraitD_02.png
[0.953s] -- Up-to-date symlink: /home/ziad/ziad_ws/ROS2/work_space/install/yahboom_rosmaster_gazebo/share/yahboom_rosmaster_gazebo/models/aws_robomaker_residential_DeskPortraitD_01/meshes/aws_DeskPortraitD_01_collision.DAE
[0.953s] -- Up-to-date symlink: /home/ziad/ziad_ws/ROS2/work_space/install/yahboom_rosmaster_gazebo/share/yahboom_rosmaster_gazebo/models/aws_robomaker_residential_DeskPortraitD_01/meshes/aws_DeskPortraitD_01_visual.DAE
[0.953s] -- Up-to-date symlink: /home/ziad/ziad_ws/ROS2/work_space/install/yahboom_rosmaster_gazebo/share/yahboom_rosmaster_gazebo/models/aws_robomaker_residential_DeskPortraitD_01/model.config
[0.954s] -- Up-to-date symlink: /home/ziad/ziad_ws/ROS2/work_space/install/yahboom_rosmaster_gazebo/share/yahboom_rosmaster_gazebo/models/aws_robomaker_residential_DeskPortraitD_01/model.sdf
[0.967s] -- Up-to-date symlink: /home/ziad/ziad_ws/ROS2/work_space/install/yahboom_rosmaster_gazebo/share/yahboom_rosmaster_gazebo/models/aws_robomaker_residential_DeskPortraitD_02/materials/textures/DeskPortraitD_02.jpg
[0.968s] -- Up-to-date symlink: /home/ziad/ziad_ws/ROS2/work_space/install/yahboom_rosmaster_gazebo/share/yahboom_rosmaster_gazebo/models/aws_robomaker_residential_DeskPortraitD_02/materials/textures/aws_DeskPortraitD_01.png
[0.968s] -- Up-to-date symlink: /home/ziad/ziad_ws/ROS2/work_space/install/yahboom_rosmaster_gazebo/share/yahboom_rosmaster_gazebo/models/aws_robomaker_residential_DeskPortraitD_02/materials/textures/aws_DeskPortraitD_02.png
[0.968s] -- Up-to-date symlink: /home/ziad/ziad_ws/ROS2/work_space/install/yahboom_rosmaster_gazebo/share/yahboom_rosmaster_gazebo/models/aws_robomaker_residential_DeskPortraitD_02/meshes/aws_DeskPortraitD_01_collision.DAE
[0.968s] -- Up-to-date symlink: /home/ziad/ziad_ws/ROS2/work_space/install/yahboom_rosmaster_gazebo/share/yahboom_rosmaster_gazebo/models/aws_robomaker_residential_DeskPortraitD_02/meshes/aws_DeskPortraitD_01_visual.DAE
[0.968s] -- Up-to-date symlink: /home/ziad/ziad_ws/ROS2/work_space/install/yahboom_rosmaster_gazebo/share/yahboom_rosmaster_gazebo/models/aws_robomaker_residential_DeskPortraitD_02/model.config
[0.968s] -- Up-to-date symlink: /home/ziad/ziad_ws/ROS2/work_space/install/yahboom_rosmaster_gazebo/share/yahboom_rosmaster_gazebo/models/aws_robomaker_residential_DeskPortraitD_02/model.sdf
[0.969s] -- Up-to-date symlink: /home/ziad/ziad_ws/ROS2/work_space/install/yahboom_rosmaster_gazebo/share/yahboom_rosmaster_gazebo/models/aws_robomaker_residential_DeskPortraitD_03/materials/textures/DeskPortraitD_03.jpg
[0.969s] -- Up-to-date symlink: /home/ziad/ziad_ws/ROS2/work_space/install/yahboom_rosmaster_gazebo/share/yahboom_rosmaster_gazebo/models/aws_robomaker_residential_DeskPortraitD_03/materials/textures/aws_DeskPortraitD_01.png
[0.983s] -- Up-to-date symlink: /home/ziad/ziad_ws/ROS2/work_space/install/yahboom_rosmaster_gazebo/share/yahboom_rosmaster_gazebo/models/aws_robomaker_residential_DeskPortraitD_03/materials/textures/aws_DeskPortraitD_02.png
[0.984s] -- Up-to-date symlink: /home/ziad/ziad_ws/ROS2/work_space/install/yahboom_rosmaster_gazebo/share/yahboom_rosmaster_gazebo/models/aws_robomaker_residential_DeskPortraitD_03/meshes/aws_DeskPortraitD_01_collision.DAE
[0.984s] -- Up-to-date symlink: /home/ziad/ziad_ws/ROS2/work_space/install/yahboom_rosmaster_gazebo/share/yahboom_rosmaster_gazebo/models/aws_robomaker_residential_DeskPortraitD_03/meshes/aws_DeskPortraitD_01_visual.DAE
[0.984s] -- Up-to-date symlink: /home/ziad/ziad_ws/ROS2/work_space/install/yahboom_rosmaster_gazebo/share/yahboom_rosmaster_gazebo/models/aws_robomaker_residential_DeskPortraitD_03/model.config
[0.984s] -- Up-to-date symlink: /home/ziad/ziad_ws/ROS2/work_space/install/yahboom_rosmaster_gazebo/share/yahboom_rosmaster_gazebo/models/aws_robomaker_residential_DeskPortraitD_03/model.sdf
[0.984s] -- Up-to-date symlink: /home/ziad/ziad_ws/ROS2/work_space/install/yahboom_rosmaster_gazebo/share/yahboom_rosmaster_gazebo/models/aws_robomaker_residential_DeskPortraitD_04/materials/textures/DeskPortraitD_04.jpg
[0.985s] -- Up-to-date symlink: /home/ziad/ziad_ws/ROS2/work_space/install/yahboom_rosmaster_gazebo/share/yahboom_rosmaster_gazebo/models/aws_robomaker_residential_DeskPortraitD_04/materials/textures/aws_DeskPortraitD_01.png
[0.985s] -- Up-to-date symlink: /home/ziad/ziad_ws/ROS2/work_space/install/yahboom_rosmaster_gazebo/share/yahboom_rosmaster_gazebo/models/aws_robomaker_residential_DeskPortraitD_04/materials/textures/aws_DeskPortraitD_02.png
[0.985s] -- Up-to-date symlink: /home/ziad/ziad_ws/ROS2/work_space/install/yahboom_rosmaster_gazebo/share/yahboom_rosmaster_gazebo/models/aws_robomaker_residential_DeskPortraitD_04/meshes/aws_DeskPortraitD_01_collision.DAE
[0.985s] -- Up-to-date symlink: /home/ziad/ziad_ws/ROS2/work_space/install/yahboom_rosmaster_gazebo/share/yahboom_rosmaster_gazebo/models/aws_robomaker_residential_DeskPortraitD_04/meshes/aws_DeskPortraitD_01_visual.DAE
[0.985s] -- Up-to-date symlink: /home/ziad/ziad_ws/ROS2/work_space/install/yahboom_rosmaster_gazebo/share/yahboom_rosmaster_gazebo/models/aws_robomaker_residential_DeskPortraitD_04/model.config
[0.986s] -- Up-to-date symlink: /home/ziad/ziad_ws/ROS2/work_space/install/yahboom_rosmaster_gazebo/share/yahboom_rosmaster_gazebo/models/aws_robomaker_residential_DeskPortraitD_04/model.sdf
[0.999s] -- Up-to-date symlink: /home/ziad/ziad_ws/ROS2/work_space/install/yahboom_rosmaster_gazebo/share/yahboom_rosmaster_gazebo/models/aws_robomaker_residential_Door_01/materials/textures/aws_Door_01.png
[1.000s] -- Up-to-date symlink: /home/ziad/ziad_ws/ROS2/work_space/install/yahboom_rosmaster_gazebo/share/yahboom_rosmaster_gazebo/models/aws_robomaker_residential_Door_01/meshes/aws_Door_01_collision.DAE
[1.000s] -- Up-to-date symlink: /home/ziad/ziad_ws/ROS2/work_space/install/yahboom_rosmaster_gazebo/share/yahboom_rosmaster_gazebo/models/aws_robomaker_residential_Door_01/meshes/aws_Door_01_visual.DAE
[1.000s] -- Up-to-date symlink: /home/ziad/ziad_ws/ROS2/work_space/install/yahboom_rosmaster_gazebo/share/yahboom_rosmaster_gazebo/models/aws_robomaker_residential_Door_01/model.config
[1.000s] -- Up-to-date symlink: /home/ziad/ziad_ws/ROS2/work_space/install/yahboom_rosmaster_gazebo/share/yahboom_rosmaster_gazebo/models/aws_robomaker_residential_Door_01/model.sdf
[1.000s] -- Up-to-date symlink: /home/ziad/ziad_ws/ROS2/work_space/install/yahboom_rosmaster_gazebo/share/yahboom_rosmaster_gazebo/models/aws_robomaker_residential_Dumbbell_01/materials/textures/aws_Dumbbell_01.png
[1.000s] -- Up-to-date symlink: /home/ziad/ziad_ws/ROS2/work_space/install/yahboom_rosmaster_gazebo/share/yahboom_rosmaster_gazebo/models/aws_robomaker_residential_Dumbbell_01/meshes/aws_Dumbbell_01_collision.DAE
[1.001s] -- Up-to-date symlink: /home/ziad/ziad_ws/ROS2/work_space/install/yahboom_rosmaster_gazebo/share/yahboom_rosmaster_gazebo/models/aws_robomaker_residential_Dumbbell_01/meshes/aws_Dumbbell_01_visual.DAE
[1.001s] -- Up-to-date symlink: /home/ziad/ziad_ws/ROS2/work_space/install/yahboom_rosmaster_gazebo/share/yahboom_rosmaster_gazebo/models/aws_robomaker_residential_Dumbbell_01/model.config
[1.001s] -- Up-to-date symlink: /home/ziad/ziad_ws/ROS2/work_space/install/yahboom_rosmaster_gazebo/share/yahboom_rosmaster_gazebo/models/aws_robomaker_residential_Dumbbell_01/model.sdf
[1.001s] -- Up-to-date symlink: /home/ziad/ziad_ws/ROS2/work_space/install/yahboom_rosmaster_gazebo/share/yahboom_rosmaster_gazebo/models/aws_robomaker_residential_FitnessEquipment_01/materials/textures/aws_FitnessEquipment_01.png
[1.001s] -- Up-to-date symlink: /home/ziad/ziad_ws/ROS2/work_space/install/yahboom_rosmaster_gazebo/share/yahboom_rosmaster_gazebo/models/aws_robomaker_residential_FitnessEquipment_01/meshes/aws_FitnessEquipment_01_collision.DAE
[1.011s] -- Up-to-date symlink: /home/ziad/ziad_ws/ROS2/work_space/install/yahboom_rosmaster_gazebo/share/yahboom_rosmaster_gazebo/models/aws_robomaker_residential_FitnessEquipment_01/meshes/aws_FitnessEquipment_01_visual.DAE
[1.011s] -- Up-to-date symlink: /home/ziad/ziad_ws/ROS2/work_space/install/yahboom_rosmaster_gazebo/share/yahboom_rosmaster_gazebo/models/aws_robomaker_residential_FitnessEquipment_01/model.config
[1.011s] -- Up-to-date symlink: /home/ziad/ziad_ws/ROS2/work_space/install/yahboom_rosmaster_gazebo/share/yahboom_rosmaster_gazebo/models/aws_robomaker_residential_FitnessEquipment_01/model.sdf
[1.011s] -- Up-to-date symlink: /home/ziad/ziad_ws/ROS2/work_space/install/yahboom_rosmaster_gazebo/share/yahboom_rosmaster_gazebo/models/aws_robomaker_residential_FloorB_01/materials/textures/aws_FloorB_01.png
[1.011s] -- Up-to-date symlink: /home/ziad/ziad_ws/ROS2/work_space/install/yahboom_rosmaster_gazebo/share/yahboom_rosmaster_gazebo/models/aws_robomaker_residential_FloorB_01/meshes/aws_FloorB_01_collision.DAE
[1.012s] -- Up-to-date symlink: /home/ziad/ziad_ws/ROS2/work_space/install/yahboom_rosmaster_gazebo/share/yahboom_rosmaster_gazebo/models/aws_robomaker_residential_FloorB_01/meshes/aws_FloorB_01_visual.DAE
[1.012s] -- Up-to-date symlink: /home/ziad/ziad_ws/ROS2/work_space/install/yahboom_rosmaster_gazebo/share/yahboom_rosmaster_gazebo/models/aws_robomaker_residential_FloorB_01/model.config
[1.013s] -- Up-to-date symlink: /home/ziad/ziad_ws/ROS2/work_space/install/yahboom_rosmaster_gazebo/share/yahboom_rosmaster_gazebo/models/aws_robomaker_residential_FloorB_01/model.sdf
[1.020s] -- Up-to-date symlink: /home/ziad/ziad_ws/ROS2/work_space/install/yahboom_rosmaster_gazebo/share/yahboom_rosmaster_gazebo/models/aws_robomaker_residential_FoldingDoor_01/materials/textures/aws_FoldingDoor_01.png
[1.020s] -- Up-to-date symlink: /home/ziad/ziad_ws/ROS2/work_space/install/yahboom_rosmaster_gazebo/share/yahboom_rosmaster_gazebo/models/aws_robomaker_residential_FoldingDoor_01/meshes/aws_FoldingDoor_01_collision.DAE
[1.020s] -- Up-to-date symlink: /home/ziad/ziad_ws/ROS2/work_space/install/yahboom_rosmaster_gazebo/share/yahboom_rosmaster_gazebo/models/aws_robomaker_residential_FoldingDoor_01/meshes/aws_FoldingDoor_01_visual.DAE
[1.024s] -- Up-to-date symlink: /home/ziad/ziad_ws/ROS2/work_space/install/yahboom_rosmaster_gazebo/share/yahboom_rosmaster_gazebo/models/aws_robomaker_residential_FoldingDoor_01/model.config
[1.024s] -- Up-to-date symlink: /home/ziad/ziad_ws/ROS2/work_space/install/yahboom_rosmaster_gazebo/share/yahboom_rosmaster_gazebo/models/aws_robomaker_residential_FoldingDoor_01/model.sdf
[1.024s] -- Up-to-date symlink: /home/ziad/ziad_ws/ROS2/work_space/install/yahboom_rosmaster_gazebo/share/yahboom_rosmaster_gazebo/models/aws_robomaker_residential_FoldingDoor_02/materials/textures/aws_FoldingDoor_02.png
[1.024s] -- Up-to-date symlink: /home/ziad/ziad_ws/ROS2/work_space/install/yahboom_rosmaster_gazebo/share/yahboom_rosmaster_gazebo/models/aws_robomaker_residential_FoldingDoor_02/meshes/aws_FoldingDoor_02_collision.DAE
[1.024s] -- Up-to-date symlink: /home/ziad/ziad_ws/ROS2/work_space/install/yahboom_rosmaster_gazebo/share/yahboom_rosmaster_gazebo/models/aws_robomaker_residential_FoldingDoor_02/meshes/aws_FoldingDoor_02_visual.DAE
[1.025s] -- Up-to-date symlink: /home/ziad/ziad_ws/ROS2/work_space/install/yahboom_rosmaster_gazebo/share/yahboom_rosmaster_gazebo/models/aws_robomaker_residential_FoldingDoor_02/model.config
[1.028s] -- Up-to-date symlink: /home/ziad/ziad_ws/ROS2/work_space/install/yahboom_rosmaster_gazebo/share/yahboom_rosmaster_gazebo/models/aws_robomaker_residential_FoldingDoor_02/model.sdf
[1.037s] -- Up-to-date symlink: /home/ziad/ziad_ws/ROS2/work_space/install/yahboom_rosmaster_gazebo/share/yahboom_rosmaster_gazebo/models/aws_robomaker_residential_Handle_01/materials/textures/aws_Handle_01.png
[1.038s] -- Up-to-date symlink: /home/ziad/ziad_ws/ROS2/work_space/install/yahboom_rosmaster_gazebo/share/yahboom_rosmaster_gazebo/models/aws_robomaker_residential_Handle_01/meshes/aws_Handle_01_collision.DAE
[1.038s] -- Up-to-date symlink: /home/ziad/ziad_ws/ROS2/work_space/install/yahboom_rosmaster_gazebo/share/yahboom_rosmaster_gazebo/models/aws_robomaker_residential_Handle_01/meshes/aws_Handle_01_visual.DAE
[1.040s] -- Up-to-date symlink: /home/ziad/ziad_ws/ROS2/work_space/install/yahboom_rosmaster_gazebo/share/yahboom_rosmaster_gazebo/models/aws_robomaker_residential_Handle_01/model.config
[1.040s] -- Up-to-date symlink: /home/ziad/ziad_ws/ROS2/work_space/install/yahboom_rosmaster_gazebo/share/yahboom_rosmaster_gazebo/models/aws_robomaker_residential_Handle_01/model.sdf
[1.040s] -- Up-to-date symlink: /home/ziad/ziad_ws/ROS2/work_space/install/yahboom_rosmaster_gazebo/share/yahboom_rosmaster_gazebo/models/aws_robomaker_residential_HouseWallB_01/materials/textures/aws_HouseWallB_01.png
[1.042s] -- Up-to-date symlink: /home/ziad/ziad_ws/ROS2/work_space/install/yahboom_rosmaster_gazebo/share/yahboom_rosmaster_gazebo/models/aws_robomaker_residential_HouseWallB_01/meshes/aws_HouseWallB_01_collision.DAE
[1.051s] -- Up-to-date symlink: /home/ziad/ziad_ws/ROS2/work_space/install/yahboom_rosmaster_gazebo/share/yahboom_rosmaster_gazebo/models/aws_robomaker_residential_HouseWallB_01/meshes/aws_HouseWallB_01_visual.DAE
[1.052s] -- Up-to-date symlink: /home/ziad/ziad_ws/ROS2/work_space/install/yahboom_rosmaster_gazebo/share/yahboom_rosmaster_gazebo/models/aws_robomaker_residential_HouseWallB_01/model.config
[1.056s] -- Up-to-date symlink: /home/ziad/ziad_ws/ROS2/work_space/install/yahboom_rosmaster_gazebo/share/yahboom_rosmaster_gazebo/models/aws_robomaker_residential_HouseWallB_01/model.sdf
[1.057s] -- Up-to-date symlink: /home/ziad/ziad_ws/ROS2/work_space/install/yahboom_rosmaster_gazebo/share/yahboom_rosmaster_gazebo/models/aws_robomaker_residential_KitchenCabinet_01/materials/textures/aws_KitchenCabinet_01.png
[1.057s] -- Up-to-date symlink: /home/ziad/ziad_ws/ROS2/work_space/install/yahboom_rosmaster_gazebo/share/yahboom_rosmaster_gazebo/models/aws_robomaker_residential_KitchenCabinet_01/meshes/aws_KitchenCabinet_01_collision.DAE
[1.057s] -- Up-to-date symlink: /home/ziad/ziad_ws/ROS2/work_space/install/yahboom_rosmaster_gazebo/share/yahboom_rosmaster_gazebo/models/aws_robomaker_residential_KitchenCabinet_01/meshes/aws_KitchenCabinet_01_visual.DAE
[1.057s] -- Up-to-date symlink: /home/ziad/ziad_ws/ROS2/work_space/install/yahboom_rosmaster_gazebo/share/yahboom_rosmaster_gazebo/models/aws_robomaker_residential_KitchenCabinet_01/model.config
[1.057s] -- Up-to-date symlink: /home/ziad/ziad_ws/ROS2/work_space/install/yahboom_rosmaster_gazebo/share/yahboom_rosmaster_gazebo/models/aws_robomaker_residential_KitchenCabinet_01/model.sdf
[1.057s] -- Up-to-date symlink: /home/ziad/ziad_ws/ROS2/work_space/install/yahboom_rosmaster_gazebo/share/yahboom_rosmaster_gazebo/models/aws_robomaker_residential_KitchenTable_01/materials/textures/aws_KitchenTable_01.png
[1.058s] -- Up-to-date symlink: /home/ziad/ziad_ws/ROS2/work_space/install/yahboom_rosmaster_gazebo/share/yahboom_rosmaster_gazebo/models/aws_robomaker_residential_KitchenTable_01/meshes/aws_KitchenTable_01_collision.DAE
[1.058s] -- Up-to-date symlink: /home/ziad/ziad_ws/ROS2/work_space/install/yahboom_rosmaster_gazebo/share/yahboom_rosmaster_gazebo/models/aws_robomaker_residential_KitchenTable_01/meshes/aws_KitchenTable_01_visual.DAE
[1.068s] -- Up-to-date symlink: /home/ziad/ziad_ws/ROS2/work_space/install/yahboom_rosmaster_gazebo/share/yahboom_rosmaster_gazebo/models/aws_robomaker_residential_KitchenTable_01/model.config
[1.069s] -- Up-to-date symlink: /home/ziad/ziad_ws/ROS2/work_space/install/yahboom_rosmaster_gazebo/share/yahboom_rosmaster_gazebo/models/aws_robomaker_residential_KitchenTable_01/model.sdf
[1.069s] -- Up-to-date symlink: /home/ziad/ziad_ws/ROS2/work_space/install/yahboom_rosmaster_gazebo/share/yahboom_rosmaster_gazebo/models/aws_robomaker_residential_KitchenUtensils_01/materials/textures/aws_KitchenUtensils_01.png
[1.070s] -- Up-to-date symlink: /home/ziad/ziad_ws/ROS2/work_space/install/yahboom_rosmaster_gazebo/share/yahboom_rosmaster_gazebo/models/aws_robomaker_residential_KitchenUtensils_01/meshes/aws_KitchenUtensils_01_collision.DAE
[1.070s] -- Up-to-date symlink: /home/ziad/ziad_ws/ROS2/work_space/install/yahboom_rosmaster_gazebo/share/yahboom_rosmaster_gazebo/models/aws_robomaker_residential_KitchenUtensils_01/meshes/aws_KitchenUtensils_01_visual.DAE
[1.076s] -- Up-to-date symlink: /home/ziad/ziad_ws/ROS2/work_space/install/yahboom_rosmaster_gazebo/share/yahboom_rosmaster_gazebo/models/aws_robomaker_residential_KitchenUtensils_01/model.config
[1.076s] -- Up-to-date symlink: /home/ziad/ziad_ws/ROS2/work_space/install/yahboom_rosmaster_gazebo/share/yahboom_rosmaster_gazebo/models/aws_robomaker_residential_KitchenUtensils_01/model.sdf
[1.076s] -- Up-to-date symlink: /home/ziad/ziad_ws/ROS2/work_space/install/yahboom_rosmaster_gazebo/share/yahboom_rosmaster_gazebo/models/aws_robomaker_residential_LightC_01/materials/textures/aws_LightC_01.png
[1.079s] -- Up-to-date symlink: /home/ziad/ziad_ws/ROS2/work_space/install/yahboom_rosmaster_gazebo/share/yahboom_rosmaster_gazebo/models/aws_robomaker_residential_LightC_01/meshes/aws_LightC_01_collision.DAE
[1.080s] -- Up-to-date symlink: /home/ziad/ziad_ws/ROS2/work_space/install/yahboom_rosmaster_gazebo/share/yahboom_rosmaster_gazebo/models/aws_robomaker_residential_LightC_01/meshes/aws_LightC_01_visual.DAE
[1.080s] -- Up-to-date symlink: /home/ziad/ziad_ws/ROS2/work_space/install/yahboom_rosmaster_gazebo/share/yahboom_rosmaster_gazebo/models/aws_robomaker_residential_LightC_01/model.config
[1.080s] -- Up-to-date symlink: /home/ziad/ziad_ws/ROS2/work_space/install/yahboom_rosmaster_gazebo/share/yahboom_rosmaster_gazebo/models/aws_robomaker_residential_LightC_01/model.sdf
[1.081s] -- Up-to-date symlink: /home/ziad/ziad_ws/ROS2/work_space/install/yahboom_rosmaster_gazebo/share/yahboom_rosmaster_gazebo/models/aws_robomaker_residential_NightStand_01/materials/textures/aws_NightStand_01.png
[1.082s] -- Up-to-date symlink: /home/ziad/ziad_ws/ROS2/work_space/install/yahboom_rosmaster_gazebo/share/yahboom_rosmaster_gazebo/models/aws_robomaker_residential_NightStand_01/meshes/aws_NightStand_01_collision.DAE
[1.082s] -- Up-to-date symlink: /home/ziad/ziad_ws/ROS2/work_space/install/yahboom_rosmaster_gazebo/share/yahboom_rosmaster_gazebo/models/aws_robomaker_residential_NightStand_01/meshes/aws_NightStand_01_visual.DAE
[1.085s] -- Up-to-date symlink: /home/ziad/ziad_ws/ROS2/work_space/install/yahboom_rosmaster_gazebo/share/yahboom_rosmaster_gazebo/models/aws_robomaker_residential_NightStand_01/model.config
[1.094s] -- Up-to-date symlink: /home/ziad/ziad_ws/ROS2/work_space/install/yahboom_rosmaster_gazebo/share/yahboom_rosmaster_gazebo/models/aws_robomaker_residential_NightStand_01/model.sdf
[1.094s] -- Up-to-date symlink: /home/ziad/ziad_ws/ROS2/work_space/install/yahboom_rosmaster_gazebo/share/yahboom_rosmaster_gazebo/models/aws_robomaker_residential_Pillow_01/materials/textures/aws_Pillow_01.png
[1.094s] -- Up-to-date symlink: /home/ziad/ziad_ws/ROS2/work_space/install/yahboom_rosmaster_gazebo/share/yahboom_rosmaster_gazebo/models/aws_robomaker_residential_Pillow_01/meshes/aws_Pillow_01_collision.DAE
[1.100s] -- Up-to-date symlink: /home/ziad/ziad_ws/ROS2/work_space/install/yahboom_rosmaster_gazebo/share/yahboom_rosmaster_gazebo/models/aws_robomaker_residential_Pillow_01/meshes/aws_Pillow_01_visual.DAE
[1.100s] -- Up-to-date symlink: /home/ziad/ziad_ws/ROS2/work_space/install/yahboom_rosmaster_gazebo/share/yahboom_rosmaster_gazebo/models/aws_robomaker_residential_Pillow_01/model.config
[1.101s] -- Up-to-date symlink: /home/ziad/ziad_ws/ROS2/work_space/install/yahboom_rosmaster_gazebo/share/yahboom_rosmaster_gazebo/models/aws_robomaker_residential_Pillow_01/model.sdf
[1.101s] -- Up-to-date symlink: /home/ziad/ziad_ws/ROS2/work_space/install/yahboom_rosmaster_gazebo/share/yahboom_rosmaster_gazebo/models/aws_robomaker_residential_PortraitA_01/materials/textures/PortraitA_01.jpg
[1.103s] -- Up-to-date symlink: /home/ziad/ziad_ws/ROS2/work_space/install/yahboom_rosmaster_gazebo/share/yahboom_rosmaster_gazebo/models/aws_robomaker_residential_PortraitA_01/materials/textures/aws_PortraitA_01.png
[1.108s] -- Up-to-date symlink: /home/ziad/ziad_ws/ROS2/work_space/install/yahboom_rosmaster_gazebo/share/yahboom_rosmaster_gazebo/models/aws_robomaker_residential_PortraitA_01/materials/textures/aws_PortraitA_02.png
[1.108s] -- Up-to-date symlink: /home/ziad/ziad_ws/ROS2/work_space/install/yahboom_rosmaster_gazebo/share/yahboom_rosmaster_gazebo/models/aws_robomaker_residential_PortraitA_01/meshes/aws_PortraitA_01_collision.DAE
[1.109s] -- Up-to-date symlink: /home/ziad/ziad_ws/ROS2/work_space/install/yahboom_rosmaster_gazebo/share/yahboom_rosmaster_gazebo/models/aws_robomaker_residential_PortraitA_01/meshes/aws_PortraitA_01_visual.DAE
[1.112s] -- Up-to-date symlink: /home/ziad/ziad_ws/ROS2/work_space/install/yahboom_rosmaster_gazebo/share/yahboom_rosmaster_gazebo/models/aws_robomaker_residential_PortraitA_01/model.config
[1.115s] -- Up-to-date symlink: /home/ziad/ziad_ws/ROS2/work_space/install/yahboom_rosmaster_gazebo/share/yahboom_rosmaster_gazebo/models/aws_robomaker_residential_PortraitA_01/model.sdf
[1.115s] -- Up-to-date symlink: /home/ziad/ziad_ws/ROS2/work_space/install/yahboom_rosmaster_gazebo/share/yahboom_rosmaster_gazebo/models/aws_robomaker_residential_PortraitA_02/materials/textures/PortraitA_02.jpg
[1.116s] -- Up-to-date symlink: /home/ziad/ziad_ws/ROS2/work_space/install/yahboom_rosmaster_gazebo/share/yahboom_rosmaster_gazebo/models/aws_robomaker_residential_PortraitA_02/materials/textures/aws_PortraitA_01.png
[1.116s] -- Up-to-date symlink: /home/ziad/ziad_ws/ROS2/work_space/install/yahboom_rosmaster_gazebo/share/yahboom_rosmaster_gazebo/models/aws_robomaker_residential_PortraitA_02/materials/textures/aws_PortraitA_02.png
[1.117s] -- Up-to-date symlink: /home/ziad/ziad_ws/ROS2/work_space/install/yahboom_rosmaster_gazebo/share/yahboom_rosmaster_gazebo/models/aws_robomaker_residential_PortraitA_02/meshes/aws_PortraitA_01_collision.DAE
[1.117s] -- Up-to-date symlink: /home/ziad/ziad_ws/ROS2/work_space/install/yahboom_rosmaster_gazebo/share/yahboom_rosmaster_gazebo/models/aws_robomaker_residential_PortraitA_02/meshes/aws_PortraitA_01_visual.DAE
[1.117s] -- Up-to-date symlink: /home/ziad/ziad_ws/ROS2/work_space/install/yahboom_rosmaster_gazebo/share/yahboom_rosmaster_gazebo/models/aws_robomaker_residential_PortraitA_02/model.config
[1.117s] -- Up-to-date symlink: /home/ziad/ziad_ws/ROS2/work_space/install/yahboom_rosmaster_gazebo/share/yahboom_rosmaster_gazebo/models/aws_robomaker_residential_PortraitA_02/model.sdf
[1.117s] -- Up-to-date symlink: /home/ziad/ziad_ws/ROS2/work_space/install/yahboom_rosmaster_gazebo/share/yahboom_rosmaster_gazebo/models/aws_robomaker_residential_PortraitB_01/materials/textures/PortraitB_01.jpg
[1.126s] -- Up-to-date symlink: /home/ziad/ziad_ws/ROS2/work_space/install/yahboom_rosmaster_gazebo/share/yahboom_rosmaster_gazebo/models/aws_robomaker_residential_PortraitB_01/materials/textures/aws_PortraitB_01.png
[1.127s] -- Up-to-date symlink: /home/ziad/ziad_ws/ROS2/work_space/install/yahboom_rosmaster_gazebo/share/yahboom_rosmaster_gazebo/models/aws_robomaker_residential_PortraitB_01/materials/textures/aws_PortraitB_02.png
[1.129s] -- Up-to-date symlink: /home/ziad/ziad_ws/ROS2/work_space/install/yahboom_rosmaster_gazebo/share/yahboom_rosmaster_gazebo/models/aws_robomaker_residential_PortraitB_01/meshes/aws_PortraitB_01_collision.DAE
[1.129s] -- Up-to-date symlink: /home/ziad/ziad_ws/ROS2/work_space/install/yahboom_rosmaster_gazebo/share/yahboom_rosmaster_gazebo/models/aws_robomaker_residential_PortraitB_01/meshes/aws_PortraitB_01_visual.DAE
[1.130s] -- Up-to-date symlink: /home/ziad/ziad_ws/ROS2/work_space/install/yahboom_rosmaster_gazebo/share/yahboom_rosmaster_gazebo/models/aws_robomaker_residential_PortraitB_01/model.config
[1.130s] -- Up-to-date symlink: /home/ziad/ziad_ws/ROS2/work_space/install/yahboom_rosmaster_gazebo/share/yahboom_rosmaster_gazebo/models/aws_robomaker_residential_PortraitB_01/model.sdf
[1.130s] -- Up-to-date symlink: /home/ziad/ziad_ws/ROS2/work_space/install/yahboom_rosmaster_gazebo/share/yahboom_rosmaster_gazebo/models/aws_robomaker_residential_PortraitB_02/materials/textures/PortraitB_02.jpg
[1.130s] -- Up-to-date symlink: /home/ziad/ziad_ws/ROS2/work_space/install/yahboom_rosmaster_gazebo/share/yahboom_rosmaster_gazebo/models/aws_robomaker_residential_PortraitB_02/materials/textures/aws_PortraitB_01.png
[1.142s] -- Up-to-date symlink: /home/ziad/ziad_ws/ROS2/work_space/install/yahboom_rosmaster_gazebo/share/yahboom_rosmaster_gazebo/models/aws_robomaker_residential_PortraitB_02/materials/textures/aws_PortraitB_02.png
[1.143s] -- Up-to-date symlink: /home/ziad/ziad_ws/ROS2/work_space/install/yahboom_rosmaster_gazebo/share/yahboom_rosmaster_gazebo/models/aws_robomaker_residential_PortraitB_02/meshes/aws_PortraitB_01_collision.DAE
[1.144s] -- Up-to-date symlink: /home/ziad/ziad_ws/ROS2/work_space/install/yahboom_rosmaster_gazebo/share/yahboom_rosmaster_gazebo/models/aws_robomaker_residential_PortraitB_02/meshes/aws_PortraitB_01_visual.DAE
[1.145s] -- Up-to-date symlink: /home/ziad/ziad_ws/ROS2/work_space/install/yahboom_rosmaster_gazebo/share/yahboom_rosmaster_gazebo/models/aws_robomaker_residential_PortraitB_02/model.config
[1.145s] -- Up-to-date symlink: /home/ziad/ziad_ws/ROS2/work_space/install/yahboom_rosmaster_gazebo/share/yahboom_rosmaster_gazebo/models/aws_robomaker_residential_PortraitB_02/model.sdf
[1.147s] -- Up-to-date symlink: /home/ziad/ziad_ws/ROS2/work_space/install/yahboom_rosmaster_gazebo/share/yahboom_rosmaster_gazebo/models/aws_robomaker_residential_PortraitB_03/materials/textures/PortraitB_03.jpg
[1.147s] -- Up-to-date symlink: /home/ziad/ziad_ws/ROS2/work_space/install/yahboom_rosmaster_gazebo/share/yahboom_rosmaster_gazebo/models/aws_robomaker_residential_PortraitB_03/materials/textures/aws_PortraitB_01.png
[1.147s] -- Up-to-date symlink: /home/ziad/ziad_ws/ROS2/work_space/install/yahboom_rosmaster_gazebo/share/yahboom_rosmaster_gazebo/models/aws_robomaker_residential_PortraitB_03/materials/textures/aws_PortraitB_02.png
[1.147s] -- Up-to-date symlink: /home/ziad/ziad_ws/ROS2/work_space/install/yahboom_rosmaster_gazebo/share/yahboom_rosmaster_gazebo/models/aws_robomaker_residential_PortraitB_03/meshes/aws_PortraitB_01_collision.DAE
[1.147s] -- Up-to-date symlink: /home/ziad/ziad_ws/ROS2/work_space/install/yahboom_rosmaster_gazebo/share/yahboom_rosmaster_gazebo/models/aws_robomaker_residential_PortraitB_03/meshes/aws_PortraitB_01_visual.DAE
[1.165s] -- Up-to-date symlink: /home/ziad/ziad_ws/ROS2/work_space/install/yahboom_rosmaster_gazebo/share/yahboom_rosmaster_gazebo/models/aws_robomaker_residential_PortraitB_03/model.config
[1.165s] -- Up-to-date symlink: /home/ziad/ziad_ws/ROS2/work_space/install/yahboom_rosmaster_gazebo/share/yahboom_rosmaster_gazebo/models/aws_robomaker_residential_PortraitB_03/model.sdf
[1.165s] -- Up-to-date symlink: /home/ziad/ziad_ws/ROS2/work_space/install/yahboom_rosmaster_gazebo/share/yahboom_rosmaster_gazebo/models/aws_robomaker_residential_PortraitC_01/materials/textures/PortraitC_01.jpg
[1.166s] -- Up-to-date symlink: /home/ziad/ziad_ws/ROS2/work_space/install/yahboom_rosmaster_gazebo/share/yahboom_rosmaster_gazebo/models/aws_robomaker_residential_PortraitC_01/materials/textures/aws_PortraitC_01.png
[1.166s] -- Up-to-date symlink: /home/ziad/ziad_ws/ROS2/work_space/install/yahboom_rosmaster_gazebo/share/yahboom_rosmaster_gazebo/models/aws_robomaker_residential_PortraitC_01/materials/textures/aws_PortraitC_02.png
[1.166s] -- Up-to-date symlink: /home/ziad/ziad_ws/ROS2/work_space/install/yahboom_rosmaster_gazebo/share/yahboom_rosmaster_gazebo/models/aws_robomaker_residential_PortraitC_01/meshes/aws_PortraitC_01_collision.DAE
[1.166s] -- Up-to-date symlink: /home/ziad/ziad_ws/ROS2/work_space/install/yahboom_rosmaster_gazebo/share/yahboom_rosmaster_gazebo/models/aws_robomaker_residential_PortraitC_01/meshes/aws_PortraitC_01_visual.DAE
[1.173s] -- Up-to-date symlink: /home/ziad/ziad_ws/ROS2/work_space/install/yahboom_rosmaster_gazebo/share/yahboom_rosmaster_gazebo/models/aws_robomaker_residential_PortraitC_01/model.config
[1.173s] -- Up-to-date symlink: /home/ziad/ziad_ws/ROS2/work_space/install/yahboom_rosmaster_gazebo/share/yahboom_rosmaster_gazebo/models/aws_robomaker_residential_PortraitC_01/model.sdf
[1.177s] -- Up-to-date symlink: /home/ziad/ziad_ws/ROS2/work_space/install/yahboom_rosmaster_gazebo/share/yahboom_rosmaster_gazebo/models/aws_robomaker_residential_PortraitD_01/materials/textures/PortraitD_01.jpg
[1.177s] -- Up-to-date symlink: /home/ziad/ziad_ws/ROS2/work_space/install/yahboom_rosmaster_gazebo/share/yahboom_rosmaster_gazebo/models/aws_robomaker_residential_PortraitD_01/materials/textures/aws_PortraitD_01.png
[1.177s] -- Up-to-date symlink: /home/ziad/ziad_ws/ROS2/work_space/install/yahboom_rosmaster_gazebo/share/yahboom_rosmaster_gazebo/models/aws_robomaker_residential_PortraitD_01/materials/textures/aws_PortraitD_02.png
[1.177s] -- Up-to-date symlink: /home/ziad/ziad_ws/ROS2/work_space/install/yahboom_rosmaster_gazebo/share/yahboom_rosmaster_gazebo/models/aws_robomaker_residential_PortraitD_01/meshes/aws_PortraitD_01_collision.DAE
[1.178s] -- Up-to-date symlink: /home/ziad/ziad_ws/ROS2/work_space/install/yahboom_rosmaster_gazebo/share/yahboom_rosmaster_gazebo/models/aws_robomaker_residential_PortraitD_01/meshes/aws_PortraitD_01_visual.DAE
[1.185s] -- Up-to-date symlink: /home/ziad/ziad_ws/ROS2/work_space/install/yahboom_rosmaster_gazebo/share/yahboom_rosmaster_gazebo/models/aws_robomaker_residential_PortraitD_01/model.config
[1.186s] -- Up-to-date symlink: /home/ziad/ziad_ws/ROS2/work_space/install/yahboom_rosmaster_gazebo/share/yahboom_rosmaster_gazebo/models/aws_robomaker_residential_PortraitD_01/model.sdf
[1.187s] -- Up-to-date symlink: /home/ziad/ziad_ws/ROS2/work_space/install/yahboom_rosmaster_gazebo/share/yahboom_rosmaster_gazebo/models/aws_robomaker_residential_PortraitD_02/materials/textures/PortraitD_02.jpg
[1.187s] -- Up-to-date symlink: /home/ziad/ziad_ws/ROS2/work_space/install/yahboom_rosmaster_gazebo/share/yahboom_rosmaster_gazebo/models/aws_robomaker_residential_PortraitD_02/materials/textures/aws_PortraitD_01.png
[1.188s] -- Up-to-date symlink: /home/ziad/ziad_ws/ROS2/work_space/install/yahboom_rosmaster_gazebo/share/yahboom_rosmaster_gazebo/models/aws_robomaker_residential_PortraitD_02/materials/textures/aws_PortraitD_02.png
[1.188s] -- Up-to-date symlink: /home/ziad/ziad_ws/ROS2/work_space/install/yahboom_rosmaster_gazebo/share/yahboom_rosmaster_gazebo/models/aws_robomaker_residential_PortraitD_02/meshes/aws_PortraitD_01_collision.DAE
[1.188s] -- Up-to-date symlink: /home/ziad/ziad_ws/ROS2/work_space/install/yahboom_rosmaster_gazebo/share/yahboom_rosmaster_gazebo/models/aws_robomaker_residential_PortraitD_02/meshes/aws_PortraitD_01_visual.DAE
[1.188s] -- Up-to-date symlink: /home/ziad/ziad_ws/ROS2/work_space/install/yahboom_rosmaster_gazebo/share/yahboom_rosmaster_gazebo/models/aws_robomaker_residential_PortraitD_02/model.config
[1.188s] -- Up-to-date symlink: /home/ziad/ziad_ws/ROS2/work_space/install/yahboom_rosmaster_gazebo/share/yahboom_rosmaster_gazebo/models/aws_robomaker_residential_PortraitD_02/model.sdf
[1.188s] -- Up-to-date symlink: /home/ziad/ziad_ws/ROS2/work_space/install/yahboom_rosmaster_gazebo/share/yahboom_rosmaster_gazebo/models/aws_robomaker_residential_PortraitE_01/materials/textures/PortraitE_01.jpg
[1.189s] -- Up-to-date symlink: /home/ziad/ziad_ws/ROS2/work_space/install/yahboom_rosmaster_gazebo/share/yahboom_rosmaster_gazebo/models/aws_robomaker_residential_PortraitE_01/materials/textures/aws_PortraitE_01.png
[1.201s] -- Up-to-date symlink: /home/ziad/ziad_ws/ROS2/work_space/install/yahboom_rosmaster_gazebo/share/yahboom_rosmaster_gazebo/models/aws_robomaker_residential_PortraitE_01/materials/textures/aws_PortraitE_02.png
[1.204s] -- Up-to-date symlink: /home/ziad/ziad_ws/ROS2/work_space/install/yahboom_rosmaster_gazebo/share/yahboom_rosmaster_gazebo/models/aws_robomaker_residential_PortraitE_01/meshes/aws_PortraitE_01_collision.DAE
[1.204s] -- Up-to-date symlink: /home/ziad/ziad_ws/ROS2/work_space/install/yahboom_rosmaster_gazebo/share/yahboom_rosmaster_gazebo/models/aws_robomaker_residential_PortraitE_01/meshes/aws_PortraitE_01_visual.DAE
[1.205s] -- Up-to-date symlink: /home/ziad/ziad_ws/ROS2/work_space/install/yahboom_rosmaster_gazebo/share/yahboom_rosmaster_gazebo/models/aws_robomaker_residential_PortraitE_01/model.config
[1.205s] -- Up-to-date symlink: /home/ziad/ziad_ws/ROS2/work_space/install/yahboom_rosmaster_gazebo/share/yahboom_rosmaster_gazebo/models/aws_robomaker_residential_PortraitE_01/model.sdf
[1.205s] -- Up-to-date symlink: /home/ziad/ziad_ws/ROS2/work_space/install/yahboom_rosmaster_gazebo/share/yahboom_rosmaster_gazebo/models/aws_robomaker_residential_PortraitE_02/materials/textures/PortraitE_02.jpg
[1.205s] -- Up-to-date symlink: /home/ziad/ziad_ws/ROS2/work_space/install/yahboom_rosmaster_gazebo/share/yahboom_rosmaster_gazebo/models/aws_robomaker_residential_PortraitE_02/materials/textures/aws_PortraitE_01.png
[1.205s] -- Up-to-date symlink: /home/ziad/ziad_ws/ROS2/work_space/install/yahboom_rosmaster_gazebo/share/yahboom_rosmaster_gazebo/models/aws_robomaker_residential_PortraitE_02/materials/textures/aws_PortraitE_02.png
[1.205s] -- Up-to-date symlink: /home/ziad/ziad_ws/ROS2/work_space/install/yahboom_rosmaster_gazebo/share/yahboom_rosmaster_gazebo/models/aws_robomaker_residential_PortraitE_02/meshes/aws_PortraitE_01_collision.DAE
[1.206s] -- Up-to-date symlink: /home/ziad/ziad_ws/ROS2/work_space/install/yahboom_rosmaster_gazebo/share/yahboom_rosmaster_gazebo/models/aws_robomaker_residential_PortraitE_02/meshes/aws_PortraitE_01_visual.DAE
[1.211s] -- Up-to-date symlink: /home/ziad/ziad_ws/ROS2/work_space/install/yahboom_rosmaster_gazebo/share/yahboom_rosmaster_gazebo/models/aws_robomaker_residential_PortraitE_02/model.config
[1.216s] -- Up-to-date symlink: /home/ziad/ziad_ws/ROS2/work_space/install/yahboom_rosmaster_gazebo/share/yahboom_rosmaster_gazebo/models/aws_robomaker_residential_PortraitE_02/model.sdf
[1.217s] -- Up-to-date symlink: /home/ziad/ziad_ws/ROS2/work_space/install/yahboom_rosmaster_gazebo/share/yahboom_rosmaster_gazebo/models/aws_robomaker_residential_Quilt_01/materials/textures/aws_Quilt_01.png
[1.217s] -- Up-to-date symlink: /home/ziad/ziad_ws/ROS2/work_space/install/yahboom_rosmaster_gazebo/share/yahboom_rosmaster_gazebo/models/aws_robomaker_residential_Quilt_01/meshes/aws_Quilt_01_collision.DAE
[1.217s] -- Up-to-date symlink: /home/ziad/ziad_ws/ROS2/work_space/install/yahboom_rosmaster_gazebo/share/yahboom_rosmaster_gazebo/models/aws_robomaker_residential_Quilt_01/meshes/aws_Quilt_01_visual.DAE
[1.218s] -- Up-to-date symlink: /home/ziad/ziad_ws/ROS2/work_space/install/yahboom_rosmaster_gazebo/share/yahboom_rosmaster_gazebo/models/aws_robomaker_residential_Quilt_01/model.config
[1.220s] -- Up-to-date symlink: /home/ziad/ziad_ws/ROS2/work_space/install/yahboom_rosmaster_gazebo/share/yahboom_rosmaster_gazebo/models/aws_robomaker_residential_Quilt_01/model.sdf
[1.221s] -- Up-to-date symlink: /home/ziad/ziad_ws/ROS2/work_space/install/yahboom_rosmaster_gazebo/share/yahboom_rosmaster_gazebo/models/aws_robomaker_residential_Rangehood_01/materials/textures/aws_Rangehood_01.png
[1.221s] -- Up-to-date symlink: /home/ziad/ziad_ws/ROS2/work_space/install/yahboom_rosmaster_gazebo/share/yahboom_rosmaster_gazebo/models/aws_robomaker_residential_Rangehood_01/meshes/aws_Rangehood_01_collision.DAE
[1.232s] -- Up-to-date symlink: /home/ziad/ziad_ws/ROS2/work_space/install/yahboom_rosmaster_gazebo/share/yahboom_rosmaster_gazebo/models/aws_robomaker_residential_Rangehood_01/meshes/aws_Rangehood_01_visual.DAE
[1.232s] -- Up-to-date symlink: /home/ziad/ziad_ws/ROS2/work_space/install/yahboom_rosmaster_gazebo/share/yahboom_rosmaster_gazebo/models/aws_robomaker_residential_Rangehood_01/model.config
[1.235s] -- Up-to-date symlink: /home/ziad/ziad_ws/ROS2/work_space/install/yahboom_rosmaster_gazebo/share/yahboom_rosmaster_gazebo/models/aws_robomaker_residential_Rangehood_01/model.sdf
[1.235s] -- Up-to-date symlink: /home/ziad/ziad_ws/ROS2/work_space/install/yahboom_rosmaster_gazebo/share/yahboom_rosmaster_gazebo/models/aws_robomaker_residential_ReadingDesk_01/materials/textures/aws_ReadingDesk_01.png
[1.235s] -- Up-to-date symlink: /home/ziad/ziad_ws/ROS2/work_space/install/yahboom_rosmaster_gazebo/share/yahboom_rosmaster_gazebo/models/aws_robomaker_residential_ReadingDesk_01/meshes/aws_ReadingDesk_01_collision.DAE
[1.236s] -- Up-to-date symlink: /home/ziad/ziad_ws/ROS2/work_space/install/yahboom_rosmaster_gazebo/share/yahboom_rosmaster_gazebo/models/aws_robomaker_residential_ReadingDesk_01/meshes/aws_ReadingDesk_01_visual.DAE
[1.236s] -- Up-to-date symlink: /home/ziad/ziad_ws/ROS2/work_space/install/yahboom_rosmaster_gazebo/share/yahboom_rosmaster_gazebo/models/aws_robomaker_residential_ReadingDesk_01/model.config
[1.240s] -- Up-to-date symlink: /home/ziad/ziad_ws/ROS2/work_space/install/yahboom_rosmaster_gazebo/share/yahboom_rosmaster_gazebo/models/aws_robomaker_residential_ReadingDesk_01/model.sdf
[1.240s] -- Up-to-date symlink: /home/ziad/ziad_ws/ROS2/work_space/install/yahboom_rosmaster_gazebo/share/yahboom_rosmaster_gazebo/models/aws_robomaker_residential_Refrigerator_01/materials/textures/aws_Refrigerator_01.png
[1.241s] -- Up-to-date symlink: /home/ziad/ziad_ws/ROS2/work_space/install/yahboom_rosmaster_gazebo/share/yahboom_rosmaster_gazebo/models/aws_robomaker_residential_Refrigerator_01/materials/textures/aws_Refrigerator_02.png
[1.241s] -- Up-to-date symlink: /home/ziad/ziad_ws/ROS2/work_space/install/yahboom_rosmaster_gazebo/share/yahboom_rosmaster_gazebo/models/aws_robomaker_residential_Refrigerator_01/meshes/aws_Refrigerator_01.DAE
[1.259s] -- Up-to-date symlink: /home/ziad/ziad_ws/ROS2/work_space/install/yahboom_rosmaster_gazebo/share/yahboom_rosmaster_gazebo/models/aws_robomaker_residential_Refrigerator_01/meshes/aws_Refrigerator_01_collision.DAE
[1.259s] -- Up-to-date symlink: /home/ziad/ziad_ws/ROS2/work_space/install/yahboom_rosmaster_gazebo/share/yahboom_rosmaster_gazebo/models/aws_robomaker_residential_Refrigerator_01/meshes/aws_Refrigerator_01_visual.DAE
[1.260s] -- Up-to-date symlink: /home/ziad/ziad_ws/ROS2/work_space/install/yahboom_rosmaster_gazebo/share/yahboom_rosmaster_gazebo/models/aws_robomaker_residential_Refrigerator_01/model.config
[1.264s] -- Up-to-date symlink: /home/ziad/ziad_ws/ROS2/work_space/install/yahboom_rosmaster_gazebo/share/yahboom_rosmaster_gazebo/models/aws_robomaker_residential_Refrigerator_01/model.sdf
[1.264s] -- Up-to-date symlink: /home/ziad/ziad_ws/ROS2/work_space/install/yahboom_rosmaster_gazebo/share/yahboom_rosmaster_gazebo/models/aws_robomaker_residential_RoomCeiling_01/materials/textures/aws_RoomCeiling_01.png
[1.265s] -- Up-to-date symlink: /home/ziad/ziad_ws/ROS2/work_space/install/yahboom_rosmaster_gazebo/share/yahboom_rosmaster_gazebo/models/aws_robomaker_residential_RoomCeiling_01/meshes/aws_RoomCeiling_01_collision.DAE
[1.265s] -- Up-to-date symlink: /home/ziad/ziad_ws/ROS2/work_space/install/yahboom_rosmaster_gazebo/share/yahboom_rosmaster_gazebo/models/aws_robomaker_residential_RoomCeiling_01/meshes/aws_RoomCeiling_01_visual.DAE
[1.270s] -- Up-to-date symlink: /home/ziad/ziad_ws/ROS2/work_space/install/yahboom_rosmaster_gazebo/share/yahboom_rosmaster_gazebo/models/aws_robomaker_residential_RoomCeiling_01/model.config
[1.270s] -- Up-to-date symlink: /home/ziad/ziad_ws/ROS2/work_space/install/yahboom_rosmaster_gazebo/share/yahboom_rosmaster_gazebo/models/aws_robomaker_residential_RoomCeiling_01/model.sdf
[1.270s] -- Up-to-date symlink: /home/ziad/ziad_ws/ROS2/work_space/install/yahboom_rosmaster_gazebo/share/yahboom_rosmaster_gazebo/models/aws_robomaker_residential_RoomWall_01/materials/textures/aws_RoomWall_01.png
[1.271s] -- Up-to-date symlink: /home/ziad/ziad_ws/ROS2/work_space/install/yahboom_rosmaster_gazebo/share/yahboom_rosmaster_gazebo/models/aws_robomaker_residential_RoomWall_01/meshes/aws_RoomWall_01_collision.DAE
[1.271s] -- Up-to-date symlink: /home/ziad/ziad_ws/ROS2/work_space/install/yahboom_rosmaster_gazebo/share/yahboom_rosmaster_gazebo/models/aws_robomaker_residential_RoomWall_01/meshes/aws_RoomWall_01_visual.DAE
[1.271s] -- Up-to-date symlink: /home/ziad/ziad_ws/ROS2/work_space/install/yahboom_rosmaster_gazebo/share/yahboom_rosmaster_gazebo/models/aws_robomaker_residential_RoomWall_01/model.config
[1.271s] -- Up-to-date symlink: /home/ziad/ziad_ws/ROS2/work_space/install/yahboom_rosmaster_gazebo/share/yahboom_rosmaster_gazebo/models/aws_robomaker_residential_RoomWall_01/model.sdf
[1.271s] -- Up-to-date symlink: /home/ziad/ziad_ws/ROS2/work_space/install/yahboom_rosmaster_gazebo/share/yahboom_rosmaster_gazebo/models/aws_robomaker_residential_RoomWindow_01/materials/textures/aws_RoomWindow_01.png
[1.271s] -- Up-to-date symlink: /home/ziad/ziad_ws/ROS2/work_space/install/yahboom_rosmaster_gazebo/share/yahboom_rosmaster_gazebo/models/aws_robomaker_residential_RoomWindow_01/meshes/aws_RoomWindow_01_collision.DAE
[1.272s] -- Up-to-date symlink: /home/ziad/ziad_ws/ROS2/work_space/install/yahboom_rosmaster_gazebo/share/yahboom_rosmaster_gazebo/models/aws_robomaker_residential_RoomWindow_01/meshes/aws_RoomWindow_01_visual.DAE
[1.272s] -- Up-to-date symlink: /home/ziad/ziad_ws/ROS2/work_space/install/yahboom_rosmaster_gazebo/share/yahboom_rosmaster_gazebo/models/aws_robomaker_residential_RoomWindow_01/model.config
[1.285s] -- Up-to-date symlink: /home/ziad/ziad_ws/ROS2/work_space/install/yahboom_rosmaster_gazebo/share/yahboom_rosmaster_gazebo/models/aws_robomaker_residential_RoomWindow_01/model.sdf
[1.285s] -- Up-to-date symlink: /home/ziad/ziad_ws/ROS2/work_space/install/yahboom_rosmaster_gazebo/share/yahboom_rosmaster_gazebo/models/aws_robomaker_residential_SeasoningBox_01/materials/textures/aws_SeasoningBox_01.png
[1.288s] -- Up-to-date symlink: /home/ziad/ziad_ws/ROS2/work_space/install/yahboom_rosmaster_gazebo/share/yahboom_rosmaster_gazebo/models/aws_robomaker_residential_SeasoningBox_01/meshes/aws_SeasoningBox_01_collision.DAE
[1.288s] -- Up-to-date symlink: /home/ziad/ziad_ws/ROS2/work_space/install/yahboom_rosmaster_gazebo/share/yahboom_rosmaster_gazebo/models/aws_robomaker_residential_SeasoningBox_01/meshes/aws_SeasoningBox_01_visual.DAE
[1.288s] -- Up-to-date symlink: /home/ziad/ziad_ws/ROS2/work_space/install/yahboom_rosmaster_gazebo/share/yahboom_rosmaster_gazebo/models/aws_robomaker_residential_SeasoningBox_01/model.config
[1.288s] -- Up-to-date symlink: /home/ziad/ziad_ws/ROS2/work_space/install/yahboom_rosmaster_gazebo/share/yahboom_rosmaster_gazebo/models/aws_robomaker_residential_SeasoningBox_01/model.sdf
[1.288s] -- Up-to-date symlink: /home/ziad/ziad_ws/ROS2/work_space/install/yahboom_rosmaster_gazebo/share/yahboom_rosmaster_gazebo/models/aws_robomaker_residential_SecurityCamera_01/materials/textures/aws_SecurityCamera_01.png
[1.292s] -- Up-to-date symlink: /home/ziad/ziad_ws/ROS2/work_space/install/yahboom_rosmaster_gazebo/share/yahboom_rosmaster_gazebo/models/aws_robomaker_residential_SecurityCamera_01/meshes/aws_SecurityCamera_01_collision.DAE
[1.295s] -- Up-to-date symlink: /home/ziad/ziad_ws/ROS2/work_space/install/yahboom_rosmaster_gazebo/share/yahboom_rosmaster_gazebo/models/aws_robomaker_residential_SecurityCamera_01/meshes/aws_SecurityCamera_01_visual.DAE
[1.303s] -- Up-to-date symlink: /home/ziad/ziad_ws/ROS2/work_space/install/yahboom_rosmaster_gazebo/share/yahboom_rosmaster_gazebo/models/aws_robomaker_residential_SecurityCamera_01/model.config
[1.303s] -- Up-to-date symlink: /home/ziad/ziad_ws/ROS2/work_space/install/yahboom_rosmaster_gazebo/share/yahboom_rosmaster_gazebo/models/aws_robomaker_residential_SecurityCamera_01/model.sdf
[1.304s] -- Up-to-date symlink: /home/ziad/ziad_ws/ROS2/work_space/install/yahboom_rosmaster_gazebo/share/yahboom_rosmaster_gazebo/models/aws_robomaker_residential_ShoeRack_01/materials/textures/aws_ShoeRack_01.png
[1.313s] -- Up-to-date symlink: /home/ziad/ziad_ws/ROS2/work_space/install/yahboom_rosmaster_gazebo/share/yahboom_rosmaster_gazebo/models/aws_robomaker_residential_ShoeRack_01/meshes/aws_ShoeRack_01_collision.DAE
[1.313s] -- Up-to-date symlink: /home/ziad/ziad_ws/ROS2/work_space/install/yahboom_rosmaster_gazebo/share/yahboom_rosmaster_gazebo/models/aws_robomaker_residential_ShoeRack_01/meshes/aws_ShoeRack_01_visual.DAE
[1.313s] -- Up-to-date symlink: /home/ziad/ziad_ws/ROS2/work_space/install/yahboom_rosmaster_gazebo/share/yahboom_rosmaster_gazebo/models/aws_robomaker_residential_ShoeRack_01/model.config
[1.314s] -- Up-to-date symlink: /home/ziad/ziad_ws/ROS2/work_space/install/yahboom_rosmaster_gazebo/share/yahboom_rosmaster_gazebo/models/aws_robomaker_residential_ShoeRack_01/model.sdf
[1.314s] -- Up-to-date symlink: /home/ziad/ziad_ws/ROS2/work_space/install/yahboom_rosmaster_gazebo/share/yahboom_rosmaster_gazebo/models/aws_robomaker_residential_SofaB_01/materials/textures/aws_SofaB_01.png
[1.315s] -- Up-to-date symlink: /home/ziad/ziad_ws/ROS2/work_space/install/yahboom_rosmaster_gazebo/share/yahboom_rosmaster_gazebo/models/aws_robomaker_residential_SofaB_01/meshes/aws_SofaB_01_collision.DAE
[1.319s] -- Up-to-date symlink: /home/ziad/ziad_ws/ROS2/work_space/install/yahboom_rosmaster_gazebo/share/yahboom_rosmaster_gazebo/models/aws_robomaker_residential_SofaB_01/meshes/aws_SofaB_01_visual.DAE
[1.322s] -- Up-to-date symlink: /home/ziad/ziad_ws/ROS2/work_space/install/yahboom_rosmaster_gazebo/share/yahboom_rosmaster_gazebo/models/aws_robomaker_residential_SofaB_01/model.config
[1.323s] -- Up-to-date symlink: /home/ziad/ziad_ws/ROS2/work_space/install/yahboom_rosmaster_gazebo/share/yahboom_rosmaster_gazebo/models/aws_robomaker_residential_SofaB_01/model.sdf
[1.323s] -- Up-to-date symlink: /home/ziad/ziad_ws/ROS2/work_space/install/yahboom_rosmaster_gazebo/share/yahboom_rosmaster_gazebo/models/aws_robomaker_residential_SofaC_01/materials/textures/aws_SofaC_01.png
[1.325s] -- Up-to-date symlink: /home/ziad/ziad_ws/ROS2/work_space/install/yahboom_rosmaster_gazebo/share/yahboom_rosmaster_gazebo/models/aws_robomaker_residential_SofaC_01/meshes/aws_SofaC_01_collision.DAE
[1.332s] -- Up-to-date symlink: /home/ziad/ziad_ws/ROS2/work_space/install/yahboom_rosmaster_gazebo/share/yahboom_rosmaster_gazebo/models/aws_robomaker_residential_SofaC_01/meshes/aws_SofaC_01_visual.DAE
[1.333s] -- Up-to-date symlink: /home/ziad/ziad_ws/ROS2/work_space/install/yahboom_rosmaster_gazebo/share/yahboom_rosmaster_gazebo/models/aws_robomaker_residential_SofaC_01/model.config
[1.339s] -- Up-to-date symlink: /home/ziad/ziad_ws/ROS2/work_space/install/yahboom_rosmaster_gazebo/share/yahboom_rosmaster_gazebo/models/aws_robomaker_residential_SofaC_01/model.sdf
[1.344s] -- Up-to-date symlink: /home/ziad/ziad_ws/ROS2/work_space/install/yahboom_rosmaster_gazebo/share/yahboom_rosmaster_gazebo/models/aws_robomaker_residential_Sofa_01/materials/textures/aws_Sofa_01.png
[1.344s] -- Up-to-date symlink: /home/ziad/ziad_ws/ROS2/work_space/install/yahboom_rosmaster_gazebo/share/yahboom_rosmaster_gazebo/models/aws_robomaker_residential_Sofa_01/meshes/aws_Sofa_01.DAE
[1.344s] -- Up-to-date symlink: /home/ziad/ziad_ws/ROS2/work_space/install/yahboom_rosmaster_gazebo/share/yahboom_rosmaster_gazebo/models/aws_robomaker_residential_Sofa_01/meshes/aws_Sofa_01_collision.DAE
[1.345s] -- Up-to-date symlink: /home/ziad/ziad_ws/ROS2/work_space/install/yahboom_rosmaster_gazebo/share/yahboom_rosmaster_gazebo/models/aws_robomaker_residential_Sofa_01/meshes/aws_Sofa_01_visual.DAE
[1.353s] -- Up-to-date symlink: /home/ziad/ziad_ws/ROS2/work_space/install/yahboom_rosmaster_gazebo/share/yahboom_rosmaster_gazebo/models/aws_robomaker_residential_Sofa_01/model.config
[1.353s] -- Up-to-date symlink: /home/ziad/ziad_ws/ROS2/work_space/install/yahboom_rosmaster_gazebo/share/yahboom_rosmaster_gazebo/models/aws_robomaker_residential_Sofa_01/model.sdf
[1.353s] -- Up-to-date symlink: /home/ziad/ziad_ws/ROS2/work_space/install/yahboom_rosmaster_gazebo/share/yahboom_rosmaster_gazebo/models/aws_robomaker_residential_TVCabinet_01/materials/textures/aws_TVCabinet_01.png
[1.353s] -- Up-to-date symlink: /home/ziad/ziad_ws/ROS2/work_space/install/yahboom_rosmaster_gazebo/share/yahboom_rosmaster_gazebo/models/aws_robomaker_residential_TVCabinet_01/meshes/aws_TVCabinet_01_collision.DAE
[1.359s] -- Up-to-date symlink: /home/ziad/ziad_ws/ROS2/work_space/install/yahboom_rosmaster_gazebo/share/yahboom_rosmaster_gazebo/models/aws_robomaker_residential_TVCabinet_01/meshes/aws_TVCabinet_01_visual.DAE
[1.360s] -- Up-to-date symlink: /home/ziad/ziad_ws/ROS2/work_space/install/yahboom_rosmaster_gazebo/share/yahboom_rosmaster_gazebo/models/aws_robomaker_residential_TVCabinet_01/model.config
[1.362s] -- Up-to-date symlink: /home/ziad/ziad_ws/ROS2/work_space/install/yahboom_rosmaster_gazebo/share/yahboom_rosmaster_gazebo/models/aws_robomaker_residential_TVCabinet_01/model.sdf
[1.363s] -- Up-to-date symlink: /home/ziad/ziad_ws/ROS2/work_space/install/yahboom_rosmaster_gazebo/share/yahboom_rosmaster_gazebo/models/aws_robomaker_residential_TV_01/materials/textures/aws_TV_01.png
[1.369s] -- Up-to-date symlink: /home/ziad/ziad_ws/ROS2/work_space/install/yahboom_rosmaster_gazebo/share/yahboom_rosmaster_gazebo/models/aws_robomaker_residential_TV_01/meshes/aws_TV_01_collision.DAE
[1.376s] -- Up-to-date symlink: /home/ziad/ziad_ws/ROS2/work_space/install/yahboom_rosmaster_gazebo/share/yahboom_rosmaster_gazebo/models/aws_robomaker_residential_TV_01/meshes/aws_TV_01_visual.DAE
[1.376s] -- Up-to-date symlink: /home/ziad/ziad_ws/ROS2/work_space/install/yahboom_rosmaster_gazebo/share/yahboom_rosmaster_gazebo/models/aws_robomaker_residential_TV_01/model.config
[1.376s] -- Up-to-date symlink: /home/ziad/ziad_ws/ROS2/work_space/install/yahboom_rosmaster_gazebo/share/yahboom_rosmaster_gazebo/models/aws_robomaker_residential_TV_01/model.sdf
[1.376s] -- Up-to-date symlink: /home/ziad/ziad_ws/ROS2/work_space/install/yahboom_rosmaster_gazebo/share/yahboom_rosmaster_gazebo/models/aws_robomaker_residential_TV_02/materials/textures/aws_TV_01.png
[1.377s] -- Up-to-date symlink: /home/ziad/ziad_ws/ROS2/work_space/install/yahboom_rosmaster_gazebo/share/yahboom_rosmaster_gazebo/models/aws_robomaker_residential_TV_02/meshes/aws_TV_01_collision.DAE
[1.378s] -- Up-to-date symlink: /home/ziad/ziad_ws/ROS2/work_space/install/yahboom_rosmaster_gazebo/share/yahboom_rosmaster_gazebo/models/aws_robomaker_residential_TV_02/meshes/aws_TV_01_visual.DAE
[1.382s] -- Up-to-date symlink: /home/ziad/ziad_ws/ROS2/work_space/install/yahboom_rosmaster_gazebo/share/yahboom_rosmaster_gazebo/models/aws_robomaker_residential_TV_02/model.config
[1.384s] -- Up-to-date symlink: /home/ziad/ziad_ws/ROS2/work_space/install/yahboom_rosmaster_gazebo/share/yahboom_rosmaster_gazebo/models/aws_robomaker_residential_TV_02/model.sdf
[1.384s] -- Up-to-date symlink: /home/ziad/ziad_ws/ROS2/work_space/install/yahboom_rosmaster_gazebo/share/yahboom_rosmaster_gazebo/models/aws_robomaker_residential_Tablet_01/.DS_Store
[1.391s] -- Up-to-date symlink: /home/ziad/ziad_ws/ROS2/work_space/install/yahboom_rosmaster_gazebo/share/yahboom_rosmaster_gazebo/models/aws_robomaker_residential_Tablet_01/materials/.DS_Store
[1.395s] -- Up-to-date symlink: /home/ziad/ziad_ws/ROS2/work_space/install/yahboom_rosmaster_gazebo/share/yahboom_rosmaster_gazebo/models/aws_robomaker_residential_Tablet_01/materials/textures/aws_Tablet_01_nologo.png
[1.395s] -- Up-to-date symlink: /home/ziad/ziad_ws/ROS2/work_space/install/yahboom_rosmaster_gazebo/share/yahboom_rosmaster_gazebo/models/aws_robomaker_residential_Tablet_01/meshes/aws_Tablet_01_collision.DAE
[1.395s] -- Up-to-date symlink: /home/ziad/ziad_ws/ROS2/work_space/install/yahboom_rosmaster_gazebo/share/yahboom_rosmaster_gazebo/models/aws_robomaker_residential_Tablet_01/meshes/aws_Tablet_01_visual.DAE
[1.395s] -- Up-to-date symlink: /home/ziad/ziad_ws/ROS2/work_space/install/yahboom_rosmaster_gazebo/share/yahboom_rosmaster_gazebo/models/aws_robomaker_residential_Tablet_01/model.config
[1.401s] -- Up-to-date symlink: /home/ziad/ziad_ws/ROS2/work_space/install/yahboom_rosmaster_gazebo/share/yahboom_rosmaster_gazebo/models/aws_robomaker_residential_Tablet_01/model.sdf
[1.401s] -- Up-to-date symlink: /home/ziad/ziad_ws/ROS2/work_space/install/yahboom_rosmaster_gazebo/share/yahboom_rosmaster_gazebo/models/aws_robomaker_residential_Tableware_01/materials/textures/aws_Tableware_01.png
[1.410s] -- Up-to-date symlink: /home/ziad/ziad_ws/ROS2/work_space/install/yahboom_rosmaster_gazebo/share/yahboom_rosmaster_gazebo/models/aws_robomaker_residential_Tableware_01/meshes/aws_Tableware_01_collision.DAE
[1.410s] -- Up-to-date symlink: /home/ziad/ziad_ws/ROS2/work_space/install/yahboom_rosmaster_gazebo/share/yahboom_rosmaster_gazebo/models/aws_robomaker_residential_Tableware_01/meshes/aws_Tableware_01_visual.DAE
[1.411s] -- Up-to-date symlink: /home/ziad/ziad_ws/ROS2/work_space/install/yahboom_rosmaster_gazebo/share/yahboom_rosmaster_gazebo/models/aws_robomaker_residential_Tableware_01/model.config
[1.411s] -- Up-to-date symlink: /home/ziad/ziad_ws/ROS2/work_space/install/yahboom_rosmaster_gazebo/share/yahboom_rosmaster_gazebo/models/aws_robomaker_residential_Tableware_01/model.sdf
[1.412s] -- Up-to-date symlink: /home/ziad/ziad_ws/ROS2/work_space/install/yahboom_rosmaster_gazebo/share/yahboom_rosmaster_gazebo/models/aws_robomaker_residential_Trash_01/materials/textures/aws_Trash_01.png
[1.414s] -- Up-to-date symlink: /home/ziad/ziad_ws/ROS2/work_space/install/yahboom_rosmaster_gazebo/share/yahboom_rosmaster_gazebo/models/aws_robomaker_residential_Trash_01/meshes/aws_Trash_01_collision.DAE
[1.414s] -- Up-to-date symlink: /home/ziad/ziad_ws/ROS2/work_space/install/yahboom_rosmaster_gazebo/share/yahboom_rosmaster_gazebo/models/aws_robomaker_residential_Trash_01/meshes/aws_Trash_01_visual.DAE
[1.422s] -- Up-to-date symlink: /home/ziad/ziad_ws/ROS2/work_space/install/yahboom_rosmaster_gazebo/share/yahboom_rosmaster_gazebo/models/aws_robomaker_residential_Trash_01/model.config
[1.423s] -- Up-to-date symlink: /home/ziad/ziad_ws/ROS2/work_space/install/yahboom_rosmaster_gazebo/share/yahboom_rosmaster_gazebo/models/aws_robomaker_residential_Trash_01/model.sdf
[1.424s] -- Up-to-date symlink: /home/ziad/ziad_ws/ROS2/work_space/install/yahboom_rosmaster_gazebo/share/yahboom_rosmaster_gazebo/models/aws_robomaker_residential_Vase_01/materials/textures/aws_Vase_01.png
[1.426s] -- Up-to-date symlink: /home/ziad/ziad_ws/ROS2/work_space/install/yahboom_rosmaster_gazebo/share/yahboom_rosmaster_gazebo/models/aws_robomaker_residential_Vase_01/meshes/aws_Vase_01_collision.DAE
[1.426s] -- Up-to-date symlink: /home/ziad/ziad_ws/ROS2/work_space/install/yahboom_rosmaster_gazebo/share/yahboom_rosmaster_gazebo/models/aws_robomaker_residential_Vase_01/meshes/aws_Vase_01_visual.DAE
[1.426s] -- Up-to-date symlink: /home/ziad/ziad_ws/ROS2/work_space/install/yahboom_rosmaster_gazebo/share/yahboom_rosmaster_gazebo/models/aws_robomaker_residential_Vase_01/model.config
[1.426s] -- Up-to-date symlink: /home/ziad/ziad_ws/ROS2/work_space/install/yahboom_rosmaster_gazebo/share/yahboom_rosmaster_gazebo/models/aws_robomaker_residential_Vase_01/model.sdf
[1.427s] -- Up-to-date symlink: /home/ziad/ziad_ws/ROS2/work_space/install/yahboom_rosmaster_gazebo/share/yahboom_rosmaster_gazebo/models/aws_robomaker_residential_Wardrobe_01/materials/textures/aws_Wardrobe_01.png
[1.427s] -- Up-to-date symlink: /home/ziad/ziad_ws/ROS2/work_space/install/yahboom_rosmaster_gazebo/share/yahboom_rosmaster_gazebo/models/aws_robomaker_residential_Wardrobe_01/meshes/aws_Wardrobe_01_collision.DAE
[1.428s] -- Up-to-date symlink: /home/ziad/ziad_ws/ROS2/work_space/install/yahboom_rosmaster_gazebo/share/yahboom_rosmaster_gazebo/models/aws_robomaker_residential_Wardrobe_01/meshes/aws_Wardrobe_01_visual.DAE
[1.435s] -- Up-to-date symlink: /home/ziad/ziad_ws/ROS2/work_space/install/yahboom_rosmaster_gazebo/share/yahboom_rosmaster_gazebo/models/aws_robomaker_residential_Wardrobe_01/model.config
[1.435s] -- Up-to-date symlink: /home/ziad/ziad_ws/ROS2/work_space/install/yahboom_rosmaster_gazebo/share/yahboom_rosmaster_gazebo/models/aws_robomaker_residential_Wardrobe_01/model.sdf
[1.439s] -- Up-to-date symlink: /home/ziad/ziad_ws/ROS2/work_space/install/yahboom_rosmaster_gazebo/share/yahboom_rosmaster_gazebo/models/aws_robomaker_warehouse_Bucket_01/.DS_Store
[1.440s] -- Up-to-date symlink: /home/ziad/ziad_ws/ROS2/work_space/install/yahboom_rosmaster_gazebo/share/yahboom_rosmaster_gazebo/models/aws_robomaker_warehouse_Bucket_01/materials/.DS_Store
[1.440s] -- Up-to-date symlink: /home/ziad/ziad_ws/ROS2/work_space/install/yahboom_rosmaster_gazebo/share/yahboom_rosmaster_gazebo/models/aws_robomaker_warehouse_Bucket_01/materials/textures/aws_robomaker_warehouse_Bucket_01.png
[1.441s] -- Up-to-date symlink: /home/ziad/ziad_ws/ROS2/work_space/install/yahboom_rosmaster_gazebo/share/yahboom_rosmaster_gazebo/models/aws_robomaker_warehouse_Bucket_01/meshes/aws_robomaker_warehouse_Bucket_01_collision.DAE
[1.447s] -- Up-to-date symlink: /home/ziad/ziad_ws/ROS2/work_space/install/yahboom_rosmaster_gazebo/share/yahboom_rosmaster_gazebo/models/aws_robomaker_warehouse_Bucket_01/meshes/aws_robomaker_warehouse_Bucket_01_visual.DAE
[1.449s] -- Up-to-date symlink: /home/ziad/ziad_ws/ROS2/work_space/install/yahboom_rosmaster_gazebo/share/yahboom_rosmaster_gazebo/models/aws_robomaker_warehouse_Bucket_01/model.config
[1.449s] -- Up-to-date symlink: /home/ziad/ziad_ws/ROS2/work_space/install/yahboom_rosmaster_gazebo/share/yahboom_rosmaster_gazebo/models/aws_robomaker_warehouse_Bucket_01/model.sdf
[1.450s] -- Up-to-date symlink: /home/ziad/ziad_ws/ROS2/work_space/install/yahboom_rosmaster_gazebo/share/yahboom_rosmaster_gazebo/models/aws_robomaker_warehouse_ClutteringA_01/.DS_Store
[1.450s] -- Up-to-date symlink: /home/ziad/ziad_ws/ROS2/work_space/install/yahboom_rosmaster_gazebo/share/yahboom_rosmaster_gazebo/models/aws_robomaker_warehouse_ClutteringA_01/materials/.DS_Store
[1.450s] -- Up-to-date symlink: /home/ziad/ziad_ws/ROS2/work_space/install/yahboom_rosmaster_gazebo/share/yahboom_rosmaster_gazebo/models/aws_robomaker_warehouse_ClutteringA_01/materials/textures/.DS_Store
[1.451s] -- Up-to-date symlink: /home/ziad/ziad_ws/ROS2/work_space/install/yahboom_rosmaster_gazebo/share/yahboom_rosmaster_gazebo/models/aws_robomaker_warehouse_ClutteringA_01/materials/textures/aws_robomaker_warehouse_ClutteringA_01.png
[1.451s] -- Up-to-date symlink: /home/ziad/ziad_ws/ROS2/work_space/install/yahboom_rosmaster_gazebo/share/yahboom_rosmaster_gazebo/models/aws_robomaker_warehouse_ClutteringA_01/materials/textures/aws_robomaker_warehouse_ClutteringA_02.png
[1.451s] -- Up-to-date symlink: /home/ziad/ziad_ws/ROS2/work_space/install/yahboom_rosmaster_gazebo/share/yahboom_rosmaster_gazebo/models/aws_robomaker_warehouse_ClutteringA_01/materials/textures/aws_robomaker_warehouse_ClutteringA_03.png
[1.455s] -- Up-to-date symlink: /home/ziad/ziad_ws/ROS2/work_space/install/yahboom_rosmaster_gazebo/share/yahboom_rosmaster_gazebo/models/aws_robomaker_warehouse_ClutteringA_01/meshes/aws_robomaker_warehouse_ClutteringA_01_collision.DAE
[1.455s] -- Up-to-date symlink: /home/ziad/ziad_ws/ROS2/work_space/install/yahboom_rosmaster_gazebo/share/yahboom_rosmaster_gazebo/models/aws_robomaker_warehouse_ClutteringA_01/meshes/aws_robomaker_warehouse_ClutteringA_01_visual.DAE
[1.462s] -- Up-to-date symlink: /home/ziad/ziad_ws/ROS2/work_space/install/yahboom_rosmaster_gazebo/share/yahboom_rosmaster_gazebo/models/aws_robomaker_warehouse_ClutteringA_01/model.config
[1.462s] -- Up-to-date symlink: /home/ziad/ziad_ws/ROS2/work_space/install/yahboom_rosmaster_gazebo/share/yahboom_rosmaster_gazebo/models/aws_robomaker_warehouse_ClutteringA_01/model.sdf
[1.462s] -- Up-to-date symlink: /home/ziad/ziad_ws/ROS2/work_space/install/yahboom_rosmaster_gazebo/share/yahboom_rosmaster_gazebo/models/aws_robomaker_warehouse_ClutteringC_01/materials/textures/aws_robomaker_warehouse_ClutteringC_01.png
[1.463s] -- Up-to-date symlink: /home/ziad/ziad_ws/ROS2/work_space/install/yahboom_rosmaster_gazebo/share/yahboom_rosmaster_gazebo/models/aws_robomaker_warehouse_ClutteringC_01/materials/textures/aws_robomaker_warehouse_ClutteringC_02.png
[1.463s] -- Up-to-date symlink: /home/ziad/ziad_ws/ROS2/work_space/install/yahboom_rosmaster_gazebo/share/yahboom_rosmaster_gazebo/models/aws_robomaker_warehouse_ClutteringC_01/meshes/aws_robomaker_warehouse_ClutteringC_01_collision.DAE
[1.463s] -- Up-to-date symlink: /home/ziad/ziad_ws/ROS2/work_space/install/yahboom_rosmaster_gazebo/share/yahboom_rosmaster_gazebo/models/aws_robomaker_warehouse_ClutteringC_01/meshes/aws_robomaker_warehouse_ClutteringC_01_visual.DAE
[1.466s] -- Up-to-date symlink: /home/ziad/ziad_ws/ROS2/work_space/install/yahboom_rosmaster_gazebo/share/yahboom_rosmaster_gazebo/models/aws_robomaker_warehouse_ClutteringC_01/model.config
[1.466s] -- Up-to-date symlink: /home/ziad/ziad_ws/ROS2/work_space/install/yahboom_rosmaster_gazebo/share/yahboom_rosmaster_gazebo/models/aws_robomaker_warehouse_ClutteringC_01/model.sdf
[1.472s] -- Up-to-date symlink: /home/ziad/ziad_ws/ROS2/work_space/install/yahboom_rosmaster_gazebo/share/yahboom_rosmaster_gazebo/models/aws_robomaker_warehouse_ClutteringD_01/materials/textures/aws_robomaker_warehouse_ClutteringD_01.png
[1.472s] -- Up-to-date symlink: /home/ziad/ziad_ws/ROS2/work_space/install/yahboom_rosmaster_gazebo/share/yahboom_rosmaster_gazebo/models/aws_robomaker_warehouse_ClutteringD_01/materials/textures/aws_robomaker_warehouse_ClutteringD_02.png
[1.472s] -- Up-to-date symlink: /home/ziad/ziad_ws/ROS2/work_space/install/yahboom_rosmaster_gazebo/share/yahboom_rosmaster_gazebo/models/aws_robomaker_warehouse_ClutteringD_01/meshes/aws_robomaker_warehouse_ClutteringD_01_collision.DAE
[1.472s] -- Up-to-date symlink: /home/ziad/ziad_ws/ROS2/work_space/install/yahboom_rosmaster_gazebo/share/yahboom_rosmaster_gazebo/models/aws_robomaker_warehouse_ClutteringD_01/meshes/aws_robomaker_warehouse_ClutteringD_01_visual.DAE
[1.472s] -- Up-to-date symlink: /home/ziad/ziad_ws/ROS2/work_space/install/yahboom_rosmaster_gazebo/share/yahboom_rosmaster_gazebo/models/aws_robomaker_warehouse_ClutteringD_01/model.config
[1.473s] -- Up-to-date symlink: /home/ziad/ziad_ws/ROS2/work_space/install/yahboom_rosmaster_gazebo/share/yahboom_rosmaster_gazebo/models/aws_robomaker_warehouse_ClutteringD_01/model.sdf
[1.473s] -- Up-to-date symlink: /home/ziad/ziad_ws/ROS2/work_space/install/yahboom_rosmaster_gazebo/share/yahboom_rosmaster_gazebo/models/aws_robomaker_warehouse_DeskC_01/materials/.DS_Store
[1.473s] -- Up-to-date symlink: /home/ziad/ziad_ws/ROS2/work_space/install/yahboom_rosmaster_gazebo/share/yahboom_rosmaster_gazebo/models/aws_robomaker_warehouse_DeskC_01/materials/textures/aws_robomaker_warehouse_DeskC_01.png
[1.477s] -- Up-to-date symlink: /home/ziad/ziad_ws/ROS2/work_space/install/yahboom_rosmaster_gazebo/share/yahboom_rosmaster_gazebo/models/aws_robomaker_warehouse_DeskC_01/materials/textures/aws_robomaker_warehouse_DeskC_02.png
[1.477s] -- Up-to-date symlink: /home/ziad/ziad_ws/ROS2/work_space/install/yahboom_rosmaster_gazebo/share/yahboom_rosmaster_gazebo/models/aws_robomaker_warehouse_DeskC_01/materials/textures/aws_robomaker_warehouse_DeskC_03.png
[1.479s] -- Up-to-date symlink: /home/ziad/ziad_ws/ROS2/work_space/install/yahboom_rosmaster_gazebo/share/yahboom_rosmaster_gazebo/models/aws_robomaker_warehouse_DeskC_01/materials/textures/aws_robomaker_warehouse_DeskC_03.psd
[1.483s] -- Up-to-date symlink: /home/ziad/ziad_ws/ROS2/work_space/install/yahboom_rosmaster_gazebo/share/yahboom_rosmaster_gazebo/models/aws_robomaker_warehouse_DeskC_01/materials/textures/aws_robomaker_warehouse_DeskC_04.png
[1.483s] -- Up-to-date symlink: /home/ziad/ziad_ws/ROS2/work_space/install/yahboom_rosmaster_gazebo/share/yahboom_rosmaster_gazebo/models/aws_robomaker_warehouse_DeskC_01/meshes/aws_robomaker_warehouse_DeskC_01_collision.DAE
[1.485s] -- Up-to-date symlink: /home/ziad/ziad_ws/ROS2/work_space/install/yahboom_rosmaster_gazebo/share/yahboom_rosmaster_gazebo/models/aws_robomaker_warehouse_DeskC_01/meshes/aws_robomaker_warehouse_DeskC_01_visual.DAE
[1.485s] -- Up-to-date symlink: /home/ziad/ziad_ws/ROS2/work_space/install/yahboom_rosmaster_gazebo/share/yahboom_rosmaster_gazebo/models/aws_robomaker_warehouse_DeskC_01/model.config
[1.485s] -- Up-to-date symlink: /home/ziad/ziad_ws/ROS2/work_space/install/yahboom_rosmaster_gazebo/share/yahboom_rosmaster_gazebo/models/aws_robomaker_warehouse_DeskC_01/model.sdf
[1.485s] -- Up-to-date symlink: /home/ziad/ziad_ws/ROS2/work_space/install/yahboom_rosmaster_gazebo/share/yahboom_rosmaster_gazebo/models/aws_robomaker_warehouse_GroundB_01/materials/textures/aws_robomaker_warehouse_GroundB_01.png
[1.486s] -- Up-to-date symlink: /home/ziad/ziad_ws/ROS2/work_space/install/yahboom_rosmaster_gazebo/share/yahboom_rosmaster_gazebo/models/aws_robomaker_warehouse_GroundB_01/materials/textures/aws_robomaker_warehouse_GroundB_02.png
[1.486s] -- Up-to-date symlink: /home/ziad/ziad_ws/ROS2/work_space/install/yahboom_rosmaster_gazebo/share/yahboom_rosmaster_gazebo/models/aws_robomaker_warehouse_GroundB_01/meshes/aws_robomaker_warehouse_GroundB_01_collision.DAE
[1.490s] -- Up-to-date symlink: /home/ziad/ziad_ws/ROS2/work_space/install/yahboom_rosmaster_gazebo/share/yahboom_rosmaster_gazebo/models/aws_robomaker_warehouse_GroundB_01/meshes/aws_robomaker_warehouse_GroundB_01_visual.DAE
[1.491s] -- Up-to-date symlink: /home/ziad/ziad_ws/ROS2/work_space/install/yahboom_rosmaster_gazebo/share/yahboom_rosmaster_gazebo/models/aws_robomaker_warehouse_GroundB_01/model.config
[1.491s] -- Up-to-date symlink: /home/ziad/ziad_ws/ROS2/work_space/install/yahboom_rosmaster_gazebo/share/yahboom_rosmaster_gazebo/models/aws_robomaker_warehouse_GroundB_01/model.sdf
[1.496s] -- Up-to-date symlink: /home/ziad/ziad_ws/ROS2/work_space/install/yahboom_rosmaster_gazebo/share/yahboom_rosmaster_gazebo/models/aws_robomaker_warehouse_Lamp_01/materials/textures/aws_robomaker_warehouse_Lamp_01.png
[1.496s] -- Up-to-date symlink: /home/ziad/ziad_ws/ROS2/work_space/install/yahboom_rosmaster_gazebo/share/yahboom_rosmaster_gazebo/models/aws_robomaker_warehouse_Lamp_01/meshes/aws_robomaker_warehouse_Lamp_01_collision.DAE
[1.496s] -- Up-to-date symlink: /home/ziad/ziad_ws/ROS2/work_space/install/yahboom_rosmaster_gazebo/share/yahboom_rosmaster_gazebo/models/aws_robomaker_warehouse_Lamp_01/meshes/aws_robomaker_warehouse_Lamp_01_visual.DAE
[1.502s] -- Up-to-date symlink: /home/ziad/ziad_ws/ROS2/work_space/install/yahboom_rosmaster_gazebo/share/yahboom_rosmaster_gazebo/models/aws_robomaker_warehouse_Lamp_01/model.config
[1.502s] -- Up-to-date symlink: /home/ziad/ziad_ws/ROS2/work_space/install/yahboom_rosmaster_gazebo/share/yahboom_rosmaster_gazebo/models/aws_robomaker_warehouse_Lamp_01/model.sdf
[1.502s] -- Up-to-date symlink: /home/ziad/ziad_ws/ROS2/work_space/install/yahboom_rosmaster_gazebo/share/yahboom_rosmaster_gazebo/models/aws_robomaker_warehouse_PalletJackB_01/.DS_Store
[1.503s] -- Up-to-date symlink: /home/ziad/ziad_ws/ROS2/work_space/install/yahboom_rosmaster_gazebo/share/yahboom_rosmaster_gazebo/models/aws_robomaker_warehouse_PalletJackB_01/materials/.DS_Store
[1.503s] -- Up-to-date symlink: /home/ziad/ziad_ws/ROS2/work_space/install/yahboom_rosmaster_gazebo/share/yahboom_rosmaster_gazebo/models/aws_robomaker_warehouse_PalletJackB_01/materials/textures/aws_robomaker_warehouse_PalletJackB_01.png
[1.503s] -- Up-to-date symlink: /home/ziad/ziad_ws/ROS2/work_space/install/yahboom_rosmaster_gazebo/share/yahboom_rosmaster_gazebo/models/aws_robomaker_warehouse_PalletJackB_01/materials/textures/aws_robomaker_warehouse_PalletJackB_02.png
[1.503s] -- Up-to-date symlink: /home/ziad/ziad_ws/ROS2/work_space/install/yahboom_rosmaster_gazebo/share/yahboom_rosmaster_gazebo/models/aws_robomaker_warehouse_PalletJackB_01/meshes/aws_robomaker_warehouse_PalletJackB_01_collision.DAE
[1.513s] -- Up-to-date symlink: /home/ziad/ziad_ws/ROS2/work_space/install/yahboom_rosmaster_gazebo/share/yahboom_rosmaster_gazebo/models/aws_robomaker_warehouse_PalletJackB_01/meshes/aws_robomaker_warehouse_PalletJackB_01_visual.DAE
[1.513s] -- Up-to-date symlink: /home/ziad/ziad_ws/ROS2/work_space/install/yahboom_rosmaster_gazebo/share/yahboom_rosmaster_gazebo/models/aws_robomaker_warehouse_PalletJackB_01/model.config
[1.514s] -- Up-to-date symlink: /home/ziad/ziad_ws/ROS2/work_space/install/yahboom_rosmaster_gazebo/share/yahboom_rosmaster_gazebo/models/aws_robomaker_warehouse_PalletJackB_01/model.sdf
[1.514s] -- Up-to-date symlink: /home/ziad/ziad_ws/ROS2/work_space/install/yahboom_rosmaster_gazebo/share/yahboom_rosmaster_gazebo/models/aws_robomaker_warehouse_RoofB_01/materials/textures/aws_robomaker_warehouse_RoofB_01.png
[1.514s] -- Up-to-date symlink: /home/ziad/ziad_ws/ROS2/work_space/install/yahboom_rosmaster_gazebo/share/yahboom_rosmaster_gazebo/models/aws_robomaker_warehouse_RoofB_01/meshes/aws_robomaker_warehouse_RoofB_01_collision.DAE
[1.514s] -- Up-to-date symlink: /home/ziad/ziad_ws/ROS2/work_space/install/yahboom_rosmaster_gazebo/share/yahboom_rosmaster_gazebo/models/aws_robomaker_warehouse_RoofB_01/meshes/aws_robomaker_warehouse_RoofB_01_visual.DAE
[1.514s] -- Up-to-date symlink: /home/ziad/ziad_ws/ROS2/work_space/install/yahboom_rosmaster_gazebo/share/yahboom_rosmaster_gazebo/models/aws_robomaker_warehouse_RoofB_01/model.config
[1.514s] -- Up-to-date symlink: /home/ziad/ziad_ws/ROS2/work_space/install/yahboom_rosmaster_gazebo/share/yahboom_rosmaster_gazebo/models/aws_robomaker_warehouse_RoofB_01/model.sdf
[1.515s] -- Up-to-date symlink: /home/ziad/ziad_ws/ROS2/work_space/install/yahboom_rosmaster_gazebo/share/yahboom_rosmaster_gazebo/models/aws_robomaker_warehouse_ShelfD_01/materials/textures/aws_robomaker_warehouse_ShelfD_01.png
[1.515s] -- Up-to-date symlink: /home/ziad/ziad_ws/ROS2/work_space/install/yahboom_rosmaster_gazebo/share/yahboom_rosmaster_gazebo/models/aws_robomaker_warehouse_ShelfD_01/materials/textures/aws_robomaker_warehouse_ShelfD_02.png
[1.527s] -- Up-to-date symlink: /home/ziad/ziad_ws/ROS2/work_space/install/yahboom_rosmaster_gazebo/share/yahboom_rosmaster_gazebo/models/aws_robomaker_warehouse_ShelfD_01/materials/textures/aws_robomaker_warehouse_ShelfD_03.png
[1.527s] -- Up-to-date symlink: /home/ziad/ziad_ws/ROS2/work_space/install/yahboom_rosmaster_gazebo/share/yahboom_rosmaster_gazebo/models/aws_robomaker_warehouse_ShelfD_01/materials/textures/aws_robomaker_warehouse_ShelfD_04.png
[1.527s] -- Up-to-date symlink: /home/ziad/ziad_ws/ROS2/work_space/install/yahboom_rosmaster_gazebo/share/yahboom_rosmaster_gazebo/models/aws_robomaker_warehouse_ShelfD_01/meshes/aws_robomaker_warehouse_ShelfD_01_collision.DAE
[1.527s] -- Up-to-date symlink: /home/ziad/ziad_ws/ROS2/work_space/install/yahboom_rosmaster_gazebo/share/yahboom_rosmaster_gazebo/models/aws_robomaker_warehouse_ShelfD_01/meshes/aws_robomaker_warehouse_ShelfD_01_visual.DAE
[1.528s] -- Up-to-date symlink: /home/ziad/ziad_ws/ROS2/work_space/install/yahboom_rosmaster_gazebo/share/yahboom_rosmaster_gazebo/models/aws_robomaker_warehouse_ShelfD_01/model.config
[1.536s] -- Up-to-date symlink: /home/ziad/ziad_ws/ROS2/work_space/install/yahboom_rosmaster_gazebo/share/yahboom_rosmaster_gazebo/models/aws_robomaker_warehouse_ShelfD_01/model.sdf
[1.536s] -- Up-to-date symlink: /home/ziad/ziad_ws/ROS2/work_space/install/yahboom_rosmaster_gazebo/share/yahboom_rosmaster_gazebo/models/aws_robomaker_warehouse_ShelfE_01/.DS_Store
[1.537s] -- Up-to-date symlink: /home/ziad/ziad_ws/ROS2/work_space/install/yahboom_rosmaster_gazebo/share/yahboom_rosmaster_gazebo/models/aws_robomaker_warehouse_ShelfE_01/materials/.DS_Store
[1.537s] -- Up-to-date symlink: /home/ziad/ziad_ws/ROS2/work_space/install/yahboom_rosmaster_gazebo/share/yahboom_rosmaster_gazebo/models/aws_robomaker_warehouse_ShelfE_01/materials/textures/aws_robomaker_warehouse_ShelfE_01.png
[1.537s] -- Up-to-date symlink: /home/ziad/ziad_ws/ROS2/work_space/install/yahboom_rosmaster_gazebo/share/yahboom_rosmaster_gazebo/models/aws_robomaker_warehouse_ShelfE_01/materials/textures/aws_robomaker_warehouse_ShelfE_02.png
[1.537s] -- Up-to-date symlink: /home/ziad/ziad_ws/ROS2/work_space/install/yahboom_rosmaster_gazebo/share/yahboom_rosmaster_gazebo/models/aws_robomaker_warehouse_ShelfE_01/materials/textures/aws_robomaker_warehouse_ShelfE_03.png
[1.538s] -- Up-to-date symlink: /home/ziad/ziad_ws/ROS2/work_space/install/yahboom_rosmaster_gazebo/share/yahboom_rosmaster_gazebo/models/aws_robomaker_warehouse_ShelfE_01/materials/textures/aws_robomaker_warehouse_ShelfE_04.png
[1.542s] -- Up-to-date symlink: /home/ziad/ziad_ws/ROS2/work_space/install/yahboom_rosmaster_gazebo/share/yahboom_rosmaster_gazebo/models/aws_robomaker_warehouse_ShelfE_01/meshes/aws_robomaker_warehouse_ShelfE_01_collision.DAE
[1.543s] -- Up-to-date symlink: /home/ziad/ziad_ws/ROS2/work_space/install/yahboom_rosmaster_gazebo/share/yahboom_rosmaster_gazebo/models/aws_robomaker_warehouse_ShelfE_01/meshes/aws_robomaker_warehouse_ShelfE_01_visual.DAE
[1.552s] -- Up-to-date symlink: /home/ziad/ziad_ws/ROS2/work_space/install/yahboom_rosmaster_gazebo/share/yahboom_rosmaster_gazebo/models/aws_robomaker_warehouse_ShelfE_01/model.config
[1.552s] -- Up-to-date symlink: /home/ziad/ziad_ws/ROS2/work_space/install/yahboom_rosmaster_gazebo/share/yahboom_rosmaster_gazebo/models/aws_robomaker_warehouse_ShelfE_01/model.sdf
[1.552s] -- Up-to-date symlink: /home/ziad/ziad_ws/ROS2/work_space/install/yahboom_rosmaster_gazebo/share/yahboom_rosmaster_gazebo/models/aws_robomaker_warehouse_ShelfF_01/materials/textures/aws_robomaker_warehouse_ShelfF_01.png
[1.552s] -- Up-to-date symlink: /home/ziad/ziad_ws/ROS2/work_space/install/yahboom_rosmaster_gazebo/share/yahboom_rosmaster_gazebo/models/aws_robomaker_warehouse_ShelfF_01/materials/textures/aws_robomaker_warehouse_ShelfF_02.png
[1.552s] -- Up-to-date symlink: /home/ziad/ziad_ws/ROS2/work_space/install/yahboom_rosmaster_gazebo/share/yahboom_rosmaster_gazebo/models/aws_robomaker_warehouse_ShelfF_01/materials/textures/aws_robomaker_warehouse_ShelfF_03.png
[1.553s] -- Up-to-date symlink: /home/ziad/ziad_ws/ROS2/work_space/install/yahboom_rosmaster_gazebo/share/yahboom_rosmaster_gazebo/models/aws_robomaker_warehouse_ShelfF_01/meshes/aws_robomaker_warehouse_ShelfF_01_collision.DAE
[1.553s] -- Up-to-date symlink: /home/ziad/ziad_ws/ROS2/work_space/install/yahboom_rosmaster_gazebo/share/yahboom_rosmaster_gazebo/models/aws_robomaker_warehouse_ShelfF_01/meshes/aws_robomaker_warehouse_ShelfF_01_visual.DAE
[1.558s] -- Up-to-date symlink: /home/ziad/ziad_ws/ROS2/work_space/install/yahboom_rosmaster_gazebo/share/yahboom_rosmaster_gazebo/models/aws_robomaker_warehouse_ShelfF_01/model.config
[1.568s] -- Up-to-date symlink: /home/ziad/ziad_ws/ROS2/work_space/install/yahboom_rosmaster_gazebo/share/yahboom_rosmaster_gazebo/models/aws_robomaker_warehouse_ShelfF_01/model.sdf
[1.568s] -- Up-to-date symlink: /home/ziad/ziad_ws/ROS2/work_space/install/yahboom_rosmaster_gazebo/share/yahboom_rosmaster_gazebo/models/aws_robomaker_warehouse_TrashCanC_01/materials/textures/aws_robomaker_warehouse_TrashCanC_01.png
[1.568s] -- Up-to-date symlink: /home/ziad/ziad_ws/ROS2/work_space/install/yahboom_rosmaster_gazebo/share/yahboom_rosmaster_gazebo/models/aws_robomaker_warehouse_TrashCanC_01/meshes/aws_robomaker_warehouse_TrashCanC_01_collision.DAE
[1.569s] -- Up-to-date symlink: /home/ziad/ziad_ws/ROS2/work_space/install/yahboom_rosmaster_gazebo/share/yahboom_rosmaster_gazebo/models/aws_robomaker_warehouse_TrashCanC_01/meshes/aws_robomaker_warehouse_TrashCanC_01_visual.DAE
[1.569s] -- Up-to-date symlink: /home/ziad/ziad_ws/ROS2/work_space/install/yahboom_rosmaster_gazebo/share/yahboom_rosmaster_gazebo/models/aws_robomaker_warehouse_TrashCanC_01/model.config
[1.569s] -- Up-to-date symlink: /home/ziad/ziad_ws/ROS2/work_space/install/yahboom_rosmaster_gazebo/share/yahboom_rosmaster_gazebo/models/aws_robomaker_warehouse_TrashCanC_01/model.sdf
[1.570s] -- Up-to-date symlink: /home/ziad/ziad_ws/ROS2/work_space/install/yahboom_rosmaster_gazebo/share/yahboom_rosmaster_gazebo/models/aws_robomaker_warehouse_WallB_01/materials/textures/aws_robomaker_warehouse_WallB_01.png
[1.571s] -- Up-to-date symlink: /home/ziad/ziad_ws/ROS2/work_space/install/yahboom_rosmaster_gazebo/share/yahboom_rosmaster_gazebo/models/aws_robomaker_warehouse_WallB_01/meshes/aws_robomaker_warehouse_WallB_01_collision.DAE
[1.571s] -- Up-to-date symlink: /home/ziad/ziad_ws/ROS2/work_space/install/yahboom_rosmaster_gazebo/share/yahboom_rosmaster_gazebo/models/aws_robomaker_warehouse_WallB_01/meshes/aws_robomaker_warehouse_WallB_01_visual.DAE
[1.576s] -- Up-to-date symlink: /home/ziad/ziad_ws/ROS2/work_space/install/yahboom_rosmaster_gazebo/share/yahboom_rosmaster_gazebo/models/aws_robomaker_warehouse_WallB_01/model.config
[1.576s] -- Up-to-date symlink: /home/ziad/ziad_ws/ROS2/work_space/install/yahboom_rosmaster_gazebo/share/yahboom_rosmaster_gazebo/models/aws_robomaker_warehouse_WallB_01/model.sdf
[1.579s] -- Up-to-date symlink: /home/ziad/ziad_ws/ROS2/work_space/install/yahboom_rosmaster_gazebo/share/yahboom_rosmaster_gazebo/models/brown_table/model.config
[1.582s] -- Up-to-date symlink: /home/ziad/ziad_ws/ROS2/work_space/install/yahboom_rosmaster_gazebo/share/yahboom_rosmaster_gazebo/models/brown_table/model.sdf
[1.583s] -- Up-to-date symlink: /home/ziad/ziad_ws/ROS2/work_space/install/yahboom_rosmaster_gazebo/share/yahboom_rosmaster_gazebo/models/cafe/materials/textures/__auto_10.jpg
[1.584s] -- Up-to-date symlink: /home/ziad/ziad_ws/ROS2/work_space/install/yahboom_rosmaster_gazebo/share/yahboom_rosmaster_gazebo/models/cafe/materials/textures/__auto_2.jpg
[1.584s] -- Up-to-date symlink: /home/ziad/ziad_ws/ROS2/work_space/install/yahboom_rosmaster_gazebo/share/yahboom_rosmaster_gazebo/models/cafe/materials/textures/__auto_21.jpg
[1.588s] -- Up-to-date symlink: /home/ziad/ziad_ws/ROS2/work_space/install/yahboom_rosmaster_gazebo/share/yahboom_rosmaster_gazebo/models/cafe/materials/textures/__auto_22.jpg
[1.594s] -- Up-to-date symlink: /home/ziad/ziad_ws/ROS2/work_space/install/yahboom_rosmaster_gazebo/share/yahboom_rosmaster_gazebo/models/cafe/materials/textures/__auto_23.jpg
[1.596s] -- Up-to-date symlink: /home/ziad/ziad_ws/ROS2/work_space/install/yahboom_rosmaster_gazebo/share/yahboom_rosmaster_gazebo/models/cafe/materials/textures/__auto_24.jpg
[1.596s] -- Up-to-date symlink: /home/ziad/ziad_ws/ROS2/work_space/install/yahboom_rosmaster_gazebo/share/yahboom_rosmaster_gazebo/models/cafe/materials/textures/__auto_25.jpg
[1.596s] -- Up-to-date symlink: /home/ziad/ziad_ws/ROS2/work_space/install/yahboom_rosmaster_gazebo/share/yahboom_rosmaster_gazebo/models/cafe/materials/textures/__auto_26.jpg
[1.596s] -- Up-to-date symlink: /home/ziad/ziad_ws/ROS2/work_space/install/yahboom_rosmaster_gazebo/share/yahboom_rosmaster_gazebo/models/cafe/materials/textures/__auto_28.jpg
[1.596s] -- Up-to-date symlink: /home/ziad/ziad_ws/ROS2/work_space/install/yahboom_rosmaster_gazebo/share/yahboom_rosmaster_gazebo/models/cafe/materials/textures/__auto_29.jpg
[1.598s] -- Up-to-date symlink: /home/ziad/ziad_ws/ROS2/work_space/install/yahboom_rosmaster_gazebo/share/yahboom_rosmaster_gazebo/models/cafe/materials/textures/__auto_30.jpg
[1.606s] -- Up-to-date symlink: /home/ziad/ziad_ws/ROS2/work_space/install/yahboom_rosmaster_gazebo/share/yahboom_rosmaster_gazebo/models/cafe/materials/textures/__auto_31.jpg
[1.612s] -- Up-to-date symlink: /home/ziad/ziad_ws/ROS2/work_space/install/yahboom_rosmaster_gazebo/share/yahboom_rosmaster_gazebo/models/cafe/materials/textures/__auto_34.jpg
[1.612s] -- Up-to-date symlink: /home/ziad/ziad_ws/ROS2/work_space/install/yahboom_rosmaster_gazebo/share/yahboom_rosmaster_gazebo/models/cafe/materials/textures/__auto_35.jpg
[1.612s] -- Up-to-date symlink: /home/ziad/ziad_ws/ROS2/work_space/install/yahboom_rosmaster_gazebo/share/yahboom_rosmaster_gazebo/models/cafe/materials/textures/__auto_37.jpg
[1.615s] -- Up-to-date symlink: /home/ziad/ziad_ws/ROS2/work_space/install/yahboom_rosmaster_gazebo/share/yahboom_rosmaster_gazebo/models/cafe/meshes/cafe.dae
[1.621s] -- Up-to-date symlink: /home/ziad/ziad_ws/ROS2/work_space/install/yahboom_rosmaster_gazebo/share/yahboom_rosmaster_gazebo/models/cafe/model.config
[1.621s] -- Up-to-date symlink: /home/ziad/ziad_ws/ROS2/work_space/install/yahboom_rosmaster_gazebo/share/yahboom_rosmaster_gazebo/models/cafe/model.sdf
[1.622s] -- Up-to-date symlink: /home/ziad/ziad_ws/ROS2/work_space/install/yahboom_rosmaster_gazebo/share/yahboom_rosmaster_gazebo/models/cafe_counter/materials/textures/cafe_counter.png
[1.622s] -- Up-to-date symlink: /home/ziad/ziad_ws/ROS2/work_space/install/yahboom_rosmaster_gazebo/share/yahboom_rosmaster_gazebo/models/cafe_counter/meshes/cafe_counter.mtl
[1.623s] -- Up-to-date symlink: /home/ziad/ziad_ws/ROS2/work_space/install/yahboom_rosmaster_gazebo/share/yahboom_rosmaster_gazebo/models/cafe_counter/meshes/cafe_counter.obj
[1.638s] -- Up-to-date symlink: /home/ziad/ziad_ws/ROS2/work_space/install/yahboom_rosmaster_gazebo/share/yahboom_rosmaster_gazebo/models/cafe_counter/meshes/counter_no_sink.obj
[1.639s] -- Up-to-date symlink: /home/ziad/ziad_ws/ROS2/work_space/install/yahboom_rosmaster_gazebo/share/yahboom_rosmaster_gazebo/models/cafe_counter/meshes/counter_sink.obj
[1.639s] -- Up-to-date symlink: /home/ziad/ziad_ws/ROS2/work_space/install/yahboom_rosmaster_gazebo/share/yahboom_rosmaster_gazebo/models/cafe_counter/model.config
[1.640s] -- Up-to-date symlink: /home/ziad/ziad_ws/ROS2/work_space/install/yahboom_rosmaster_gazebo/share/yahboom_rosmaster_gazebo/models/cafe_counter/model.sdf
[1.641s] -- Up-to-date symlink: /home/ziad/ziad_ws/ROS2/work_space/install/yahboom_rosmaster_gazebo/share/yahboom_rosmaster_gazebo/models/cafe_table/materials/textures/Maple.jpg
[1.643s] -- Up-to-date symlink: /home/ziad/ziad_ws/ROS2/work_space/install/yahboom_rosmaster_gazebo/share/yahboom_rosmaster_gazebo/models/cafe_table/materials/textures/Wood_Floor_Dark.jpg
[1.643s] -- Up-to-date symlink: /home/ziad/ziad_ws/ROS2/work_space/install/yahboom_rosmaster_gazebo/share/yahboom_rosmaster_gazebo/models/cafe_table/meshes/cafe_table.dae
[1.643s] -- Up-to-date symlink: /home/ziad/ziad_ws/ROS2/work_space/install/yahboom_rosmaster_gazebo/share/yahboom_rosmaster_gazebo/models/cafe_table/model-1_4.sdf
[1.644s] -- Up-to-date symlink: /home/ziad/ziad_ws/ROS2/work_space/install/yahboom_rosmaster_gazebo/share/yahboom_rosmaster_gazebo/models/cafe_table/model.config
[1.644s] -- Up-to-date symlink: /home/ziad/ziad_ws/ROS2/work_space/install/yahboom_rosmaster_gazebo/share/yahboom_rosmaster_gazebo/models/cafe_table/model.sdf
[1.653s] -- Up-to-date symlink: /home/ziad/ziad_ws/ROS2/work_space/install/yahboom_rosmaster_gazebo/share/yahboom_rosmaster_gazebo/models/cardboard_box/materials/textures/cardboard_box.png
[1.653s] -- Up-to-date symlink: /home/ziad/ziad_ws/ROS2/work_space/install/yahboom_rosmaster_gazebo/share/yahboom_rosmaster_gazebo/models/cardboard_box/meshes/cardboard_box.dae
[1.654s] -- Up-to-date symlink: /home/ziad/ziad_ws/ROS2/work_space/install/yahboom_rosmaster_gazebo/share/yahboom_rosmaster_gazebo/models/cardboard_box/meshes/cardboard_box.png
[1.654s] -- Up-to-date symlink: /home/ziad/ziad_ws/ROS2/work_space/install/yahboom_rosmaster_gazebo/share/yahboom_rosmaster_gazebo/models/cardboard_box/model.config
[1.654s] -- Up-to-date symlink: /home/ziad/ziad_ws/ROS2/work_space/install/yahboom_rosmaster_gazebo/share/yahboom_rosmaster_gazebo/models/cardboard_box/model.sdf
[1.654s] -- Up-to-date symlink: /home/ziad/ziad_ws/ROS2/work_space/install/yahboom_rosmaster_gazebo/share/yahboom_rosmaster_gazebo/models/cheezit_big_original/meshes/cheez_tex_0.jpg
[1.654s] -- Up-to-date symlink: /home/ziad/ziad_ws/ROS2/work_space/install/yahboom_rosmaster_gazebo/share/yahboom_rosmaster_gazebo/models/cheezit_big_original/meshes/cheezit_big_original.dae
[1.654s] -- Up-to-date symlink: /home/ziad/ziad_ws/ROS2/work_space/install/yahboom_rosmaster_gazebo/share/yahboom_rosmaster_gazebo/models/cheezit_big_original/model.config
[1.655s] -- Up-to-date symlink: /home/ziad/ziad_ws/ROS2/work_space/install/yahboom_rosmaster_gazebo/share/yahboom_rosmaster_gazebo/models/cheezit_big_original/model.sdf
[1.657s] -- Up-to-date symlink: /home/ziad/ziad_ws/ROS2/work_space/install/yahboom_rosmaster_gazebo/share/yahboom_rosmaster_gazebo/models/coke_can/materials/textures/coke_can.png
[1.658s] -- Up-to-date symlink: /home/ziad/ziad_ws/ROS2/work_space/install/yahboom_rosmaster_gazebo/share/yahboom_rosmaster_gazebo/models/coke_can/meshes/coke_can.dae
[1.658s] -- Up-to-date symlink: /home/ziad/ziad_ws/ROS2/work_space/install/yahboom_rosmaster_gazebo/share/yahboom_rosmaster_gazebo/models/coke_can/model-1_2.sdf
[1.658s] -- Up-to-date symlink: /home/ziad/ziad_ws/ROS2/work_space/install/yahboom_rosmaster_gazebo/share/yahboom_rosmaster_gazebo/models/coke_can/model-1_3.sdf
[1.660s] -- Up-to-date symlink: /home/ziad/ziad_ws/ROS2/work_space/install/yahboom_rosmaster_gazebo/share/yahboom_rosmaster_gazebo/models/coke_can/model-1_4.sdf
[1.668s] -- Up-to-date symlink: /home/ziad/ziad_ws/ROS2/work_space/install/yahboom_rosmaster_gazebo/share/yahboom_rosmaster_gazebo/models/coke_can/model.config
[1.668s] -- Up-to-date symlink: /home/ziad/ziad_ws/ROS2/work_space/install/yahboom_rosmaster_gazebo/share/yahboom_rosmaster_gazebo/models/coke_can/model.sdf
[1.669s] -- Up-to-date symlink: /home/ziad/ziad_ws/ROS2/work_space/install/yahboom_rosmaster_gazebo/share/yahboom_rosmaster_gazebo/models/ground_plane/model-1_2.sdf
[1.670s] -- Up-to-date symlink: /home/ziad/ziad_ws/ROS2/work_space/install/yahboom_rosmaster_gazebo/share/yahboom_rosmaster_gazebo/models/ground_plane/model-1_3.sdf
[1.670s] -- Up-to-date symlink: /home/ziad/ziad_ws/ROS2/work_space/install/yahboom_rosmaster_gazebo/share/yahboom_rosmaster_gazebo/models/ground_plane/model-1_4.sdf
[1.671s] -- Up-to-date symlink: /home/ziad/ziad_ws/ROS2/work_space/install/yahboom_rosmaster_gazebo/share/yahboom_rosmaster_gazebo/models/ground_plane/model.config
[1.671s] -- Up-to-date symlink: /home/ziad/ziad_ws/ROS2/work_space/install/yahboom_rosmaster_gazebo/share/yahboom_rosmaster_gazebo/models/ground_plane/model.sdf
[1.678s] -- Up-to-date symlink: /home/ziad/ziad_ws/ROS2/work_space/install/yahboom_rosmaster_gazebo/share/yahboom_rosmaster_gazebo/models/mustard/materials/scripts/mustard.material
[1.678s] -- Up-to-date symlink: /home/ziad/ziad_ws/ROS2/work_space/install/yahboom_rosmaster_gazebo/share/yahboom_rosmaster_gazebo/models/mustard/materials/textures/optimized_tsdf_texture_mapped_mesh.png
[1.678s] -- Up-to-date symlink: /home/ziad/ziad_ws/ROS2/work_space/install/yahboom_rosmaster_gazebo/share/yahboom_rosmaster_gazebo/models/mustard/meshes/mustard.dae
[1.678s] -- Up-to-date symlink: /home/ziad/ziad_ws/ROS2/work_space/install/yahboom_rosmaster_gazebo/share/yahboom_rosmaster_gazebo/models/mustard/meshes/texture_map.png
[1.679s] -- Up-to-date symlink: /home/ziad/ziad_ws/ROS2/work_space/install/yahboom_rosmaster_gazebo/share/yahboom_rosmaster_gazebo/models/mustard/model.config
[1.680s] -- Up-to-date symlink: /home/ziad/ziad_ws/ROS2/work_space/install/yahboom_rosmaster_gazebo/share/yahboom_rosmaster_gazebo/models/mustard/model.sdf
[1.680s] -- Up-to-date symlink: /home/ziad/ziad_ws/ROS2/work_space/install/yahboom_rosmaster_gazebo/share/yahboom_rosmaster_gazebo/models/red_cylinder/model.config
[1.680s] -- Up-to-date symlink: /home/ziad/ziad_ws/ROS2/work_space/install/yahboom_rosmaster_gazebo/share/yahboom_rosmaster_gazebo/models/red_cylinder/model.sdf
[1.681s] -- Up-to-date symlink: /home/ziad/ziad_ws/ROS2/work_space/install/yahboom_rosmaster_gazebo/share/yahboom_rosmaster_gazebo/models/sun/model-1_2.sdf
[1.681s] -- Up-to-date symlink: /home/ziad/ziad_ws/ROS2/work_space/install/yahboom_rosmaster_gazebo/share/yahboom_rosmaster_gazebo/models/sun/model-1_3.sdf
[1.681s] -- Up-to-date symlink: /home/ziad/ziad_ws/ROS2/work_space/install/yahboom_rosmaster_gazebo/share/yahboom_rosmaster_gazebo/models/sun/model-1_4.sdf
[1.681s] -- Up-to-date symlink: /home/ziad/ziad_ws/ROS2/work_space/install/yahboom_rosmaster_gazebo/share/yahboom_rosmaster_gazebo/models/sun/model.config
[1.684s] -- Up-to-date symlink: /home/ziad/ziad_ws/ROS2/work_space/install/yahboom_rosmaster_gazebo/share/yahboom_rosmaster_gazebo/models/sun/model.sdf
[1.688s] -- Up-to-date symlink: /home/ziad/ziad_ws/ROS2/work_space/install/yahboom_rosmaster_gazebo/share/yahboom_rosmaster_gazebo/rviz/yahboom_rosmaster_gazebo_sim.rviz
[1.689s] -- Up-to-date symlink: /home/ziad/ziad_ws/ROS2/work_space/install/yahboom_rosmaster_gazebo/share/yahboom_rosmaster_gazebo/worlds/cafe.world
[1.689s] -- Up-to-date symlink: /home/ziad/ziad_ws/ROS2/work_space/install/yahboom_rosmaster_gazebo/share/yahboom_rosmaster_gazebo/worlds/empty.world
[1.693s] -- Up-to-date symlink: /home/ziad/ziad_ws/ROS2/work_space/install/yahboom_rosmaster_gazebo/share/yahboom_rosmaster_gazebo/worlds/house.world
[1.693s] -- Up-to-date symlink: /home/ziad/ziad_ws/ROS2/work_space/install/yahboom_rosmaster_gazebo/share/yahboom_rosmaster_gazebo/worlds/pick_and_place_demo.world
[1.694s] -- Up-to-date symlink: /home/ziad/ziad_ws/ROS2/work_space/install/yahboom_rosmaster_gazebo/share/ament_index/resource_index/package_run_dependencies/yahboom_rosmaster_gazebo
[1.695s] -- Up-to-date symlink: /home/ziad/ziad_ws/ROS2/work_space/install/yahboom_rosmaster_gazebo/share/ament_index/resource_index/parent_prefix_path/yahboom_rosmaster_gazebo
[1.699s] -- Up-to-date symlink: /home/ziad/ziad_ws/ROS2/work_space/install/yahboom_rosmaster_gazebo/share/yahboom_rosmaster_gazebo/environment/ament_prefix_path.sh
[1.700s] -- Up-to-date symlink: /home/ziad/ziad_ws/ROS2/work_space/install/yahboom_rosmaster_gazebo/share/yahboom_rosmaster_gazebo/environment/ament_prefix_path.dsv
[1.700s] -- Up-to-date symlink: /home/ziad/ziad_ws/ROS2/work_space/install/yahboom_rosmaster_gazebo/share/yahboom_rosmaster_gazebo/environment/path.sh
[1.701s] -- Up-to-date symlink: /home/ziad/ziad_ws/ROS2/work_space/install/yahboom_rosmaster_gazebo/share/yahboom_rosmaster_gazebo/environment/path.dsv
[1.707s] -- Up-to-date symlink: /home/ziad/ziad_ws/ROS2/work_space/install/yahboom_rosmaster_gazebo/share/yahboom_rosmaster_gazebo/local_setup.bash
[1.708s] -- Up-to-date symlink: /home/ziad/ziad_ws/ROS2/work_space/install/yahboom_rosmaster_gazebo/share/yahboom_rosmaster_gazebo/local_setup.sh
[1.708s] -- Up-to-date symlink: /home/ziad/ziad_ws/ROS2/work_space/install/yahboom_rosmaster_gazebo/share/yahboom_rosmaster_gazebo/local_setup.zsh
[1.710s] -- Up-to-date symlink: /home/ziad/ziad_ws/ROS2/work_space/install/yahboom_rosmaster_gazebo/share/yahboom_rosmaster_gazebo/local_setup.dsv
[1.710s] -- Symlinking: /home/ziad/ziad_ws/ROS2/work_space/install/yahboom_rosmaster_gazebo/share/yahboom_rosmaster_gazebo/package.dsv
[1.783s] -- Up-to-date symlink: /home/ziad/ziad_ws/ROS2/work_space/install/yahboom_rosmaster_gazebo/share/ament_index/resource_index/packages/yahboom_rosmaster_gazebo
[1.783s] -- Up-to-date symlink: /home/ziad/ziad_ws/ROS2/work_space/install/yahboom_rosmaster_gazebo/share/yahboom_rosmaster_gazebo/cmake/yahboom_rosmaster_gazeboConfig.cmake
[1.783s] -- Up-to-date symlink: /home/ziad/ziad_ws/ROS2/work_space/install/yahboom_rosmaster_gazebo/share/yahboom_rosmaster_gazebo/cmake/yahboom_rosmaster_gazeboConfig-version.cmake
[1.783s] -- Up-to-date symlink: /home/ziad/ziad_ws/ROS2/work_space/install/yahboom_rosmaster_gazebo/share/yahboom_rosmaster_gazebo/package.xml
[1.799s] Invoked command in '/home/ziad/ziad_ws/ROS2/work_space/build/yahboom_rosmaster_gazebo' returned '0': CMAKE_PREFIX_PATH=${CMAKE_PREFIX_PATH}:/opt/ros/jazzy DEBUGINFOD_URLS=https://debuginfod.ubuntu.com /usr/bin/cmake --install /home/ziad/ziad_ws/ROS2/work_space/build/yahboom_rosmaster_gazebo
